parcel_id,parcel_label,reliable_IP_IP_mean,reliable_IP_IP_ci_lo,reliable_IP_IP_ci_hi,reliable_IP_IP_score,reliable_IP_IP_passes,reliable_IP_IP_theta_z,reliable_IP_IP_se_group_mean_z,reliable_IP_IP_sign_flip_p,reliable_IP_IP_t_epoch,reliable_IP_IP_df_epoch,reliable_IP_IP_p_epoch,reliable_IP_IP_cohens_d,reliable_IP_IP_pseudo_mean,reliable_IP_IP_pseudo_sd,reliable_IP_IP_pseudo_se,reliable_SP_SP_mean,reliable_SP_SP_ci_lo,reliable_SP_SP_ci_hi,reliable_SP_SP_score,reliable_SP_SP_passes,reliable_SP_SP_theta_z,reliable_SP_SP_se_group_mean_z,reliable_SP_SP_sign_flip_p,reliable_SP_SP_t_epoch,reliable_SP_SP_df_epoch,reliable_SP_SP_p_epoch,reliable_SP_SP_cohens_d,reliable_SP_SP_pseudo_mean,reliable_SP_SP_pseudo_sd,reliable_SP_SP_pseudo_se,reliable_IT_IT_mean,reliable_IT_IT_ci_lo,reliable_IT_IT_ci_hi,reliable_IT_IT_score,reliable_IT_IT_passes,reliable_IT_IT_theta_z,reliable_IT_IT_se_group_mean_z,reliable_IT_IT_sign_flip_p,reliable_IT_IT_t_epoch,reliable_IT_IT_df_epoch,reliable_IT_IT_p_epoch,reliable_IT_IT_cohens_d,reliable_IT_IT_pseudo_mean,reliable_IT_IT_pseudo_sd,reliable_IT_IT_pseudo_se,reliable_IT_IP_mean,reliable_IT_IP_ci_lo,reliable_IT_IP_ci_hi,reliable_IT_IP_score,reliable_IT_IP_passes,reliable_IT_IP_theta_z,reliable_IT_IP_se_group_mean_z,reliable_IT_IP_sign_flip_p,reliable_IT_IP_t_epoch,reliable_IT_IP_df_epoch,reliable_IT_IP_p_epoch,reliable_IT_IP_cohens_d,reliable_IT_IP_pseudo_mean,reliable_IT_IP_pseudo_sd,reliable_IT_IP_pseudo_se,select_IP_IP_mean,select_IP_IP_t,select_IP_IP_p_perm,select_IP_IP_ci_lo,select_IP_IP_ci_hi,select_IP_IP_passes,evolve_IP_IP_slope,evolve_IP_IP_t,evolve_IP_IP_p_t,evolve_IP_IP_p_perm,evolve_IP_IP_passes,select_SP_SP_mean,select_SP_SP_t,select_SP_SP_p_perm,select_SP_SP_ci_lo,select_SP_SP_ci_hi,select_SP_SP_passes,evolve_SP_SP_slope,evolve_SP_SP_t,evolve_SP_SP_p_t,evolve_SP_SP_p_perm,evolve_SP_SP_passes,select_IT_IT_mean,select_IT_IT_t,select_IT_IT_p_perm,select_IT_IT_ci_lo,select_IT_IT_ci_hi,select_IT_IT_passes,evolve_IT_IT_slope,evolve_IT_IT_t,evolve_IT_IT_p_t,evolve_IT_IT_p_perm,evolve_IT_IT_passes,select_IT_IP_mean,select_IT_IP_t,select_IT_IP_p_perm,select_IT_IP_ci_lo,select_IT_IP_ci_hi,select_IT_IP_passes,evolve_IT_IP_slope,evolve_IT_IP_t,evolve_IT_IP_p_t,evolve_IT_IP_p_perm,evolve_IT_IP_passes
1,1_17Networks_LH_VisCent_ExStr_1,0.008961643532996237,-0.004853745490910189,0.024559623470454844,0.032396760323967606,True,0.00896188345090551,0.007789193008766096,0.032396760323967606,1.1505535221453165,16,0.266821857786707,0.5438475865366094,0.01585199301279268,0.03433399206349132,0.007876757985951903,0.009740765611784857,-0.004532224868890663,0.02565918819890526,0.140985901409859,False,0.009741073705436795,0.007963063589619008,0.140985901409859,1.2232821697086127,16,0.23893467788821315,0.3709936576520374,0.013662566016983027,0.05319805419651468,0.012204470643979332,0.020291182605167088,0.007503933977310694,0.035673495152576735,0.006299370062993701,True,0.020293968137019645,0.007387666752208245,0.006299370062993701,2.747006438934672,16,0.014321924759187468,0.8441512844269463,0.028947378187044136,0.047270130908121204,0.01084451177244415,0.020475743113043742,0.009881632257276106,0.03138841075272277,0.00039996000399960006,True,0.020478605359520712,0.005673200273817099,0.00039996000399960006,3.609709576803306,16,0.002350500274975408,0.97469566181572,0.020478605359520653,0.021010255982233435,0.004820083294972443,0.0034793977380691886,0.9227830832419254,0.2595740425957404,-0.0036779446641862115,0.010918150959298394,False,0.0004244106315230281,0.5406348703882561,0.5953867079250293,0.613038696130387,False,0.0053926732775831905,1.0976635100616854,0.1685831416858314,-0.0038198717269312898,0.014940064567427202,False,-0.00046786153849651287,-0.6920206313932247,0.4977548414969063,0.5945405459454055,False,0.013353115370020631,2.4352130923387088,0.0065993400659934,0.003786422529206484,0.023997988660283177,True,0.0002051917448840142,0.1908030065821582,0.8508154822779198,0.7968203179682032,False,0.01988974523830612,4.128138357887819,0.00039996000399960006,0.011061387264512603,0.029384534135130168,True,0.0013111008412591161,1.2772332071108121,0.21774977973671517,0.1494850514948505,False
2,2_17Networks_LH_VisCent_ExStr_2,0.009522159747155791,-0.0075649864159494234,0.027702348509906174,0.20327967203279673,False,0.009522447559066251,0.009410602149198996,0.20327967203279673,1.0118850428584718,16,0.3266515855435916,0.34983507348125853,0.010772676806862898,0.056328428756840215,0.012922627821026152,0.0027387717803059237,-0.011624347620996065,0.017199345263603127,0.30146985301469853,False,0.002738778628061226,0.007621452822621893,0.30146985301469853,0.3593512538622586,16,0.7240309485846039,0.1613483652068635,0.004072023453373807,0.03376361043354626,0.007745903465731771,0.0269700350786749,0.010221911172791724,0.043369983727580275,0.000999900009999,True,0.026976577113857213,0.008829958478761458,0.000999900009999,3.0551193619702173,16,0.0075574279472381154,1.291949687177681,0.03719281384381895,0.04300273852956258,0.009865504818203481,0.013235957019096564,0.0032615718787372843,0.023212721594579724,0.0072992700729927005,True,0.013236730038586499,0.005181118640907551,0.0072992700729927005,2.5548015700848508,16,0.021196436658377962,0.6276593892953,0.013236730038586532,0.021089033740812738,0.0048381561522695925,0.002093698907832547,0.33668934406196954,0.34796520347965204,-0.010191551707264379,0.01365580777521113,False,0.00057186767757182,0.8313880557276734,0.41664746987609325,0.5094490550944906,False,-0.003271746266716702,-0.8333894667952743,0.7384261573842615,-0.010500084029444835,0.0046209703999405445,False,0.00024127211708942342,0.48118329059656884,0.6361836189078119,0.7729227077292271,False,0.017388024014232655,3.668181418456202,0.0005999400059994001,0.008622034954474764,0.02674889831822154,True,0.0007291083044320306,0.8858449771318265,0.3873827603572238,0.3912608739126087,False,0.009853415732346878,2.0419663025825323,0.036396360363963605,0.00026179106728445046,0.018669075837549093,True,-0.001176412086375859,-1.1782169968513165,0.25405248009068565,0.14928507149285072,False
3,3_17Networks_LH_VisCent_ExStr_3,0.0200640954481522,0.003960498993909949,0.034884826585200424,0.047495250474952504,True,0.020066788485758703,0.008162237752942121,0.047495250474952504,2.4584910527171946,16,0.025731549428074776,0.5440141457289444,0.030284572395462853,0.07552750610616203,0.017327198240758495,0.003932085218493013,-0.015709636726354597,0.026249506257138313,0.45495450454954506,False,0.003932105483723091,0.011130795970777898,0.45495450454954506,0.3532636384716958,16,0.7285022081912715,0.12839760528068267,0.0019330484434844225,0.06473432084542867,0.014851071723366421,0.03509927300612248,0.012694841889521774,0.05943399755115683,0.004299570042995701,True,0.03511369729105571,0.012543831880353884,0.004299570042995701,2.799279966917501,16,0.012860453668932029,1.0540531901884391,0.048616839111290944,0.06882646159101759,0.01578987319561733,0.021549315415004232,0.0014998714628031515,0.04237956611823074,0.017598240175982403,True,0.021552651984746762,0.010898731171966786,0.017598240175982403,1.977537719269882,16,0.06547080147835527,0.5150621885351083,0.02155265198474673,0.04184475673907418,0.009599845575929838,0.015739019035089268,1.95635433083615,0.017698230176982303,-0.0001538711894925193,0.030706931073588167,True,-7.023158360616358e-05,-0.05088107385200913,0.9599806714169346,0.9598040195980402,False,0.008178623129084829,1.227734322573947,0.10118988101189881,-0.00412990812687229,0.02122830716733581,False,-7.732946957078702e-05,-0.07367296030147134,0.9420831537335874,0.9476052394760524,False,0.023050204543711796,3.6412533974264916,0.00039996000399960006,0.010861001736447435,0.03496335631899364,True,-0.0015458141523716088,-1.4284034761992515,0.17029858042962143,0.1494850514948505,False,0.019714289884368255,2.4423823306157653,0.0047995200479952005,0.004889087671640995,0.03530799581670282,True,-0.000160134608554593,-0.1591572709595627,0.8753171719502146,0.8854114588541145,False
4,4_17Networks_LH_VisCent_ExStr_4,0.011005573835865095,-0.00669721590184196,0.028165755250432682,0.08399160083991601,False,0.011006018209602387,0.009096351614500097,0.08399160083991601,1.2099376404995354,16,0.24387610040767657,0.6103847219385342,0.011966312052148048,0.03699072852964248,0.008486255132034656,-0.0001293141738338189,-0.019774522126525428,0.01946041706767262,0.5070492950704929,False,-0.00012931417455462282,0.01028483949366276,0.5070492950704929,-0.012573280762845505,16,0.9901236820370497,-0.004758998120116099,-0.0003216065451660956,0.05966380231933494,0.01368781499459835,0.01482072139851906,0.0034515519491082622,0.027120400179785273,0.11118888111188881,False,0.014821806684061098,0.006291408197489979,0.11118888111188881,2.3558806262124925,16,0.03156620978880752,0.37814903871027916,0.023822027296482577,0.08222651956400875,0.01886405732939917,0.018578501188546138,0.0015316708061174076,0.03594685154594946,0.014998500149985002,True,0.01858063915419342,0.009126867052853194,0.014998500149985002,2.0358178821488186,16,0.058676321635504465,0.5560341079930351,0.018580639154193387,0.03341636580759209,0.007666240085035885,0.0024936280519609944,0.5000396225465056,0.34996500349965004,-0.007127554121480989,0.011864759668459547,False,0.0006839464410238966,0.6887400603132257,0.49976872486961094,0.46465353464653536,False,0.0019922207512358507,0.36237234358340537,0.38206179382061795,-0.008252726278880356,0.012339567585871515,False,-0.0012493411036973562,-1.217810266591102,0.23901990759433125,0.19708029197080293,False,0.0008739509647259407,0.10792973935698405,0.45065493450654937,-0.015156176367507584,0.015844556600202488,False,3.709667910974841e-05,0.029185214088248364,0.9770380326805463,0.9731026897310269,False,0.010993126881149576,1.484802896298278,0.046295370462953706,-0.0030409142187866277,0.02522289290735744,True,0.0001616933217682262,0.15153891656078625,0.8812361063994869,0.8761123887611239,False
5,5_17Networks_LH_VisCent_ExStr_5,0.011579382394135584,-0.0022553531051042073,0.02630603705313803,0.14778522147785222,False,0.011579899965064113,0.007533340829891589,0.14778522147785222,1.5371533329696383,16,0.14379479969411954,0.31212508023342744,0.019729987278350618,0.08067391878471686,0.018507866282209913,-0.007259565423731764,-0.02240142438052982,0.011352983129066744,0.7889211078892111,False,-0.007259692957252396,0.009096754517446709,0.7889211078892111,-0.7980530796262555,16,0.4365250402679172,-0.30611096144328026,-0.009826868488258103,0.0518535160207927,0.01189601243167909,0.03586109847398929,0.016953864955956213,0.05788445304504528,0.0038996100389961006,True,0.03587648302392338,0.01075066876066514,0.0038996100389961006,3.337139653598975,16,0.004179077917936983,0.9079094038661257,0.05210836511880382,0.07558697829015859,0.01734084209549495,-0.0027860971465149134,-0.020548674377551528,0.015226035421262668,0.6442355764423557,False,-0.002786104355423765,0.00958372956777418,0.6442355764423557,-0.2907119129062443,16,0.7750061133434551,-0.08757245235303271,-0.002786104355423784,0.03181484908281527,0.007298826950315233,0.009160044367977398,1.0862321567740842,0.08189181081891811,-0.007223087946673811,0.024709454930065128,False,0.0010810006022472778,1.2759267475764762,0.2182010382746914,0.37206279372062795,False,-0.00365653502219365,-0.6804198490348885,0.7233276672332767,-0.013913143907114237,0.00650174223003837,False,2.3029153206171273e-05,0.026764089924618695,0.9789423918575111,0.9781021897810219,False,0.01956398344938057,2.927244674164192,0.0023997600239976003,0.006403161357375842,0.03197312794818184,True,0.0018084242476225974,1.633490019952807,0.11973489844185879,0.08639136086391361,False,-0.004725251176109419,-0.7138015577954169,0.7194280571942806,-0.01815832942950637,0.007113157198376904,False,-0.0011844796021126716,-1.1825259812630022,0.25238258649474477,0.28587141285871415,False
6,6_17Networks_LH_VisCent_ExStr_6,0.01318760423726882,-0.008497709254016585,0.031558040205081336,0.14978502149785022,False,0.013188368815242303,0.010628235368733592,0.14978502149785022,1.2408803867893416,16,0.232536930420013,0.3890015216169277,0.016950285390435443,0.06837332838469017,0.015685917308546606,0.011989913311679352,-0.005987519814778694,0.031727381482388746,0.14258574142585742,False,0.01199048790997947,0.009916472025960408,0.14258574142585742,1.209148563984195,16,0.244170738222467,0.33512621692905853,0.018764309389825488,0.07305667226226178,0.0167603500811879,0.02346946293519436,0.006598642282810586,0.04034514686148319,0.015598440155984402,True,0.023473773476016015,0.008908604774405414,0.015598440155984402,2.6349550878558006,16,0.018013288009271464,0.6594237171439841,0.03976141750296429,0.07422510140659516,0.017028406110810895,0.005931980210120216,-0.004280450417662984,0.016171356238552214,0.18318168183181682,False,0.005932049790532089,0.005432692447236243,0.18318168183181682,1.0919171015377256,16,0.29103930326160377,0.21046531096008603,0.005932049790532097,0.028185403872361077,0.006466175113815889,0.0071346594382518435,1.065298328417015,0.14878512148785122,-0.005357416697773994,0.020131835116340296,False,-0.000542321721587591,-0.4124275331241235,0.6848966287925546,0.6675332466753324,False,0.0033693561438171483,0.5313761483857036,0.3190680931906809,-0.00867060985109813,0.015632617296881285,False,0.0005228850196167288,0.551077968266378,0.5883559385025849,0.5834416558344165,False,0.022916789902636504,2.8376333023189586,0.0005999400059994001,0.007252458308924446,0.03777959240275337,True,-0.0012792308620391427,-0.9328999049744053,0.36321755206676515,0.24327567243275672,False,0.0042119991573163,0.6837837385680037,0.27887211278872115,-0.007651084426916268,0.01586295132595472,False,0.00026006385555392165,0.20718811272919568,0.8381888057723258,0.8083191680831917,False
7,7_17Networks_LH_VisCent_ExStr_7,0.0021875705349940406,-0.013815888831533228,0.017574560150538425,0.38846115388461155,False,0.002187574024518024,0.008282727189629907,0.38846115388461155,0.26411277039969383,16,0.7950647274731374,0.06608285851310135,0.004571847854017669,0.07143350666868918,0.016387970355344995,-0.011506809628839949,-0.029845350912944275,0.0066502747491256125,0.9943005699430058,False,-0.011507317528630271,0.009435232321732196,0.9943005699430058,-1.2196114664951525,16,0.2402861487192741,-0.7556426996411394,-0.021124772916271142,0.03173613359407532,0.007280768378698978,0.03840613986361404,0.02087560972953677,0.05637492074950412,0.0082991700829917,True,0.03842504001647428,0.009351683015307526,0.0082991700829917,4.108890341297639,16,0.0008211046510522052,0.9508542438162804,0.04993061318619209,0.07953182859042948,0.018245852822141105,-0.003456219206299934,-0.023025257122368095,0.01577307340501919,0.6928307169283072,False,-0.003456232968431195,0.01004662114120145,0.6928307169283072,-0.34401943895914383,16,0.7353112877457222,-0.11469044106016396,-0.003456232968431159,0.03013531848411095,0.006913516205455418,-0.000983263725398889,-0.14394782498173941,0.5565443455654434,-0.014532750148194542,0.01199927142870321,False,0.000508058847470705,0.5145565620528939,0.6131232015751757,0.5963403659634037,False,-0.011808683128097859,-3.2030052529208843,0.9875012498750125,-0.018810679442770453,-0.004972503654604604,False,0.0008604938019904998,0.7848742410571475,0.44273555033735307,0.37336266373362664,False,0.019173539388125393,2.5127371297873378,0.0017998200179982,0.004258948266225124,0.033565464714392416,True,0.0011829029984006404,1.5115752697169156,0.14799955802190462,0.2832716728327167,False,-0.010946995585476156,-1.703252662175498,0.9493050694930507,-0.022821364935471558,0.0014080713655879264,False,0.00013387431761623903,0.13322482744536357,0.8954937013644102,0.8973102689731027,False
8,8_17Networks_LH_VisCent_ExStr_8,0.04227411075574605,0.023761691676924542,0.06075333869481641,0.0032996700329967,True,0.04229932048664477,0.009771743469576164,0.0032996700329967,4.3287383278471845,16,0.0005186651349451186,0.9489982094481885,0.06023182918702057,0.08550295418607287,0.019615722982698928,0.03775453035839028,0.010756379351694188,0.06780459609158644,0.006799320067993201,True,0.037772484209070874,0.014885187419923965,0.006799320067993201,2.5375887547450056,16,0.02194679598107816,0.8594818265034506,0.05127456145596652,0.08367360940988143,0.01919604250836669,0.03404621815840637,0.015049863431190035,0.052735518097742407,0.0065993400659934,True,0.03405938214918954,0.009896471372248214,0.0065993400659934,3.4415682992525203,16,0.0033527249652040977,0.9377090934629205,0.04518297010897989,0.07292005049423901,0.01672900689801426,-0.0009041821969163345,-0.01760651990149919,0.014305784739411374,0.5440455954404559,False,-0.0009041824433198009,0.008227671887336557,0.5440455954404559,-0.10989529671345502,16,0.9138589974944197,-0.0230216401273053,-0.0009041824433197507,0.0392753269671425,0.00901037795917326,0.0012478606537913762,0.26754663930457656,0.43585641435856415,-0.007454295070318523,0.009992962443424847,False,0.0011608468389500215,1.906175314493603,0.07272286452987926,0.1790820917908209,False,-0.00611710761618,-1.4461419998290626,0.7805219478052194,-0.013966212424469743,0.002054772531956695,False,0.000493492232597394,0.4239863555307132,0.6765994959589686,0.5288471152884712,False,0.022790077815115457,3.398467806906539,0.00029997000299970003,0.009871321241029305,0.03606032414237989,True,-0.0016190585671242656,-1.4990406416071471,0.15119719037705817,0.0598940105989401,False,0.0009070975594571936,0.250787033727984,0.44955504449555045,-0.0059651450849064,0.007749010762044737,False,0.0007116769004415979,0.6928474879184121,0.49724798967587625,0.46185381461853814,False
9,9_17Networks_LH_VisCent_ExStr_9,0.009335651414620665,-0.008164728272023875,0.027013914660714865,0.102989701029897,False,0.009335922643130531,0.009299415043814313,0.102989701029897,1.0039257952402614,16,0.33035659700693065,0.2754992045118604,0.020448664723303832,0.0702232258367466,0.016110312890095416,0.007957595461174187,-0.01050973515774157,0.025949944264245857,0.23837616238376164,False,0.007957763434692143,0.00940519361503692,0.23837616238376164,0.8461030958437005,16,0.40997148369580994,0.22480124838511586,0.012453912176405771,0.07629129031466463,0.017502422355470865,0.03369098690604894,0.022161610576269156,0.044978661669142134,0.0024997500249975004,True,0.033703742945661794,0.005981460232585692,0.0024997500249975004,5.634701500153951,16,3.7274731957793864e-05,0.9388824333377886,0.053530356306509985,0.07346860794395796,0.0168548546079117,-0.013262933272363619,-0.028814105368470594,0.001682290155668508,0.9361063893610639,False,-0.013263711028308488,0.007961197237642692,0.9361063893610639,-1.6660447709540565,16,0.1151583938551919,-0.36988516754345974,-0.013263711028308504,0.03585899677026132,0.008226618059911603,0.007370389570745522,0.9770205983923032,0.19158084191580843,-0.007384140189894734,0.021786994957468196,False,0.0007049598398214908,0.6160107446240002,0.5455992260273888,0.6265373462653735,False,0.0011088334021010973,0.17273774898507427,0.44375562443755623,-0.011010303344691313,0.01358957631596972,False,-0.0012527642245735032,-0.9400986988359327,0.35961268075980596,0.2990700929907009,False,0.013619273412354492,1.996141226673167,0.038696130386961305,0.0011420488195416534,0.0268168726820139,True,-0.0003680753280433865,-0.2538996152215937,0.8024507092686579,0.7818218178182181,False,-0.011504828077728974,-1.891486227529171,0.9217078292170783,-0.023269666067745432,6.656837913884549e-05,False,-0.0001731761953798383,-0.2318464179151746,0.8192726381505118,0.8745125487451255,False
10,10_17Networks_LH_VisCent_ExStr_10,0.028279882644743046,0.005779899018840426,0.0520148500434706,0.020397960203979604,True,0.028287425226384968,0.012008335682802993,0.020397960203979604,2.3556491068862337,16,0.03158068175654213,0.6977441395209989,0.04327959116609647,0.08528034337176396,0.019564652559366725,0.018420496355122037,7.176348611522075e-05,0.03522636979670235,0.0197980201979802,True,0.01842258022770368,0.00923965691374012,0.0197980201979802,1.9938597720341553,16,0.06349953426963985,0.7911730770811333,0.02373683607816918,0.046722946222231124,0.010718978996167944,0.07886218304384703,0.0597875401668471,0.0980631938967561,0.00029997000299970003,True,0.07902628354643175,0.010164245961721781,0.00029997000299970003,7.774928297095737,16,8.014217031127673e-07,1.460917913123643,0.10506801232945376,0.09530535045087012,0.02186454691547744,0.007015985999944848,-0.01384328797631042,0.027274635188829412,0.23217678232176783,False,0.007016101121782484,0.010887095999082826,0.23217678232176783,0.6444419266968483,16,0.5284206976008394,0.17200018428363326,0.007016101121782502,0.04079124188735014,0.00935815269307803,0.007133280751992185,1.049138943632306,0.1865813418658134,-0.005835933389231761,0.020180175193810795,False,0.0009429049897693344,0.7873108376443095,0.44134421151500314,0.42285771422857715,False,-0.0027623235174323783,-0.6968057278052321,0.6639336066393361,-0.010208038049486511,0.004956919275847882,False,-0.00010091180059699985,-0.12147695364022851,0.9046591187417116,0.9219078092190781,False,0.05976987361174542,6.60207646491991,9.999000099990002e-05,0.04304416520301261,0.07750170774570775,True,-0.002393046652378649,-1.371560589277592,0.18705651938745055,0.07239276072392761,False,0.005798449677408536,0.7599302185869403,0.24547545245475452,-0.008918794587507254,0.020380136823153965,False,0.0019851791653601055,1.96952832447784,0.06448012992892871,0.0678932106789321,False
11,11_17Networks_LH_VisCent_ExStr_11,0.02331237829346931,0.006485697609753531,0.045040608538340736,0.004199580041995801,True,0.023316602840385066,0.010113398028058775,0.004199580041995801,2.3055161851333352,16,0.03486520527065241,0.8380120996360416,0.03495993023581684,0.05252507873846269,0.012050079485393458,0.003884113514154294,-0.011900433651376907,0.021154074310946847,0.35876412358764126,False,0.0038841330466805966,0.008618127218092256,0.35876412358764126,0.45069339873824765,16,0.658258120247936,0.1447758263106442,0.004496412845603914,0.05675762423151865,0.013021092015823429,0.03966768390725464,0.024150519640385212,0.05635210520393224,9.999000099990002e-05,True,0.039688509605360474,0.00843543097085029,9.999000099990002e-05,4.704977106979975,16,0.00023840611911912551,1.38810120969175,0.05829510831416738,0.05777796434358413,0.013255174091430502,-0.009513875231799822,-0.023647994612716383,0.0038746382363554154,0.8726127387261274,False,-0.00951416229312598,0.007273819174150699,0.8726127387261274,-1.3080009366931866,16,0.2093542740260884,-0.26840242011903487,-0.009514162293125988,0.035447378935355746,0.00813218645224253,0.01045718596112701,1.753188728079893,0.09269073092690731,-0.0010617703410158524,0.02177109002904596,False,-1.4318677517503911e-05,-0.01493100838473689,0.9882514737456519,0.9881011898810119,False,-0.007896995168712206,-1.5422750946732022,0.8973102689731027,-0.017743438345403192,0.0016561437163490303,False,-0.0006567120695484275,-0.9031704334538165,0.37836387212297046,0.43775622437756223,False,0.006190582137252141,1.3094204959982094,0.2074792520747925,-0.002817312574732705,0.015230040539709434,False,0.0006379794623007425,0.7563321725479696,0.45923527093229194,0.5248475152484752,False,-0.009093734241993124,-1.4570358724773698,0.8896110388961104,-0.021521272668395867,0.0026203479259394157,False,-0.0009199245655250807,-0.8878565951604508,0.38632835205739974,0.4336566343365663,False
12,12_17Networks_LH_VisCent_ExStr_12,0.003615964981686289,-0.010890528316066765,0.01953089846833366,0.293970602939706,False,0.0036159807416350173,0.008045118197360706,0.293970602939706,0.4494627242171881,16,0.6591267973694487,0.14213912292916042,0.0067531038049286,0.05414422249598822,0.012421536538768116,0.007739889698345157,-0.002965610174965287,0.018133892119183252,0.11178882111788821,False,0.007740044258900834,0.005515831646619865,0.11178882111788821,1.4032415698626302,16,0.17965346615043468,0.3323510319086105,0.01282460660209497,0.04422340960966205,0.01014554596985907,0.056850822847092156,0.03146021539740302,0.08253490345989788,9.999000099990002e-05,True,0.056912189484687785,0.013425066849770368,9.999000099990002e-05,4.239248126027862,16,0.0006250680426148986,1.675602762566085,0.0812982587244637,0.0641247322604943,0.014711222510794585,-0.0005286858362290642,-0.01413623166564511,0.012277310957598122,0.5329467053294671,False,-0.0005286858854865051,0.007005785477231586,0.5329467053294671,-0.07546418416674447,16,0.9407809081706844,-0.019814265764211605,-0.000528685885486468,0.02668208308992278,0.00612128967326994,-0.003075541323250263,-0.5291778503049535,0.677032296770323,-0.014416334944997698,0.007706184262779852,False,-0.0002324061950438653,-0.22718897897145757,0.8228371596626604,0.82001799820018,False,0.003173905729620624,0.6987849074136373,0.2870712928707129,-0.005386069537058461,0.011991317178541485,False,-0.0003936781438215329,-0.44750417051832275,0.6598498032673356,0.6773322667733227,False,0.025259172252148493,5.005858949022126,0.0008999100089991,0.015533995147074067,0.034530789554867644,True,0.0008005786247920751,0.7097532195101155,0.48695066338145426,0.40335966403359663,False,-0.007814023989683361,-1.4372229222723787,0.8744125587441256,-0.017772093974765323,0.0029083083247161646,False,-0.00027019562775938336,-0.24827264336936747,0.8067338296768589,0.7711228877112288,False
13,13_17Networks_LH_VisPeri_ExStrSup_1,0.021042952937509053,0.008032177359554062,0.03421996348692669,0.0012998700129987,True,0.02104605974399403,0.006896000938831898,0.0012998700129987,3.0519224012111263,16,0.0076081145763361845,1.063822767879868,0.032812858402960575,0.04013680530473509,0.009208014644205656,0.006240526297868455,-0.0044036210920397265,0.018003623450306913,0.11428857114288571,False,0.006240607310463949,0.00598752621454495,0.11428857114288571,1.0422680564310869,16,0.3127809233238148,0.30941625589818705,0.01186317344867242,0.04197174404176244,0.009628978461168307,0.03783030347614338,0.021374018264957117,0.055802057781545525,0.0007999200079992001,True,0.037848365705881334,0.009196012894185162,0.0007999200079992001,4.115736476382463,16,0.0008094038671211261,1.2870002480509484,0.0531626078908678,0.05891619230297766,0.013516301494046761,0.007613026912039989,-0.004526749422834781,0.01923042057744468,0.08769123087691232,False,0.007613173996213094,0.006249117458595394,0.08769123087691232,1.2182798685823224,16,0.24077786971570708,0.323928330368671,0.007613173996213126,0.02350264945195855,0.005391877571923626,0.015228463816011412,3.4726856431420536,0.0010998900109989002,0.006819793284807763,0.023508355717666626,True,0.0006015097153932676,0.8567080145185696,0.4028681820865912,0.45785421457854214,False,-0.0018582819090585732,-0.42818177345874586,0.6287371262873712,-0.010088653396771178,0.00661793791174312,False,0.0007928011566455092,0.8568109810462713,0.4028127580519578,0.33736626337366266,False,0.027132452290845693,4.525325545475256,9.999000099990002e-05,0.015806573179769697,0.03862298374816816,True,-0.0017657107016517692,-1.9901803289800237,0.061979618812519593,0.05699430056994301,False,0.006049816310730581,1.1921207529588174,0.11078892110788921,-0.004224298314772926,0.015402679385603949,False,-3.1063197565393675e-05,-0.044073693289783104,0.9653309180216426,0.9683031696830317,False
14,14_17Networks_LH_VisPeri_ExStrSup_2,0.006334858540608577,-0.006575821954783404,0.020868734780911242,0.21027897210278973,False,0.0063349432828538705,0.007121199371336687,0.21027897210278973,0.8895893728734025,16,0.3868665882809624,0.2656172608879886,0.009328347600952492,0.04842393607202997,0.011109212830865923,0.009542342184294306,-0.008914052589906924,0.02804251167537807,0.07439256074392561,False,0.0095426318302252,0.009884574857229671,0.07439256074392561,0.9654064001797341,16,0.34870755244095797,0.5472330547057154,0.012197765926609812,0.036032540976683354,0.0082664318313869,0.00982523603291104,-0.0042713365311161195,0.02386906756723598,0.09219078092190781,False,0.009825552211806516,0.007350871003318035,0.09219078092190781,1.3366514263917106,16,0.20003377494199265,0.38744503207546893,0.016913407585620578,0.05360489714529733,0.012297806817644367,0.010889653101191556,0.0013154087608570608,0.020613295464030137,0.043795620437956206,True,0.010890083580005703,0.005045920208513377,0.043795620437956206,2.158195756173902,16,0.04645305337264625,0.42597309673710493,0.010890083580005736,0.025565191002488732,0.0058650570553770345,0.0005974124288712833,0.11497456261100548,0.45565443455654436,-0.009160955826938792,0.010736270381067014,False,-0.000336349749315556,-0.46943956966694017,0.6443919298240074,0.6934306569343066,False,0.0020207398485306365,0.5796419745210668,0.3671632836716328,-0.004448449703993513,0.008842568176423482,False,0.0005317426134961875,0.60468417578161,0.552935799091834,0.5774422557744225,False,0.0051856770520883975,1.0927319424771986,0.16578342165783422,-0.003992758829296814,0.014067328261984577,False,-0.002065684907882011,-2.239708338991687,0.03797147010762006,0.044495550444955505,True,0.01135395632252007,2.106880763200454,0.0217978202179782,0.0006837911537472721,0.02131484920083781,True,-0.0006978143134938957,-0.7826335942319976,0.4440173977513009,0.43865613438656137,False
15,15_17Networks_LH_VisPeri_ExStrSup_3,0.008609471214436299,-0.009980460179088909,0.02541585907657133,0.1673832616738326,False,0.008609683943826685,0.009243335583552269,0.1673832616738326,0.9314477296644829,16,0.3654646411565477,0.3420488520047342,0.012462703203897725,0.055122657019823024,0.012646004813097972,0.003113534275091169,-0.013522175063658864,0.017959432267226474,0.3397660233976602,False,0.003113544336116079,0.008350639452401705,0.3397660233976602,0.37285100786151165,16,0.7141525381056675,0.13996613931173155,0.0047865728386005625,0.046061091988644,0.010567139221454216,0.01696663659154329,0.0037173408695889867,0.029739052188998232,0.036896310368963105,True,0.016968264916349125,0.0067884302300423235,0.036896310368963105,2.4995859633727626,16,0.023693953486630105,0.5948962520906844,0.02437830991960535,0.054951806862341974,0.012606809098837555,0.02090329504921148,0.00837314931226163,0.03426108098734708,0.00019998000199980003,True,0.02090634039685007,0.006763023633510417,0.00019998000199980003,3.091271231592372,16,0.007006807586597096,1.0339929899156153,0.020906340396850062,0.0202190349458329,0.004638564740252788,0.002594244028378316,0.3982070583327873,0.34796520347965204,-0.010145198925690884,0.014738450245813264,False,-0.002094801029829904,-2.261206938339722,0.03636654027238117,0.0226977302269773,True,0.003511240984562361,0.722160316702166,0.27847215278472154,-0.005241895503195541,0.01338495638894808,False,0.0006324240017102551,0.8391724042562572,0.4123793573012189,0.45735426457354267,False,0.0019227147993109983,0.3693648387425123,0.37916208379162086,-0.008057978914181283,0.011641238761790417,False,-0.0003247312945233304,-0.3500080488109183,0.7303947290185594,0.6868313168683132,False,0.012102102049119717,1.9924861530586724,0.0313968603139686,0.0008938525605816362,0.024147764255300817,True,-0.0013738726427522244,-1.6771018465461738,0.1108023324485071,0.13538646135386462,False
16,16_17Networks_LH_VisPeri_ExStrSup_4,0.0070079901866309515,-0.009077940600640658,0.021971977525519465,0.39376062393760625,False,0.007008104915311248,0.008255582371534075,0.39376062393760625,0.848892858179911,16,0.40846271352952723,0.33554928475219,0.0026904120054287387,0.04260898177281024,0.00977517082288665,0.003181599944735615,-0.009619832991488306,0.016535368324360884,0.5667433256674332,False,0.0031816106801322397,0.006959720706350782,0.5667433256674332,0.4571463158326174,16,0.653711596084962,0.09124807474693948,-0.003027288149339838,0.07946397618210649,0.0182302864120908,0.022902361570449597,0.009321253347692045,0.03613632596412663,0.0105989401059894,True,0.022906367065990498,0.007097214254275218,0.0105989401059894,3.227515225736938,16,0.0052642165392215974,0.7637634590241773,0.0374113694331949,0.06602120177849308,0.015146302457029425,0.009105110096299664,-0.000810513934130905,0.020466413837982825,0.0776922307769223,False,0.009105361722554212,0.0055776097662936725,0.0776922307769223,1.6324845416004663,16,0.12209938858491004,0.3486876833201636,0.009105361722554203,0.026113230142957772,0.005990785856977531,-0.0007847191218880438,-0.1609632930690721,0.5504449555044496,-0.010641825783544447,0.00833957173552264,False,0.00016797821722581462,0.12031535989091398,0.9055661385366457,0.8698130186981302,False,-0.005539773588092986,-0.7736839987859535,0.8029197080291971,-0.019679680472324095,0.007699471216888844,False,-0.0007122001438953587,-0.6662779409003817,0.5136831282375609,0.5043495650434956,False,0.022471085709930234,3.5567537969213308,0.00029997000299970003,0.011216699092230567,0.03562214202219288,True,-0.001612652265427392,-2.0150469727525473,0.05908449157422073,0.11498850114988501,False,0.007113699314705167,1.1185034194423429,0.15778422157784222,-0.0061842354254116605,0.018229542361320038,False,-0.0018294221063965693,-1.5169452745227396,0.1466468962365143,0.11488851114888511,False
17,17_17Networks_LH_VisPeri_ExStrSup_5,0.0028064799674316306,-0.014021475633556726,0.017619622036114092,0.40345965403459655,False,0.0028064873357203923,0.00836254888999236,0.40345965403459655,0.3356019047110114,16,0.7415313766411348,0.09944810041527312,0.003374294750963933,0.06072209917467528,0.013930604944319162,0.0024409221531359825,-0.01067153327687273,0.015257912421391028,0.4183581641835816,False,0.002440927000906852,0.006879292818734066,0.4183581641835816,0.3548223727676755,16,0.727356369318783,0.10342539391547194,0.0024533961735665084,0.04952139067581165,0.011360986184182123,0.035855074374214195,0.015766094213268533,0.05594230234238056,9.999000099990002e-05,True,0.035870451168374146,0.010590057068663047,9.999000099990002e-05,3.387182045932321,16,0.003760506174662105,1.6666479201403148,0.05410355994278343,0.043696936934962564,0.010024764854830092,0.01279916685433424,0.0018364213947023348,0.024235170301345806,0.011898810118988102,True,0.012799865837212359,0.0058446969658407216,0.011898810118988102,2.189996489470892,16,0.043685090105808844,0.5627298759585722,0.012799865837212385,0.02274602146439916,0.005218295206890683,-0.0021866255907368693,-0.29179403952149807,0.6501349865013498,-0.01636032350754533,0.01203446337614296,False,-0.0013190274809503435,-1.2453313805559614,0.2289783807207754,0.2044795520447955,False,-0.0022558820816562597,-0.420516465144198,0.6446355364463554,-0.012288850288390472,0.008163977092066897,False,0.000880827745831508,0.8410434439575899,0.4113576830000639,0.37716228377162286,False,0.019840196218925733,4.082608324083935,0.0016998300169983002,0.010416042753153595,0.029207236113626567,True,-0.0003954476476303374,-0.588706852737148,0.5633733730365311,0.6903309669033096,False,0.005251269818187446,1.0025505885805377,0.18688131186881313,-0.00515692490170161,0.014980136637205772,False,0.0008599545411686364,1.0103646241341817,0.3257104951304962,0.417958204179582,False
18,18_17Networks_LH_VisPeri_ExStrSup_6,-0.0029347091412720645,-0.019934338196128335,0.015163451272999366,0.7265273472652735,False,-0.0029347175663937855,0.009280247316694015,0.7265273472652735,-0.31623268930716875,16,0.7559139936046826,-0.13446182104635976,-0.007018451174343049,0.04879455643279096,0.011194238972917277,0.0035496831853889643,-0.010159105584039013,0.015800220718816097,0.40995900409959,False,0.0035496980944677127,0.0069162274737663695,0.40995900409959,0.5132419527743861,16,0.6147958041975689,0.13373768545461986,0.002906370863475258,0.056229859519054626,0.012900014487002509,0.015399519295051222,0.0006375470641826333,0.029678563292546714,0.11338866113388661,False,0.015400736775620623,0.007625205222420969,0.11338866113388661,2.019714398025206,16,0.060486703657696525,0.45912337202882936,0.020426328406440347,0.07208607428709624,0.016537679634422014,0.005260650967000597,-0.007031829391311505,0.017488839189923402,0.20257974202579743,False,0.005260699496344671,0.006535640272445838,0.20257974202579743,0.8049248852516715,16,0.4326621098451947,0.19466705076752142,0.00526069949634468,0.02702408792655513,0.006199750963853232,-0.006730151570182929,-1.6071200888210626,0.8795120487951205,-0.014633352462040873,0.0013031128246637545,False,-0.0010784152902854956,-1.3644280653038083,0.1892496878947696,0.21957804219578042,False,0.004001786669630463,1.1165330192676226,0.23717628237176283,-0.002527065484516824,0.011213266886019268,False,0.0007325983543680721,0.724558145584337,0.4780364591891091,0.40345965403459655,False,0.003940036573839381,0.6131858743766473,0.253974602539746,-0.008273319325669094,0.01648392380882589,False,0.00013368321406471298,0.15242930409444228,0.8805439581063381,0.8949105089491051,False,0.0008238602033674982,0.12965702363961604,0.44425557444255576,-0.011539391405768202,0.012708569311213776,False,0.00013346610450340452,0.1258676001033488,0.9012319527636246,0.8952104789521048,False
19,19_17Networks_LH_VisPeri_ExStrSup_7,0.022853252774800503,0.002603340366079626,0.043500437999730766,0.0017998200179982,True,0.02285723255361954,0.010641242263562146,0.0017998200179982,2.14798535617289,16,0.04737550871234653,1.0517186018823845,0.03543767603418425,0.044628959785675625,0.01023858556111056,0.017706600004037083,0.005799655221520803,0.030713357947406504,0.0188981101889811,True,0.01770845083170292,0.006528385221764736,0.0188981101889811,2.712531541898812,16,0.015372162938172403,0.6993796802530404,0.02617550055213159,0.05274092194517435,0.01209959731306219,0.04565322152964025,0.024186534133294017,0.06910323161680855,9.999000099990002e-05,True,0.045684978319861624,0.011899541009003294,9.999000099990002e-05,3.839221889759947,16,0.0014478574818825413,1.3676823774826057,0.06409198183954888,0.061611704064263105,0.014134694302918792,0.015364135783454953,0.0013857616144336384,0.030454076562638505,0.0380961903809619,True,0.0153653448902787,0.007720637249819668,0.0380961903809619,1.9901653701755762,16,0.06394096062506473,0.4393235646890482,0.015365344890278743,0.03497500731870424,0.008023816971148802,0.008691871981749703,2.018560202813044,0.08489151084891511,0.0008572811466435267,0.017122356038682444,False,-0.0011310101915169377,-1.15778296457635,0.2620850921619347,0.17278272172782722,False,0.014728147734671529,2.908789335353479,0.0036996300369963003,0.005569101939355437,0.024633281717367447,True,0.0006413429434320585,0.5764984954210141,0.571417725991609,0.45645435456454353,False,0.02050225423817779,4.601720112121152,0.0008999100089991,0.012469660731001657,0.029131699292232853,True,-0.0017033370995918114,-2.1465031641408285,0.045711640004346285,0.042495750424957505,True,-0.008426530917085576,-1.9834431912571047,0.9082091790820918,-0.01688826095809291,-0.000726076322488248,False,0.00036277058893792073,0.48364785335924965,0.6344670948079385,0.6223377662233777,False
20,20_17Networks_LH_VisPeri_ExStrSup_8,0.012835343501868397,-0.004806179036699939,0.029389004415579657,0.12088791120887911,False,0.012836048428900088,0.008964231243991842,0.12088791120887911,1.43191848576009,16,0.17141292427717952,0.4364349472120936,0.01682370829849042,0.061779093918341486,0.01417309616913467,0.0046849589658497755,-0.008701623141624044,0.019739045419492396,0.22697730226977303,False,0.004684993242773562,0.007664495595454798,0.22697730226977303,0.611259173474098,16,0.5496147273450915,0.22274484133711708,0.008486540918060243,0.04752649557952891,0.010903325861673634,0.07607286308128171,0.048520394589307826,0.1058563854225763,0.00019998000199980003,True,0.07622012133177662,0.015257715048710239,0.00019998000199980003,4.9955134886478065,16,0.00013205742119681664,1.6671157280182172,0.09802122225863386,0.08028558442907727,0.018418776271023705,0.015261518978835186,-0.0022845419885214706,0.03507349493804742,0.014298570142985701,True,0.015262704018061738,0.009813251294047372,0.014298570142985701,1.5553157216426279,16,0.1394271682737188,0.5524748416848666,0.0152627040180617,0.02762606161669826,0.0063378531997481885,-0.003131119851901823,-0.45799624937618016,0.694930506949305,-0.016742274127346492,0.009829208251519162,False,-0.000532731704683828,-0.5092126556385546,0.616788788273734,0.6089391060893911,False,0.0029542384134885573,0.5444797490577461,0.29327067293270676,-0.007523973318971614,0.012834398043930427,False,-0.0016844508934665862,-1.612710855090326,0.12420180363175046,0.0740925907409259,False,0.046993686243457636,5.697823471610485,9.999000099990002e-05,0.030974737446037924,0.06219939740135074,True,-0.0051426512174629225,-3.6485429859997525,0.0018375846286205516,9.999000099990002e-05,True,0.0072845897038876055,1.4059215691640372,0.12808719128087193,-0.002557221973770419,0.017350779627846914,False,-0.0003918058588863899,-0.4228377749816795,0.6774220862464427,0.6744325567443256,False
21,21_17Networks_LH_VisPeri_ExStrSup_9,0.028277525952511852,0.011829781948228594,0.04668157628098953,0.0044995500449955,True,0.02828506664803377,0.009167840164666223,0.0044995500449955,3.0852486670794352,16,0.007095721169380116,0.9591729664502727,0.03930419620350443,0.05878216196809823,0.01348555282640948,0.030213111958910296,0.010927226603314607,0.04917640018619132,0.0011998800119988001,True,0.030222310163776807,0.01008412062996275,0.0011998800119988001,2.9970198962096752,16,0.008532373210632858,1.1875282956345017,0.04407448530460584,0.050834423391658674,0.011662216548284225,0.11218203677238034,0.08640860925791578,0.14016940195165778,9.999000099990002e-05,True,0.11265621896699057,0.014256033490314476,9.999000099990002e-05,7.902353697718865,16,6.500893049153091e-07,2.013929438273207,0.14580004685192732,0.09712777002439456,0.022282638639357626,-0.012537790590458267,-0.034168030949689954,0.009877927030174215,0.9371062893710629,False,-0.012538447616744625,0.011775450780476534,0.9371062893710629,-1.0647955522461297,16,0.3027743892167607,-0.36277839226268377,-0.012538447616744603,0.034562277919975105,0.007929130353249401,-0.0004803149764208531,-0.07445567994357193,0.5327467253274673,-0.013269125535838604,0.01118741577312682,False,-0.002123035301131265,-1.5543936927097382,0.1374967709015781,0.042995700429957005,True,0.021043177795401963,3.872020468651664,0.0006999300069993001,0.009939430165180138,0.030827859559884777,True,-5.60172475840927e-05,-0.04531580565124495,0.9643545483327116,0.9495050494950505,False,0.014875286808043476,3.5091474863980374,0.039396060393960604,0.006639970411033451,0.02270877432464604,True,-0.0005171874774685643,-0.42871231073342203,0.6732192758402102,0.4981501849815019,False,0.008462150270405538,1.571047588524482,0.1126887311268873,-0.0019019776777200056,0.01825247646020634,False,-0.0031865332731708996,-3.044726586418362,0.006972173284993038,0.00019998000199980003,True
22,22_17Networks_LH_VisPeri_ExStrSup_10,0.05978176418829438,0.025765371115441367,0.09680809179726628,0.0005999400059994001,True,0.05985313449660756,0.018530111226596136,0.0005999400059994001,3.2300472331056915,16,0.005236258127178058,1.2740628355871289,0.07662756920853152,0.08877500592219054,0.02036638313300281,0.04546246386522222,0.022096488486950904,0.06729271830587978,0.0028997100289971,True,0.04549382391062715,0.0120114115457262,0.0028997100289971,3.787550175717224,16,0.001614593599797518,0.9443355427366311,0.06761980599518043,0.0973915021010244,0.02234314292726287,0.12271264566694422,0.09956739455703008,0.14816849438271956,9.999000099990002e-05,True,0.12333422314665309,0.012791540029591078,9.999000099990002e-05,9.641858827110738,16,4.5515942365579324e-08,2.356349991151503,0.16332487881562818,0.08859182936648677,0.020324359549048144,0.02551779106749768,0.0025628962384122884,0.04637576222450889,0.0065993400659934,True,0.02552333193416033,0.011518713697001293,0.0065993400659934,2.2158144221263965,16,0.04155087743895165,0.6371043399158087,0.025523331934160315,0.04006146298977207,0.009190729931726907,0.0004218290896701677,0.1345472105418379,0.48625137486251374,-0.00562858110617281,0.00635285118782464,False,-0.004305156182510665,-3.7612012225562217,0.0014298112667385566,9.999000099990002e-05,True,0.011204928634073283,1.7828660516731207,0.07889211078892111,-0.00041662855351284824,0.02332683794595446,False,-0.0005293762984281214,-0.4705591050048224,0.6436073725026462,0.5622437756224378,False,0.048904216130015554,6.88452046518247,9.999000099990002e-05,0.03542597478665216,0.06308232737647688,True,-0.0020096557734678756,-1.708907823980064,0.10465317884170748,0.027497250274972504,True,-0.0005805974252469389,-0.1356995148062863,0.5344465553444655,-0.008642967408812234,0.007456324261638688,False,-0.002157078283144953,-2.160431977117812,0.04446979432845484,0.0091990800919908,True
23,23_17Networks_LH_VisPeri_ExStrSup_11,0.022484141516862514,0.00027851243962118024,0.0460289853563497,0.0037996200379962005,True,0.02248793151881996,0.012061760936621223,0.0037996200379962005,1.8643987090262581,16,0.0807180565517023,1.023528041232943,0.03105521510912876,0.04384562664553216,0.010058876613899417,0.005659000512693673,-0.01361793484792223,0.023216319867498416,0.25307469253074694,False,0.005659060922339568,0.009745577292573547,0.25307469253074694,0.5806799076594427,16,0.5695455379783168,0.2150456182959499,0.009376628460103599,0.05892860271628651,0.01351914863812365,0.0648105509244691,0.04318266630777918,0.086920530821889,9.999000099990002e-05,True,0.06490152388383733,0.011456375205667078,9.999000099990002e-05,5.6651011090953745,16,3.5143571976348885e-05,1.9788935488512742,0.09098175703714348,0.06087843024667489,0.013966469751928725,0.00039945145708769007,-0.01406878640267888,0.015202606382788373,0.48165183481651835,False,0.00039945147833337887,0.007806351146822664,0.48165183481651835,0.05117006278867735,16,0.9598233950123755,0.012109723661994712,0.000399451478333393,0.03298601103401099,0.007567509928830079,0.012361205440651227,1.8340541009638776,0.0380961903809619,-0.0007055331284521509,0.025111082040373843,True,-0.0025853367948306906,-1.7920162953393362,0.08995661227472526,0.022897710228977103,True,-0.012240014342223255,-2.2605206001870797,0.9456054394560544,-0.022432415959894016,-0.001875505303370648,False,0.0007112005038153149,1.0232547679832273,0.319743661840038,0.45685431456854314,False,0.015436641868197978,3.15630020117838,0.027297270272972702,0.005785738326499999,0.02472500788928107,True,-0.001171462229022504,-0.761547976788711,0.45619244239159573,0.25747425257474255,False,0.000907347467712713,0.10721432229014509,0.44855514448555145,-0.014718147636029006,0.016964610602781063,False,0.00017089705564367135,0.1505294931315498,0.8820209070416555,0.8707129287071292,False
24,24_17Networks_LH_VisPeri_ExStrSup_12,0.034592526387214426,0.012993561932471814,0.057181363776037115,0.00019998000199980003,True,0.034606334602828345,0.011653451299840883,0.00019998000199980003,2.96962107725982,16,0.009033837190390349,1.2014515984374428,0.053358499029769815,0.053674519817249126,0.012313779354024218,0.018469359805180496,-0.002317045259830504,0.040545993552201905,0.05749425057494251,False,0.01847146030752641,0.01128461915819218,0.05749425057494251,1.636870509193646,16,0.12117236973696603,0.5042173814042481,0.026176614637322817,0.06974966890507138,0.01600167147908565,0.08140251213940344,0.06324205220258299,0.10022510703144868,9.999000099990002e-05,True,0.08158303142439191,0.009762925885605147,9.999000099990002e-05,8.35641204084948,16,3.1360201591759895e-07,1.6481637399686353,0.11331726661052903,0.08865018529260905,0.020337747316665187,0.0031046609105117944,-0.018868878823060868,0.02521431429576292,0.36836316368363164,False,0.003104670885761547,0.01152887532669413,0.36836316368363164,0.2692952085771059,16,0.7911444449599928,0.07862463840082856,0.0031046708857615526,0.039487251692452006,0.009058996825555459,0.01040910530418934,2.2823579306198383,0.10878912108789121,0.0016902100199168914,0.0188253810531721,False,-0.0019147490377786646,-1.0359063746952974,0.3139630885644094,0.10228977102289771,False,-0.0037537432525774745,-0.874883524413205,0.6825317468253175,-0.011648965433087842,0.004752244804689793,False,-0.00038699287547090905,-0.40616511389702925,0.6894092843501342,0.6966303369663034,False,0.03886587362117268,5.479259573772788,9.999000099990002e-05,0.026192800431416172,0.052966085776864416,True,-0.0003862507212164933,-0.4681198186882759,0.6453173482153056,0.6796320367963203,False,0.007254194666097289,1.2211777391643734,0.1663833616638336,-0.003937261502378766,0.01862044935974503,False,-0.0015198769151591894,-1.285330672505388,0.21496909125653735,0.14728527147285272,False
25,25_17Networks_LH_SomMotA_1,0.011049379470450085,-0.004724967454944101,0.02616382220884419,0.061493850614938506,False,0.011049829171837021,0.0081763107240707,0.061493850614938506,1.3514443793466417,16,0.1953529073853697,0.5435960721889768,0.01717501746237808,0.045285514527432846,0.010389209549016992,0.0026657859780653513,-0.00933721307684545,0.014921592028130065,0.49765023497650235,False,0.0026657922928193245,0.006385898755829246,0.49765023497650235,0.4174498210429516,16,0.6818972966030243,0.13688613378179065,0.00022241337710350985,0.04182095448655122,0.00959438496469951,0.046911784662885876,0.027341173339182054,0.06491081349942845,9.999000099990002e-05,True,0.04694624333909869,0.009846851770861375,9.999000099990002e-05,4.767639894612933,16,0.00020972768094680455,1.6701855607946314,0.06379178058606257,0.05558665615026919,0.01275245351412458,-0.0019036883403128393,-0.013170377094468307,0.009429719811261238,0.6611338866113389,False,-0.0019036906399919455,0.006028392302185377,0.6611338866113389,-0.31578745120848084,16,0.7562457218015567,-0.09881168280316324,-0.0019036906399919399,0.01926584575817995,0.004419888143249902,0.007563110053064138,1.864652243698484,0.07879212078792121,-0.00018895827994711324,0.015188247758677921,False,-0.0008002155643365242,-1.0745771889842113,0.29675828537743815,0.30196980301969806,False,-0.007376708129773463,-2.015795124093501,0.9197080291970803,-0.015114415306259451,-0.0011292678215022182,False,0.0007437779835391094,1.1247899755003339,0.2754539271259949,0.3792620737926207,False,0.02204432700945051,3.7641083627277068,0.00019998000199980003,0.011016021355291422,0.033289558297936006,True,-0.0010064019237352607,-1.240218589845068,0.23081884427379798,0.20157984201579843,False,-0.0019978876749691256,-0.45091387081725187,0.6401359864013598,-0.010471946608804671,0.006614994667242333,False,0.000534629349676054,0.6761030347731679,0.507570058762387,0.5441455854414559,False
26,26_17Networks_LH_SomMotA_2,0.018461077772741114,-0.003784304819406805,0.0451548123243479,0.032296770322967704,True,0.018463175450246377,0.012992173660505356,0.032296770322967704,1.4210998045979173,16,0.1744846503679805,0.5410338462830736,0.030760357156892393,0.06790281445451807,0.01557797400995985,0.020227209618930386,0.0017611856839602677,0.039081086303080145,0.10718928107189281,False,0.02022996888322561,0.009845653855470668,0.10718928107189281,2.0547105535286487,16,0.05661526533586208,0.40904086916115434,0.02860240331673509,0.09679030182500013,0.02220521812473558,0.08398729156460555,0.06108024452423674,0.10593491792458783,0.0011998800119988001,True,0.0841856099331624,0.011697974233047252,0.0011998800119988001,7.196597313006096,16,2.1278965280502554e-06,1.018958440729305,0.11485182632698901,0.14717968220847916,0.033765334804694305,-0.028132359493345305,-0.04515976755848875,-0.012383564116193775,0.9916008399160084,False,-0.028139784614022792,0.008659209552226703,0.9916008399160084,-3.249694379643081,16,0.005024242322626989,-0.5710364374035672,-0.02813978461402272,0.04927843964208473,0.01130524939448505,0.006035234198122839,0.9219186119038302,0.20437956204379562,-0.0056910975820538695,0.018646577677705844,False,0.0019070020245683884,1.8176592528751516,0.08580097374100543,0.0715928407159284,False,-0.005821465095275599,-0.9714181507725734,0.7868213178682132,-0.017198507928726858,0.005605039461234057,False,0.0008762355358763391,0.8991494900163451,0.3804444128630128,0.3417658234176582,False,0.023913017030240707,3.80063158719474,0.0010998900109989002,0.011928044461989985,0.035955174295807336,True,0.0005406541392228929,0.5386596282852698,0.5967211974323698,0.5605439456054394,False,0.011296310791549784,2.062195174423564,0.04939506049395061,0.001013407540005691,0.021981859346657185,True,7.516134191370436e-05,0.08655893655672875,0.9319777301644403,0.9374062593740626,False
27,27_17Networks_LH_SomMotA_3,0.013411832693542257,-0.01064774529217003,0.03906077491636748,0.22127787221277873,False,0.013412636941565439,0.01300181123095226,0.22127787221277873,1.0315975753928164,16,0.31760314482152674,0.3411740919830563,0.015331154061583786,0.08520848855780036,0.019548167934489134,0.007315631911313943,-0.014316489244413573,0.030514175828172414,0.2410758924107589,False,0.0073157624226477935,0.011634281808740385,0.2410758924107589,0.6288108318943886,16,0.5383473191985544,0.21220901321003688,0.011743681468367337,0.07248016546456013,0.016628090351111804,0.06587608487846436,0.042732760669227036,0.0893769439238987,0.00019998000199980003,True,0.06597162701278818,0.012245588346525746,0.00019998000199980003,5.387379123478808,16,6.044533282091228e-05,1.406236705029081,0.08969519458876185,0.09128138797731972,0.020941386611540276,-0.017993300903157303,-0.03455638643791331,-0.0005096003269933605,0.9382061793820617,False,-0.01799524311075576,0.009047329497998653,0.9382061793820617,-1.9890115768124133,16,0.06407938940509082,-0.37403916327396186,-0.01799524311075581,0.048110585408339415,0.011037325258396527,-0.0030082010430045082,-0.4230389213432151,0.6462353764623537,-0.016895929629270785,0.01020777950298612,False,0.0018698452336649081,1.8506986462583201,0.08069536840857833,0.128987101289871,False,-0.006059358927613445,-0.9699286092930285,0.8114188581141886,-0.018203713270163395,0.005501349211971932,False,-0.0010667338638867254,-1.0843683647255602,0.2925126245993171,0.3037696230376962,False,0.013785751097290654,2.7934562598440427,0.04079592040795921,0.005030831263022151,0.023587310756694416,True,-0.0033430325346056277,-2.9260823991532368,0.009022068567703255,0.00029997000299970003,True,0.012161906873835414,1.4974626587535154,0.06029397060293971,-0.002669137612990815,0.028182483844434923,False,-0.0013511476958187874,-1.086483250900232,0.29160140400813717,0.21727827217278273,False
28,28_17Networks_LH_SomMotA_4,-0.0020661684521966943,-0.017946811193550787,0.014197873384513195,0.48935106489351066,False,-0.002066171392397797,0.008391565826223581,0.48935106489351066,-0.24622000651428202,16,0.8086428204653044,-0.0746055233227903,0.0004215908665117295,0.05624667391176868,0.012903871973246592,0.003208728982482714,-0.009647247616151567,0.015445070370193109,0.2532746725327467,False,0.0032087399948462375,0.006493120106658091,0.2532746725327467,0.4941753644070089,16,0.6278981025450228,0.18077101176907873,0.005759717103966023,0.036376394425784116,0.008345317222756275,0.03952963140125838,0.018619571125170233,0.060147177492545216,9.999000099990002e-05,True,0.03955024028542617,0.010869943181978602,9.999000099990002e-05,3.6384955857908197,16,0.0022118215054423135,1.9572087374968026,0.05170344875740503,0.03986961868366302,0.009146717829452011,0.012172548533380881,-0.003664025657549265,0.026261999118863545,0.026997300269973004,True,0.012173149792812483,0.007850996773197826,0.026997300269973004,1.5505228373510311,16,0.14056874820373244,0.4717646772639135,0.012173149792812504,0.025803436288220884,0.005919714272444478,-9.332107337672539e-05,-0.01557402169399518,0.503949605039496,-0.011524359930843395,0.010882318236624854,False,0.0009387001884285595,1.1308502117159933,0.2729611119076075,0.3260673932606739,False,0.0005595200244967895,0.17090054411331035,0.46785321467853214,-0.00572304504189412,0.006634148344953888,False,-0.0002707382511264979,-0.2749673557262643,0.7864726162699112,0.7736226377362264,False,0.02172895849688425,4.425677003641753,0.00029997000299970003,0.012619890158555578,0.03133778668602685,True,-0.002803449181366863,-2.984439999078434,0.007949776163105958,0.005099490050994901,True,0.00862696014418427,1.6858016512070562,0.0690930906909309,-0.0013361384290087193,0.018049647057577084,False,-0.0018106883874515543,-1.7795202268712682,0.09204463754563626,0.07089291070892911,False
29,29_17Networks_LH_SomMotA_5,-0.010538798162957755,-0.02760619754383763,0.005712588219341351,0.9103089691030897,False,-0.010539188357283099,0.008718187265542481,0.9103089691030897,-1.2088738216186172,16,0.24427339011191376,-0.3575165012725,-0.021718714600035032,0.06844702834713015,0.015702825239516008,0.010694731010258685,-0.0014417857783729105,0.02436307423263237,0.0608939106089391,False,0.010695138782960047,0.0067778753894352055,0.0608939106089391,1.5779485706731564,16,0.13414157102769472,0.33487230623268555,0.024828123140926944,0.06688867193244036,0.01534531375900805,-0.0035569606373545425,-0.022633308581394795,0.0163716022560321,0.5150484951504849,False,-0.003556975638320295,0.0103305507801647,0.5150484951504849,-0.3443161660992857,16,0.7350923666857206,-0.1672044113895384,-0.00038383445184498314,0.049906782905414435,0.011449401225364458,0.009941684912746763,-0.005187485045947825,0.025993024302987756,0.036196380361963806,True,0.009942012467936743,0.008165168193117765,0.036196380361963806,1.2176126973497787,16,0.24102452880628714,0.4338281580934421,0.009942012467936766,0.022916936769685967,0.005257505867082767,-0.009105150440261929,-1.4555972460435087,0.9282071792820717,-0.021128630260824316,0.002656819134281526,False,0.0004431732549505988,0.43969632704858114,0.6653907229021946,0.7002299770022997,False,0.0034968721015224266,0.5164823582554106,0.29657034296570345,-0.009164750011841577,0.01681648884463236,False,-0.0006908409844303923,-0.6581959955898659,0.5187426487961635,0.5376462353764624,False,-0.0031093521883123983,-0.6237082420728005,0.692930706929307,-0.012193221039944344,0.0063688299240841,False,-0.001762565035735111,-1.3849469716972913,0.18299537386711112,0.0785921407859214,False,0.006419791113793513,1.1306113784348772,0.17128287171282872,-0.004296767815947351,0.017266870498232587,False,-0.0015228083986262746,-1.3889736791006533,0.18178771574779237,0.21637836216378362,False
30,30_17Networks_LH_SomMotA_6,0.0034124560622056086,-0.01231938128640425,0.018753014230866324,0.32956704329567044,False,0.003412469308151736,0.008232313554539879,0.32956704329567044,0.4145212989694568,16,0.6839967044035603,0.17035142905541206,0.004387078374348702,0.04363794628031544,0.010011231470502717,0.025081040691219848,0.011724517031027828,0.03879940621777685,0.0428957104289571,True,0.025086301825232218,0.007210385637953251,0.0428957104289571,3.4791900301678247,16,0.003096698510381535,0.6500434126606658,0.036017029976665234,0.08453886880810084,0.019394546628197597,0.026659929078272155,0.015028656650757479,0.03872126519418052,0.008099190080991902,True,0.026666247970880557,0.006288301914781903,0.008099190080991902,4.240611906402942,16,0.0006232903790062792,0.943240123965517,0.03696216519247712,0.05829224306633237,0.013373157722023805,0.012025715041525626,-0.0010569229138236204,0.025081917703445655,0.04279572042795721,True,0.012026294802739548,0.0069307143671415265,0.04279572042795721,1.7352172035477516,16,0.10191896578996344,0.4147339267893272,0.012026294802739595,0.028997615159775815,0.006652509162376095,-0.0017542324811076087,-0.4202879624261082,0.6172382761723828,-0.009843062576193226,0.005740215058824005,False,-2.9214182749141746e-05,-0.03739294949090909,0.9705832837805445,0.9766023397660234,False,0.003090224246423989,0.6047928761082024,0.3210678932106789,-0.0069571212291310415,0.0124540689868593,False,-0.0020430089295894144,-1.6290753487132528,0.12067234103511666,0.05979402059794021,False,0.01857750464253765,3.0815097766168202,0.0011998800119988001,0.006929258829446015,0.029817500966642242,True,-0.0022382490007391144,-1.935026033733711,0.06885945380785426,0.0385961403859614,True,0.0116693422403972,1.6205088208433391,0.030396960303969604,-0.0024561786641894875,0.02535117778524628,True,-7.101797705439063e-05,-0.0877446975250782,0.9310484047409827,0.9422057794220577,False
31,31_17Networks_LH_SomMotA_7,0.00649274613530709,-0.005029452535468921,0.01795936950827558,0.3388661133886611,False,0.006492837373147598,0.0059793655562476325,0.3388661133886611,1.085873963060087,16,0.29362466422051775,0.17920794073502005,0.006873272416313826,0.07278409575276887,0.016697816741226706,0.0049911193784067595,-0.01276992552045376,0.02260767246051543,0.1446855314468553,False,0.00499116082407146,0.009380517829222725,0.1446855314468553,0.5320773239748781,16,0.6019833005568096,0.16421488025879777,0.01595963907418242,0.06397208612345594,0.014676203085243424,0.04204346087554675,0.023557513176518757,0.05986423736957662,0.00019998000199980003,True,0.04206825992687295,0.009558727439826931,0.00019998000199980003,4.4010314334932685,16,0.00044628471950160106,1.6786324364615253,0.053909589699063135,0.054345438786830624,0.012467698721798438,0.008492622126144147,-0.004831855726627418,0.02169797497210745,0.09959004099590041,False,0.008492826310724757,0.006922049762028184,0.09959004099590041,1.2269236140591293,16,0.23759979287328228,0.3068544835062106,0.008492826310724762,0.02767704813592161,0.006349550309473319,-0.003991768515756238,-0.5840946255223253,0.7557244275572442,-0.017123812581613756,0.00870223125490763,False,0.00019018822396071766,0.20911047608278338,0.8367102837235362,0.8224177582241776,False,-0.01678542933043428,-4.365807123805744,0.9961003899610039,-0.02416788713058797,-0.009655812102800195,False,-0.0017806378719914901,-1.8620531416453976,0.07900353470086999,0.049595040495950406,True,0.017034148330278803,3.6679773399646423,0.0021997800219978004,0.008069103958193814,0.025837351952461625,True,-0.000707810451755939,-0.715550805147077,0.48344830838498637,0.44085591440855915,False,0.006179486659242333,1.0587509537806263,0.17198280171982802,-0.004901248718422116,0.017341307537819414,False,0.0027311252582597925,2.6818382574096304,0.015227316755163119,0.0012998700129987,False
32,32_17Networks_LH_SomMotA_8,0.013954750675995936,-0.008653153649364375,0.03627069699861419,0.038396160383961604,True,0.013955656608281661,0.012005442536771077,0.038396160383961604,1.1624441635980796,16,0.2621012045196681,0.6519710559785998,0.01967656899828754,0.04492580839734023,0.010306687303204054,0.021771298930546478,0.005553142419481692,0.03775150362264446,0.026497350264973504,True,0.021774739697852274,0.008587886289546192,0.026497350264973504,2.5355179334824327,16,0.022038755635069,0.6939271621341433,0.03134280756844907,0.06508214727924036,0.014930868579938911,0.1436964961280603,0.1043206955253872,0.18432578082379825,9.999000099990002e-05,True,0.14469798112795476,0.020792918316524675,9.999000099990002e-05,6.9590030088734345,16,3.2195467897934726e-06,2.172318514565929,0.18152419639312778,0.10456734434793975,0.023989394042478334,0.026641206355681037,0.0032987172715429848,0.05154312090149081,0.0005999400059994001,True,0.02664751194097194,0.012769837972401719,0.0005999400059994001,2.086754115327287,16,0.05326988895807491,0.9914633717421869,0.02664751194097189,0.026876950475888246,0.006165995317628645,0.008924183911819109,2.1441848567764206,0.07589241075892411,0.0008221578758538422,0.01682498971222856,False,-0.0008268669728868404,-0.9019394266834327,0.3790000183220953,0.34976502349765026,False,0.015081871908248069,2.2528171820202716,0.008599140085991401,0.0022273038761613764,0.027377310884065188,True,0.0009198212846263739,0.8760743779270853,0.3925311577034855,0.3434656534346565,False,0.029430643530677668,5.977099513784098,0.0012998700129987,0.019628310132244357,0.03829789450346344,True,-0.0033694381377533215,-2.505670872805502,0.022046516593572048,9.999000099990002e-05,True,0.012961094777168888,2.3434524428300816,0.023497650234976502,0.0021329048276407616,0.023100410162458205,True,-0.00175726151437778,-2.472624149919412,0.023612031136795695,0.05039496050394961,False
33,33_17Networks_LH_SomMotA_9,0.01390628170402845,0.0004387930798689163,0.028226386781141286,0.016798320167983202,True,0.01390717822862516,0.007309446971677212,0.016798320167983202,1.9026307027758684,16,0.07524333258897961,0.6767748662309411,0.022324455913180673,0.04239653097914216,0.009726431268145904,0.013972189274203285,-0.003121681637034981,0.03053580677764172,0.0665933406659334,False,0.013973098607304148,0.008823423226231808,0.0665933406659334,1.5836369002183284,16,0.13284013528592514,0.4782777097589222,0.02227224824877295,0.059921640670392406,0.013746967169126174,0.03730635338640951,0.015554665876671833,0.05759606509707929,0.0020997900209979003,True,0.03732367506656845,0.01116264538518085,0.0020997900209979003,3.3436227505818743,16,0.004122347872466595,1.1505591008452865,0.048010733528637405,0.06350241819815844,0.014568453873485834,0.005483438001030025,-0.005172073519001033,0.015300313350226045,0.17128287171282872,False,0.0054834929608615504,0.005351174796025485,0.17128287171282872,1.0247269375192791,16,0.32073626961522983,0.2257434273364199,0.005483492960861566,0.02429082000553503,0.005572696297887541,0.01008134119407803,2.8257259391641307,0.0387961203879612,0.003260859466625626,0.016925705999811205,True,0.00045601334585640435,0.48819447516394393,0.6313060505375939,0.6056394360563944,False,-0.005265491708733835,-1.0894319796704457,0.7913208679132087,-0.014724914627348295,0.003931377800913403,False,-0.0006236787212870733,-0.671979947615922,0.5101303438777433,0.4547545245475452,False,0.023519219986499633,4.111546966671661,0.00019998000199980003,0.01258456465298113,0.03455198428378762,True,-0.0023931474548462804,-2.9313527928800407,0.008919744311884232,0.009299070092990702,True,0.01200063318217501,2.5934443468591106,0.026297370262973702,0.0035311268680068442,0.02087831437796025,True,-0.0012527097302569186,-1.0733422779338584,0.2972969298170828,0.24167583241675833,False
34,34_17Networks_LH_SomMotA_10,0.002653273526200688,-0.01104643171026107,0.017556376278082847,0.36666333366663334,False,0.002653279752452067,0.007473405208959916,0.36666333366663334,0.3550295585834199,16,0.727204115492259,0.10319431973926296,0.0043643808901025274,0.056555316656968224,0.01297467947514037,0.019377351883830055,0.0026982159359381724,0.03591838001489775,0.024297570242975703,True,0.019379777711134638,0.00878261178875207,0.024297570242975703,2.206607576114705,16,0.042300622086570774,0.7473066836772468,0.02630534549678213,0.052532141504675244,0.012051699795087266,0.020861434811676786,0.0003788316843877002,0.04217465011811551,0.0124987501249875,True,0.020864461897219366,0.01101783806485056,0.0124987501249875,1.8936983620935406,16,0.07649186518700021,0.8530086825669894,0.02868837269506542,0.050471991112002255,0.011579068880868466,0.008498893961701278,-0.0014025557823981105,0.01986446520264972,0.08299170082991701,False,0.008499098599002533,0.005618921016855772,0.08299170082991701,1.512585525496219,16,0.14988511270264418,0.32564305870228194,0.008499098599002526,0.026099431177413198,0.005987620157170468,0.0004472601434167901,0.08522411321224967,0.47825217478252174,-0.009395841476634146,0.010553525341940683,False,-0.0007138855583673829,-0.5654176340981167,0.5787701531375564,0.48735126487351266,False,0.01844481690559998,3.1629478562464626,0.00019998000199980003,0.0068583803243006634,0.029540879515446237,True,0.0004124661390118713,0.4471809859037349,0.6600787563091123,0.6803319668033196,False,0.010684411138912844,1.9825702540299497,0.044495550444955505,3.929462488957828e-06,0.020645331824228626,True,-0.003252265689615802,-4.155258079596989,0.0005944839960855944,0.0004999500049995,True,0.006767035617363652,1.3323779980872352,0.13998600139986,-0.003083316121752225,0.016486631821106695,False,0.0022186476810988824,1.4781984306395886,0.1566403521072846,0.0585941405859414,False
35,35_17Networks_LH_SomMotA_11,0.008539880345057402,-0.004029997733655808,0.020873676690870323,0.0715928407159284,False,0.008540087957370286,0.0066194251485553685,0.0715928407159284,1.2901555294773728,16,0.2153318185054855,0.35724458032379447,0.018557716545150663,0.05297067856173401,0.012152307095861839,0.011871733360111849,-0.0030009902841327337,0.026057335355710032,0.020397960203979604,True,0.011872291133607913,0.007663766515706972,0.020397960203979604,1.5491457247915277,16,0.14089820462050429,0.7479736473320022,0.01774598514447855,0.0341827643459252,0.007842063968144903,0.031050670952068017,0.014369610632416775,0.04818448716464063,0.0029997000299970002,True,0.031060655836581227,0.008777819047497217,0.0029997000299970002,3.5385390913745733,16,0.00273185759942828,1.0320628844213695,0.04242775612780623,0.057596533112356706,0.013213550912371422,0.00030781747304180034,-0.012397508260220368,0.014627112001609146,0.4754524547545245,False,0.0003078174827638666,0.0070415641306655055,0.4754524547545245,0.04371436190197312,16,0.9656730029758213,0.01473550670455895,0.0003078174827638558,0.02088950783542673,0.004792381770259273,0.003232400032331118,0.6115098458532187,0.3050694930506949,-0.007009449757595929,0.01302039751051569,False,-0.0022348301115610487,-2.7990250997223094,0.01186147619600589,0.021997800219978002,True,0.011590440382837837,3.5988151368080654,0.012898710128987101,0.005293481675833646,0.01756799671565644,True,-1.6957065949756595e-05,-0.016505219461311803,0.9870129122532899,0.9841015898410159,False,0.022384202043456567,3.9509986283869205,9.999000099990002e-05,0.011528274470423193,0.03305916153386863,True,-0.003536337836373441,-3.5199078188504407,0.002446151420083084,9.999000099990002e-05,True,-0.0013011261700772484,-0.3002094460694696,0.5769423057694231,-0.009573675043859562,0.007005518993993489,False,-0.0001123187043433434,-0.12698874514290834,0.900357148361437,0.9015098490150985,False
36,36_17Networks_LH_SomMotA_12,0.008808160685514672,-0.006201968332624838,0.024055087228337033,0.10978902109789021,False,0.00880838848600198,0.008009297931636095,0.10978902109789021,1.099770362045035,16,0.2877046586101614,0.38609329440986956,0.013851786132875056,0.04759021032433816,0.010917943026612423,-0.006190012405704006,-0.018777584616028693,0.00554270880226331,0.8158184181581842,False,-0.006190091466883284,0.00643090502324633,0.8158184181581842,-0.962553706594553,16,0.3500943444825583,-0.2722826216808209,-0.009866625014565908,0.04695508236657007,0.010772234680079346,0.04223622633540237,0.02162169227977536,0.06442468197416602,0.0026997300269973002,True,0.04226136830269983,0.011293160861440658,0.0026997300269973002,3.7422090078426975,16,0.0017767442801285033,1.185931187175802,0.052692938520876906,0.06871654380632293,0.015764656326376178,0.008727094664563438,-0.001480326755697801,0.018448502038174254,0.05299470052994701,False,0.008727316232877244,0.005222817634584649,0.05299470052994701,1.6709976957813681,16,0.11416333332377,0.40228169008354253,0.008727316232877239,0.021694540040002392,0.004977068824261435,0.0032174016226411885,0.6505919716062568,0.2850714928507149,-0.006513792501553401,0.012117311445841945,False,-0.0002532449917547148,-0.34539053249572665,0.7338043146616241,0.7506249375062494,False,-0.012137122661543787,-2.3932554883382364,0.9919008099190081,-0.021621329960129474,-0.0024845821455536966,False,0.0018380792414987397,2.7312855571742336,0.013708471618967164,0.0254974502549745,False,0.02234302473238196,4.206306331589082,9.999000099990002e-05,0.012436197489939321,0.03241758383605803,True,-0.0009623683359028707,-1.4963839328025306,0.15188221143688063,0.22037796220377961,False,0.006301088436768866,1.2058582904922548,0.11478852114788521,-0.003831667490712497,0.015935923182241074,False,-0.00017953134114021005,-0.1623203740647945,0.8728618605640095,0.8429157084291571,False
37,37_17Networks_LH_SomMotA_13,-0.0032577002816829093,-0.020182266178984987,0.015421141586135263,0.571942805719428,False,-0.0032577118059917086,0.009221043361108287,0.571942805719428,-0.3532910190761926,16,0.7284820747266753,-0.12097073622235434,-0.0026732245406207804,0.06354762418179168,0.014578824837396392,0.0025078662421472112,-0.012516457480937382,0.015920719485887455,0.4470552944705529,False,0.002507871499819255,0.007390507307323688,0.4470552944705529,0.33933685409309594,16,0.7387691417442399,0.08499055510249895,0.001645598036054826,0.06349642054801882,0.014567077918177554,0.011498781677901956,-0.004598122885616684,0.02833063454783152,0.11148885111488852,False,0.011499288515338898,0.008561494190178317,0.11148885111488852,1.343140374787709,16,0.197969564748252,0.4246236461348576,0.015750154725367806,0.05482808467021225,0.01257842528133404,-0.002007429904759188,-0.012324332729020341,0.00900500488881307,0.6397360263973603,False,-0.002007432601262537,0.005456594041666001,0.6397360263973603,-0.3678911397721703,16,0.7177759226724991,-0.08431128140481854,-0.0020074326012625176,0.023809774538046696,0.005462336898938598,-0.003558339653699161,-0.6595164715433427,0.7181281871812819,-0.01387051918333504,0.006917816636170768,False,0.0008326859929435639,0.8019132694349264,0.4330630712599657,0.4657534246575342,False,-0.0022339607812390514,-0.34998783383477067,0.6476352364763523,-0.01439317912314477,0.009926517495207341,False,0.00022119706703751585,0.20419058776151736,0.8404954883079049,0.833016698330167,False,0.004433126941532635,0.8581182586798007,0.2390760923907609,-0.005327649122107456,0.014082437153416592,False,-0.00044041798020910266,-0.4191467490981958,0.6800683478664541,0.6705329467053295,False,-0.0015771338791488831,-0.2844237200940617,0.6055394460553944,-0.012318749898710072,0.008468134613553042,False,-0.0004007908995844813,-0.33911525061098013,0.7384471338123926,0.7204279572042795,False
38,38_17Networks_LH_SomMotA_14,0.007450613024711012,-0.014097367161479924,0.03474058030442047,0.20637936206379362,False,0.007450750894538605,0.0131248732788235,0.20637936206379362,0.5676817395684968,16,0.5781306822504262,0.2705269721968446,0.010616194931931855,0.055887768365819074,0.012821533394032348,0.01593870866851991,0.002706827553625306,0.030103424805452483,0.06129387061293871,False,0.015940058577068077,0.0072432138496994185,0.06129387061293871,2.200688659458751,16,0.04278921514223503,0.5504361797186194,0.023444615186919676,0.062346988928380975,0.01430338021962431,0.025278082468116757,0.00871050625519676,0.04127842867377721,0.0027997200279972004,True,0.025283468608544316,0.008635250622927053,0.0027997200279972004,2.9279368616604304,16,0.009852400026637707,0.9294659444239152,0.039595213182061384,0.05373934436846206,0.012328651126013564,0.013410358865639668,0.002802694881251306,0.02374820303283385,0.024197580241975804,True,0.013411162848536178,0.005604707546840526,0.024197580241975804,2.392839008361157,16,0.029334213287201018,0.49011478243958123,0.01341116284853613,0.027363310247002066,0.006277573901443841,0.006843294236330389,1.1849144887795204,0.14908509149085092,-0.004254688379103271,0.017655497647917833,False,0.000876124925190712,0.85718514989773,0.40261139505752847,0.38306169383061695,False,0.008028965956149221,1.3460862950403207,0.08959104089591041,-0.0032758661200365216,0.019847304802941435,False,0.0003301368385788439,0.34134645578052664,0.7367951610609793,0.7008299170082992,False,0.016105434309248514,2.9814176147798532,0.0026997300269973002,0.005747389376053721,0.026730809553596323,True,-0.0005485825186184465,-0.5821745580565891,0.5676702724236162,0.5593440655934406,False,0.015253641346582306,2.7496036855444137,0.0065993400659934,0.00494610747604277,0.025905671926167852,True,-0.0004135886444625325,-0.5332953834644906,0.6003527601946012,0.6764323567643236,False
39,39_17Networks_LH_SomMotA_15,0.005037969846422762,-0.007990152939445945,0.020219091244601865,0.24447555244475552,False,0.005038012470211489,0.0074857991932909375,0.24447555244475552,0.6730092993580099,16,0.5105458913663447,0.2260082199136095,0.007560473073818687,0.04709878551542548,0.010805202443433519,-0.008608292992218691,-0.023318356783913235,0.008060459224200399,0.8697130286971303,False,-0.008608505634281198,0.008147901150735515,0.8697130286971303,-1.056530445696939,16,0.30641828541660926,-0.3482995559082678,-0.01381542218484264,0.05334382271311031,0.012237912235189342,0.03790985480353046,0.022464214035607513,0.05365311003789243,0.0007999200079992001,True,0.037928031285135055,0.008143371603783292,0.0007999200079992001,4.65753414316918,16,0.00026276856504694107,1.5462297330766583,0.052207735142311036,0.05012006844055255,0.011498332282932145,0.009938544577128105,-0.0006478568464321676,0.02030613707371489,0.0244975502449755,True,0.009938871822003795,0.005541949468982541,0.0244975502449755,1.7933891093071432,16,0.09183211123599196,0.46972603594794937,0.009938871822003799,0.021158869343800076,0.004854177538379225,0.003712837109407373,0.6946900243364107,0.24077592240775922,-0.006745476472906798,0.013543445885922965,False,0.00027154635331474086,0.23072218974763367,0.820132686478012,0.7598240175982401,False,-0.01705258239518757,-3.4640199365993842,0.9991000899910009,-0.02655927091455198,-0.00790136778243274,False,-0.0012044176857844634,-1.243157417285388,0.22975955832508296,0.1156884311568843,False,0.024272074285952617,4.368909991624165,9.999000099990002e-05,0.013140080993052607,0.034550450412443826,True,-0.0018636402773416457,-1.9512362151561344,0.06676990444206625,0.028897110288971104,True,0.003281428273129618,0.7491671217362406,0.261973802619738,-0.004933040909086888,0.011688215276659879,False,-0.0003987747570543104,-0.5217382721735825,0.60821350011455,0.662033796620338,False
40,40_17Networks_LH_SomMotA_16,0.012576999449997614,-0.0017948350127300855,0.025959736788686537,0.08499150084991501,False,0.012577662660037398,0.007380790903312168,0.08499150084991501,1.7041077067219321,16,0.10770011355032903,0.4693707929006125,0.02026724707002041,0.059069879169675016,0.013551559679356402,0.015433853062218538,0.002229324173519887,0.030066572642950252,0.04889511048895111,True,0.015435078704982343,0.007333839214539141,0.04889511048895111,2.1046382738228986,16,0.051482315899237185,0.5443945072787566,0.02360261881316033,0.05752619946613252,0.01319741526730711,0.04465025438885917,0.021184353415169496,0.06778943998837271,9.999000099990002e-05,True,0.04467996218841823,0.012402433281648821,9.999000099990002e-05,3.602515826836065,16,0.0023864950607163913,1.4981640146097566,0.060401780309666364,0.05555283400963552,0.012744694182910033,0.021341099584558643,0.005563027550171293,0.036388223075031416,0.0025997400259974,True,0.02134434035166776,0.008244490988434598,0.0025997400259974,2.5889215455034984,16,0.019780725968210774,0.6997518234993111,0.021344340351667757,0.030502729160360332,0.006997805995379049,0.0034606627206974247,0.5845164837228145,0.288971102889711,-0.0077555764113318906,0.014749576356733853,False,0.0003406968645473135,0.28175471152505877,0.781345314965094,0.7462253774622538,False,-0.0066842983302247095,-1.5338374180768122,0.8565143485651435,-0.014798571528304985,0.0018700489685064725,False,-7.150106139319258e-05,-0.06134657077713019,0.9517592409504133,0.9351064893510649,False,0.02954271263117373,5.009178813660553,9.999000099990002e-05,0.0183000776972829,0.04096629563796315,True,-0.002669959973722965,-3.3625379255571226,0.0034674298040440173,0.009999000099990002,True,0.010090828966872955,1.8382359014220893,0.06319368063193681,-0.00020572672445518905,0.02045728722883852,False,0.00016175238317478908,0.20702377760215523,0.8383152275426704,0.8712128787121288,False
41,41_17Networks_LH_SomMotA_17,0.003322123381952934,-0.01646567185948322,0.022543300954458282,0.5166483351664833,False,0.0033221356035762683,0.010220698900407601,0.5166483351664833,0.3250399640912796,16,0.7493622776764535,0.13867790381142744,-0.0005048581017606823,0.05101087684138706,0.011702697745947656,-0.0015984787551965405,-0.012813487905117186,0.009025064978251562,0.6288371162883711,False,-0.0015984801166412758,0.005760143422556979,0.6288371162883711,-0.2775069992843503,16,0.7849444741476914,-0.06318195610916219,-0.003781089316076819,0.04842405691513301,0.01110924055417509,0.007673684353025829,-0.00934653254890033,0.024837237919585534,0.09399060093990601,False,0.007673834981085979,0.0089138494039033,0.09399060093990601,0.8608890091553121,16,0.40201628130157663,0.4280270571568934,0.011794735457180584,0.03755035532927403,0.008614642324965761,0.008858499776669628,-0.0025770552322293837,0.022050451709460038,0.0433956604339566,True,0.008858731505318736,0.006451020525525339,0.0433956604339566,1.3732294712544448,16,0.18862022390609445,0.4228263092276306,0.008858731505318816,0.020951230592771826,0.004806541941932113,0.0032529238653793134,0.6785728552172767,0.2792720727927207,-0.005622720324588595,0.0125083198987804,False,-0.00020299216295796883,-0.16061506923497104,0.8741854144534912,0.8644135586441356,False,-0.006259543332696503,-1.185174032894551,0.8721127887211279,-0.01624948293454223,0.00409848238187541,False,0.00028463734817111365,0.35248247620292594,0.7285699769211221,0.7177282271772822,False,-0.0007983341330849552,-0.22653933847406338,0.5604439556044396,-0.007593618310148853,0.005930153230122701,False,-0.0015469717670450825,-1.5639167191867374,0.13524754532607927,0.11328867113288671,False,0.007583129413437212,1.466182016803043,0.09629037096290372,-0.002460248830542786,0.01752987248797385,False,0.001631624561781122,1.6249280680446447,0.12155867217641635,0.0907909209079092,False
42,42_17Networks_LH_SomMotA_18,0.027557014883918124,0.010218962528492198,0.04557789367415613,0.0023997600239976003,True,0.027563993562542126,0.00938737769642206,0.0023997600239976003,2.9362825758090003,16,0.009682923892719315,0.9833812666535675,0.04439352480994872,0.06107222321458964,0.01401092890788184,0.013360499147559213,-0.0008134439489062423,0.027633861217617545,0.07649235076492351,False,0.013361294195493294,0.007362756640956542,0.07649235076492351,1.814713543724765,16,0.08836052016496572,0.5176576873680873,0.017388675944423452,0.050930587542645296,0.011684278117554861,0.02858368530161299,0.013290233907468887,0.04451017586807632,0.0033996600339966003,True,0.028591473668127018,0.008233108872608821,0.0033996600339966003,3.472743299101698,16,0.0031391446041387936,0.9963009398268545,0.03987099139526956,0.05506591205873091,0.012632986626205567,0.011123647995922338,-0.006402451522351412,0.030148629490775666,0.055194480551944806,False,0.011124106826868452,0.009529214910590594,0.055194480551944806,1.1673686585140735,16,0.260164763626281,0.38199695237862846,0.011124106826868497,0.02912093082837591,0.0066807997169857245,0.02621924538859598,4.585855354447432,9.999000099990002e-05,0.01551609776707651,0.037309309613785716,True,-0.00024533335280620355,-0.20323488060004236,0.8412312464191855,0.815018498150185,False,0.0011728750064796064,0.24776540456497473,0.4273572642735726,-0.008608377979967143,0.00940318633198046,False,0.001227508593132329,1.590266226868785,0.12918433900215656,0.20677932206779323,False,0.015987639773712203,3.2286180405563782,0.005499450054994501,0.006918045059454606,0.02586436830869096,True,0.001371050237043021,1.0693565893092942,0.2990402468717598,0.1488851114888511,False,0.00772170709932877,1.1484026910884533,0.1434856514348565,-0.004834461500432226,0.020884795909271954,False,-0.0006161021692236548,-0.5985865958625145,0.5569070302848479,0.5704429557044296,False
43,43_17Networks_LH_SomMotA_19,0.014080899309046343,-0.005480349125660322,0.034833358401076465,0.07069293070692931,False,0.01408183003450428,0.010746528672674128,0.07069293070692931,1.3103608117020178,16,0.2085737512713762,0.3703404492047733,0.02785925896472821,0.07868361925802037,0.018051260255670606,0.005338799878347841,-0.011202413339145142,0.02177130665538386,0.29627037296270375,False,0.0053388506027688175,0.00877011340629528,0.29627037296270375,0.6087550246427299,16,0.5512326184011999,0.1857574491172062,0.007682408815357019,0.060005993266001395,0.013766318981751697,0.034560689509939235,0.011666167060374915,0.058701879169458765,0.0028997100289971,True,0.034574459617672776,0.01233415639052169,0.0028997100289971,2.803147497322304,16,0.012758252107119781,1.0095923385141041,0.051524565180270036,0.06902016048617725,0.0158343107698003,0.001559540400144646,-0.016963156926985506,0.015613737427240112,0.38406159384061594,False,0.0015595416645003384,0.008646835405568274,0.38406159384061594,0.18035981851765603,16,0.8591347296202312,0.06897434102855682,0.0015595416645003404,0.02261046124173416,0.005187195558924335,0.008997758187320072,1.188691497456874,0.12058794120587941,-0.005860260993203533,0.022547518148432127,False,0.001370403640037085,1.3263606250695301,0.2013043890066918,0.2094790520947905,False,-0.013811233648611984,-2.3403023134772236,0.9723027697230276,-0.025324192122400255,-0.003160342048381996,False,0.0017330906020293156,1.217931091756126,0.23897509678021897,0.17888211178882113,False,0.024730772582838886,3.438245198656728,0.0004999500049995,0.011259533381308367,0.03810388548635106,True,-0.0019823938498869046,-1.5247305746828552,0.14470407078393419,0.0898910108989101,False,-0.0036096236210779293,-0.7834561264390094,0.6826317368263174,-0.012139784411042494,0.005333023567098492,False,0.0006956648891838182,0.561393737091835,0.5814520033611503,0.5634436556344365,False
44,44_17Networks_LH_SomMotB_Aud_1,0.27839812436453326,0.27165015973660167,0.3024176372132389,9.999000099990002e-05,True,0.28594476990931256,0.008030225200957196,9.999000099990002e-05,35.6085617468397,16,1.148257583131195e-16,2.8874383412625235,0.3367113984481626,0.13800187328375954,0.03165980103490596,0.2692059660758682,0.2625999722871349,0.28910657361176156,9.999000099990002e-05,True,0.27600754982306286,0.006997419246486901,9.999000099990002e-05,39.44419222295909,16,2.2738204375326577e-17,3.4603196583357003,0.32636164884006513,0.11389143568871532,0.02612848730009851,0.10666058673283309,0.08311292997708745,0.13068703203931573,9.999000099990002e-05,True,0.10706784430075161,0.012565790119305411,9.999000099990002e-05,8.520581935891025,16,2.4246221473271743e-07,2.1494208282586342,0.13894444277454215,0.08439351409662937,0.019361199970393827,-0.08061358460248773,-0.10722730209975358,-0.05379280809362651,1.0,False,-0.08078889246400046,0.013961421396311912,1.0,-5.786580762138007,16,2.78098611065949e-05,-1.3003681749873472,-0.08078889246400066,0.06212770661261878,0.014253073406228889,0.00012081697305018448,0.07806126670916963,0.4931506849315068,-0.0028068663792987563,0.0030796851103892316,False,-0.0013248752505894829,-2.4769287283249324,0.02340234261907134,0.0029997000299970002,True,0.0062171946761453165,2.7282666640252664,0.18518148185181482,0.0020937966923725237,0.010619786828284919,False,0.0003315114902887173,0.357951938314063,0.7245424853051995,0.5641435856414359,False,0.05502323368066133,8.878319766959027,9.999000099990002e-05,0.04379980964878597,0.06725531902441588,True,-0.0009169677603298881,-0.9913739311921189,0.3346436469665827,0.26517348265173485,False,0.0006897224217788109,0.3662043502602612,0.46915308469153083,-0.0027572018176396096,0.004316327768175976,False,-0.0011978118972168041,-1.7638701147188731,0.09471913745782169,0.0178982101789821,True
45,45_17Networks_LH_SomMotB_Aud_2,0.1299093773702863,0.1150029935713942,0.14545252930579336,9.999000099990002e-05,True,0.1306476706534227,0.007967696607185123,9.999000099990002e-05,16.39716935702685,16,1.9954744740011122e-11,1.699988611377276,0.17182735511599523,0.12849874206274087,0.029479633211767716,0.14970170788390372,0.13240946604369042,0.17080658492083495,0.00029997000299970003,True,0.1508352917195487,0.010158948540666051,0.00029997000299970003,14.847529851712345,16,8.905028926225651e-11,1.6613546248550082,0.1962054885182645,0.1523914121145052,0.034960987645820424,0.10254060873253275,0.08521623201793946,0.12200031008769706,9.999000099990002e-05,True,0.10290228356001228,0.009638578868928218,9.999000099990002e-05,10.676084613649556,16,1.0971662293798038e-08,2.226012350191879,0.137570940061522,0.08041640244752485,0.01844878798272935,-0.05883000607216364,-0.07433537043667741,-0.042644135731373885,1.0,False,-0.05889801697947956,0.0083529923523903,1.0,-7.051127846732108,16,2.7394823061232265e-06,-1.8146505720687276,-0.05889801697947931,0.03245694674558475,0.0074461342568360655,0.0018761872994495017,0.6143912554693038,0.37536246375362464,-0.004015840379085104,0.007840043580015527,False,-0.000128209101049772,-0.14862486967931415,0.8835020443320165,0.8499150084991501,False,0.004624465264078925,1.5273939530129093,0.2715728427157284,-0.0014116496404554904,0.010223884410651777,False,0.00014814458242895824,0.1375211852997659,0.8921454886694153,0.8218178182181782,False,0.04572899451532262,10.474109901441963,9.999000099990002e-05,0.03704363229088207,0.053654375980637554,True,-0.0006594224190927359,-0.6358075954276521,0.5329031251054624,0.35056494350564943,False,-0.0011107578441774825,-0.30597634628129283,0.5753424657534246,-0.007998353146692404,0.005946700906186024,False,-0.002432056692888566,-3.2717835532809096,0.004237022302550893,9.999000099990002e-05,True
46,46_17Networks_LH_SomMotB_Aud_3,0.3256308933041192,0.3237013842566834,0.3523037262514936,9.999000099990002e-05,True,0.33793308696351415,0.007487410043475061,9.999000099990002e-05,45.13350878358901,16,2.681634586730989e-18,3.5338706617296274,0.3900321812150488,0.12885552577990908,0.02956148501007493,0.2548977890979936,0.23891171395145092,0.28293055073633383,9.999000099990002e-05,True,0.26064400024436557,0.011551886269768613,9.999000099990002e-05,22.562895284597218,16,1.4797584966683876e-13,2.7315478231731993,0.3098639649704391,0.1393382555672254,0.0319663881571989,0.08646845402511062,0.06870861114625611,0.10434161209008011,9.999000099990002e-05,True,0.08668492823743791,0.009479253264607019,9.999000099990002e-05,9.144700095849968,16,9.388500340598973e-08,1.8364630309767924,0.11507207741427096,0.08698077897223944,0.019954759240549437,-0.08461131036988681,-0.10359059134898144,-0.06527563254527516,1.0,False,-0.08481409500825211,0.010156973699712444,1.0,-8.350331261628975,16,3.1662481391611465e-07,-1.3647720167811952,-0.08481409500825199,0.062145247679012014,0.014257097602848365,0.007658231275896701,2.423336076000103,0.19708029197080293,0.0020280498882588663,0.014188716683251964,False,0.0006432191211725738,0.6517648134612469,0.5227886297360793,0.30416958304169583,False,0.007996979994595038,3.2824570091823966,0.1538846115388461,0.0031789846648109174,0.012535864396236752,False,-0.0001421183978894694,-0.13872225366437538,0.8912098492636433,0.8147185281471853,False,0.036004154810297055,6.254619489498505,9.999000099990002e-05,0.024727531239099945,0.046781484222324976,True,-0.002466492052302788,-2.2893146631830135,0.03436271915568992,0.009099090090990901,True,0.0008857246335644996,0.30701617415598903,0.47995200479952005,-0.00446694047151042,0.006517227969626748,False,-0.0017330785716530583,-1.540720965459183,0.1407807321754527,0.0112988701129887,True
47,47_17Networks_LH_SomMotB_Aud_4,0.11331084878159878,0.09704276208096074,0.13035174203913183,9.999000099990002e-05,True,0.11379956504522122,0.008833893463673454,9.999000099990002e-05,12.882152757805528,16,7.313625234624289e-10,3.257050983857635,0.15132389300531696,0.06312271956782302,0.014481345033557786,0.11900842795392008,0.1019140269836027,0.13717881945952656,9.999000099990002e-05,True,0.11957509021311363,0.009273507588715105,9.999000099990002e-05,12.894267791253451,16,7.213452002535695e-10,2.600827905699977,0.156136140505376,0.07916507715805363,0.018161714273134517,0.05949362182124208,0.046769441561817164,0.07213229082748872,9.999000099990002e-05,True,0.05956396364674266,0.0066692089124807275,9.999000099990002e-05,8.931188755427188,16,1.2922116962596857e-07,2.289957244676957,0.0769944278665131,0.04977629145087255,0.011419464432556894,-0.01765869033627905,-0.03668969672935835,0.0008932148862468453,0.9868013198680132,False,-0.01766052617904988,0.00991950634717535,0.9868013198680132,-1.780383575648282,16,0.0940078428005903,-0.5291636422815434,-0.017660526179049868,0.03337441344780362,0.0076566155536274124,0.006334335596752314,1.7195506291084275,0.16128387161283872,-0.00017355458905132548,0.013777648520601623,False,-0.00014899212576513732,-0.17683886278964275,0.861609527082834,0.8563143685631437,False,0.003296914513104815,0.9140998886058266,0.3213678632136786,-0.00363907502919671,0.009902640636426437,False,-0.0007134040750380207,-1.2205807817323513,0.23799401385202212,0.31616838316168383,False,0.044844644242405786,7.6706147556207664,9.999000099990002e-05,0.03362768482661125,0.05579644041759923,True,-0.0008149166046777494,-0.9330225587550303,0.36315592707527034,0.30196980301969806,False,0.005810766632879592,1.1698894236102675,0.20437956204379562,-0.003879369375602588,0.015194187771654918,False,-0.0010532221231738276,-1.3522120055354216,0.19305369471645267,0.20077992200779923,False
48,48_17Networks_LH_SomMotB_Aud_5,0.1844840878948059,0.1683835827541612,0.20622701313162609,9.999000099990002e-05,True,0.1866208279739945,0.00993824013411878,9.999000099990002e-05,18.778055818284184,16,2.523586436096241e-12,1.9752885943931284,0.2347210186852264,0.14545410197740713,0.03336945954963038,0.1999190221682898,0.18339567064899837,0.22175603882367947,9.999000099990002e-05,True,0.20264820356887556,0.01006794397471984,9.999000099990002e-05,20.128062301271857,16,8.671976369799114e-13,1.5313340782850091,0.25596319052490446,0.2119471850080396,0.04862401899041913,0.06112113621296122,0.044235203423812014,0.07731848354457316,9.999000099990002e-05,True,0.061197419249584384,0.008695281668263216,9.999000099990002e-05,7.038003089991664,16,2.8030359641967155e-06,2.8416126665603345,0.08192560715060909,0.03873176904484693,0.008885677219528664,-0.04986772841580982,-0.06823844654573684,-0.0315534289891297,1.0,False,-0.04990912706496726,0.009542044311003528,1.0,-5.230443858598931,16,8.247491590513328e-05,-1.1716716624818093,-0.04990912706496722,0.04259651288250059,0.00977231026326571,0.0027166806185102347,0.6006770939416999,0.3655634436556344,-0.005691869865392344,0.011516176210717152,False,0.0009258537906657099,1.076973195275961,0.2957152143586325,0.1611838816118388,False,-0.0025994429569520055,-0.777163500369843,0.6108389161083891,-0.008916903076378442,0.0037839966911729483,False,-0.00043228182868340615,-0.3844338220384227,0.705160975446054,0.5384461553844615,False,0.035280326766890774,12.14112016864267,9.999000099990002e-05,0.029767289751954085,0.04078922869632796,True,5.7307545360394775e-05,0.05973070243071837,0.9530282866247948,0.9485051494850515,False,0.0018534997998182752,0.49660332174074684,0.4256574342565743,-0.005458368674817826,0.008767755098014963,False,-0.002634907023075657,-2.8340557061695413,0.011002560198719072,9.999000099990002e-05,True
49,49_17Networks_LH_SomMotB_Aud_6,0.12732918598081466,0.11173932463551897,0.14274083510230753,9.999000099990002e-05,True,0.12802407579158004,0.00815719910130097,9.999000099990002e-05,15.694612109095374,16,3.8681816859656684e-11,1.378501438560453,0.16895636417938406,0.15651996357140283,0.03590814230812697,0.12287320933951369,0.10287013740603528,0.14513649456320718,0.0005999400059994001,True,0.12349724487805894,0.011238785856069163,0.0005999400059994001,10.98848634182028,16,7.287763671150395e-09,1.221087043412692,0.16556371611920784,0.17651452170699933,0.04049520853622245,0.10245429380145211,0.0853977314682023,0.12074833123367243,9.999000099990002e-05,True,0.10281505219997579,0.00936937436514972,9.999000099990002e-05,10.973523758684058,16,7.4304346887419195e-09,2.0158324194643042,0.14066803044890616,0.0936655368062513,0.021488347864786254,-0.03867947524033886,-0.055350562385083416,-0.02360226434757544,0.9996000399960004,False,-0.03869878205185056,0.00836402619258056,0.9996000399960004,-4.626812633152552,16,0.0002798898097765482,-0.9182475575984186,-0.03869878205185056,0.04214417096089339,0.009668535909359774,0.002407882204817828,0.8144366568163668,0.36966303369663034,-0.0033352113550026772,0.008089361389518693,False,-0.0005266016925924223,-0.5931779729892737,0.560442138801263,0.47855214478552144,False,0.010754901143183695,4.100948538942719,0.08499150084991501,0.005923051134922202,0.015804612586233262,False,0.0006438836859310698,0.5008883967126675,0.6225193883783517,0.43025697430256976,False,0.0397704139111322,9.618250171140225,9.999000099990002e-05,0.03190514276051659,0.04775999609834263,True,-0.0005186032847752416,-0.40020335053155115,0.6937164616012157,0.5400459954004599,False,-0.0014641135744525254,-0.36307271664369783,0.5673432656734326,-0.009378921455552828,0.006049706018142179,False,-0.001036203806782132,-0.945536691398802,0.356905768313041,0.20417958204179582,False
50,50_17Networks_LH_SomMotB_Aud_7,0.2358035149573032,0.22248061203557326,0.25966496783533827,9.999000099990002e-05,True,0.24032586071141504,0.009718694554980202,9.999000099990002e-05,24.728203911734585,16,3.549901612848115e-14,2.356088498480626,0.2940484669763778,0.15109338933002828,0.03466320079613894,0.17623314712054883,0.15783950619595574,0.19811609816420894,9.999000099990002e-05,True,0.178092409412399,0.01051562980716987,9.999000099990002e-05,16.9359717561539,16,1.2216606111697019e-11,1.9928081778701046,0.22647307812028628,0.14519337523254566,0.03330964473211831,0.05979952118208177,0.045423645762878474,0.07532602000501071,9.999000099990002e-05,True,0.0598709551979942,0.007959742544865877,9.999000099990002e-05,7.521720063246472,16,1.2223071277294462e-06,1.929560942566712,0.08388533200342796,0.051825151000414786,0.011889505049712836,-0.02892125701612804,-0.04702694389055999,-0.010258098922053623,0.9807019298070193,False,-0.028929324688853182,0.0097296960530353,0.9807019298070193,-2.9733019953720268,16,0.008964829838135865,-0.5250662718320485,-0.028929324688853127,0.0550965206504575,0.012640008718739267,-0.0008545043841678215,-0.26083379276402996,0.5358464153584641,-0.007212357473550287,0.005283335387974138,False,-0.00035604188165289324,-0.45794903706983864,0.6524690843225431,0.5246475352464753,False,0.00590891745807084,2.6859441724891324,0.2333766623337666,0.001648033083696518,0.010003474775414769,False,-0.00041131218973879704,-0.504395006375157,0.620102306600022,0.5427457254274572,False,0.03158965908232648,5.968009195302944,9.999000099990002e-05,0.021608706247959526,0.04148540230802057,True,4.4807632717347136e-05,0.06303730347192407,0.9504315416504597,0.9586041395860414,False,0.0016774408854838881,0.5081270473109805,0.44155584441555845,-0.0047137187990863045,0.007802626683465224,False,-0.0021252332637357735,-1.527715917781043,0.1439647722211342,0.0051994800519948,True
51,51_17Networks_LH_SomMotB_Aud_8,0.3155010806635996,0.30792702203192845,0.34571366644220225,9.999000099990002e-05,True,0.32664292800064576,0.009975151967114265,9.999000099990002e-05,32.74565932203448,16,4.3151499231302993e-16,2.3106156420926176,0.38027841150894615,0.18961217650550516,0.043500016623804955,0.32846525969454915,0.3286244422076014,0.35522423809483616,9.999000099990002e-05,True,0.34110693241663503,0.007060188336800535,9.999000099990002e-05,48.314140663733966,16,9.087720053616731e-19,2.6315429269192494,0.39383290717519465,0.1759756747826369,0.04037158857362595,0.09550386398792961,0.07410222942115612,0.11708037864999844,9.999000099990002e-05,True,0.0957958266543642,0.011375282737588177,9.999000099990002e-05,8.421401811650718,16,2.8312336193625715e-07,1.951391599819905,0.12930094160359512,0.08558896443105665,0.019635455086172267,-0.0931041908529491,-0.12225663392956516,-0.06399628978195579,1.0,False,-0.09337461992002677,0.015195835825573066,1.0,-6.144750508747053,16,1.4108961855612085e-05,-1.4430178883596898,-0.09337461992002691,0.06470787415266743,0.014845004435938152,-0.0007422421710100588,-0.3332191465190082,0.5395460453954605,-0.004854864215141042,0.003571041943100051,False,-0.00012535238761327247,-0.14885380556206204,0.8833239880330586,0.8377162283771623,False,0.0018797925207706802,1.0466284087343716,0.40475952404759524,-0.0016159331048238828,0.005254078606308916,False,-0.0003077346667994637,-0.43244914551168395,0.6705515777730665,0.5712428757124287,False,0.05266103636500872,6.926699820610858,9.999000099990002e-05,0.038364249893670224,0.06728966450324857,True,0.0008444911854843688,0.7583154345389815,0.45807681163055053,0.3615638436156384,False,-0.0016015268059513931,-0.7457882165470641,0.5617438256174383,-0.00555969498111967,0.0025201971062905194,False,-0.0007728487435402144,-0.6826456802631058,0.5035223833966989,0.21497850214978503,False
52,52_17Networks_LH_SomMotB_Aud_9,0.40638823995821166,0.39654666002759165,0.4669038332935116,9.999000099990002e-05,True,0.43127733102170746,0.018550985450106916,9.999000099990002e-05,23.24821676894916,16,9.291543915533004e-14,2.415176066256961,0.4864789701585504,0.22989632037079777,0.052741833052008344,0.44474580260311686,0.45377742268032023,0.5024671661960193,9.999000099990002e-05,True,0.4781313238500156,0.012998291892805503,9.999000099990002e-05,36.78416578063301,16,6.869240521886345e-17,2.7454052889015492,0.5319543810562886,0.22570173241385177,0.05177952857758096,0.1237357414578518,0.09197161800466076,0.1562670324675957,9.999000099990002e-05,True,0.12437309345018197,0.01694098489404483,9.999000099990002e-05,7.341550342442144,16,1.6590144346958428e-06,2.456911482131704,0.1611725376170414,0.08133528620606052,0.018659594374535553,-0.08071319223926526,-0.12260808197630264,-0.04164881023562419,0.9966003399660034,False,-0.08088915245071113,0.021129498930272893,0.9966003399660034,-3.828257012513378,16,0.0014817270317639612,-0.6857860501103068,-0.0808891524507113,0.11795100299532242,0.02705981591294072,0.0037185196199370665,1.6636124077195331,0.37136286371362864,-0.000475397844387702,0.008039431190519511,False,0.0003144507941712336,0.39269311179456845,0.6991576675221784,0.5797420257974203,False,0.004010287537017972,2.7217441604838615,0.3457654234576542,0.0012075323811845048,0.006903382751772832,False,0.0007525472942008682,0.6948663685646553,0.4960116975516574,0.20987901209879012,False,0.06200087041112696,11.78904352395264,9.999000099990002e-05,0.05167497752999702,0.07218384423313146,True,0.0008464052330442782,0.783523788359795,0.4435078531848677,0.3531646835316468,False,0.005557948399730945,2.9374282876403246,0.34826517348265174,0.0018540485833159926,0.009026866086519817,False,0.0003448557701052608,0.2837557982454433,0.7798356097194528,0.6020397960203979,False
53,53_17Networks_LH_SomMotB_Aud_10,0.30260686374534823,0.2942769606218657,0.3306149665268438,9.999000099990002e-05,True,0.31238676153851574,0.00960348692221578,9.999000099990002e-05,32.52847263381703,16,4.792814456199014e-16,1.7172654435656247,0.3694444196507172,0.25375628232046726,0.05821568373281545,0.3032417490171176,0.29479057405196846,0.3303166890294893,9.999000099990002e-05,True,0.31308579207722464,0.00924093685210694,9.999000099990002e-05,33.880308575622486,16,2.5204435263868353e-16,2.586905109821301,0.36827157430507945,0.16892382595173744,0.03875378349894089,0.09261842841653287,0.06634595373076878,0.11685625031535746,9.999000099990002e-05,True,0.09288463220035101,0.013506793987757995,9.999000099990002e-05,6.876882277506998,16,3.7215831600335764e-06,1.9047925016861584,0.119663568595005,0.08475176482895877,0.01944338832506084,-0.09112391982246502,-0.12428749284291878,-0.0563548890716373,1.0,False,-0.0913774018205739,0.017951496448376524,1.0,-5.0902386931000265,16,0.00010914221094636959,-1.7226772520642548,-0.09137740182057379,0.05304383146121992,0.01216908952198216,0.00088827636151921,0.4393580221252321,0.46985301469853014,-0.00296410141308549,0.004631589663374579,False,-0.0008055825951888318,-0.8989861737529041,0.38052907784472034,0.1807819218078192,False,0.0068183550418664425,2.3448310818897977,0.2348765123487651,0.0012090618249765495,0.012374184509767223,False,0.000989165374414586,0.8790011234463827,0.39098427103285915,0.13338666133386662,False,0.046299971996669,6.741937064154836,9.999000099990002e-05,0.03328937788542076,0.05936362423474934,True,-0.0026985536967886713,-1.8890867893651162,0.07510087607290102,0.0122987701229877,True,-0.001619418099886166,-0.6834713898909565,0.5487451254874512,-0.006177455959657352,0.002675599902953754,False,-0.0027267386690569533,-2.2856481467321967,0.03461818352623569,0.00029997000299970003,True
54,54_17Networks_LH_SomMotB_Aud_11,0.3417683159234067,0.3282629108283262,0.3801726749221764,9.999000099990002e-05,True,0.3560933444622572,0.013617687959030914,9.999000099990002e-05,26.149324726309715,16,1.481801952499988e-14,2.270255837711022,0.41127577683066985,0.21003901077365397,0.04818625379808465,0.3516768468720526,0.3437655340019196,0.39348963183234237,9.999000099990002e-05,True,0.3673559721513869,0.012980985725847024,9.999000099990002e-05,28.299543648671296,16,4.292144479242382e-15,2.1842684420248575,0.4243147797759171,0.22989068077478084,0.05274053923994938,0.09364120039966728,0.06965480657741722,0.11840306995646194,9.999000099990002e-05,True,0.09391635255468392,0.012793769375995665,9.999000099990002e-05,7.340788300506235,16,1.6611745820411976e-06,1.5676655019441066,0.12349356689365837,0.10464398982649539,0.024006977721189038,-0.0889317520518997,-0.12528025400574025,-0.05144852452880406,0.9949005099490051,False,-0.08916732040126348,0.01937631585693004,0.9949005099490051,-4.601871741751791,16,0.0002946262468990613,-0.6494224960615702,-0.08916732040126335,0.13730248173110665,0.03149934960859123,-0.0028293562659201382,-1.2012581876364627,0.5994400559944005,-0.007279425977228932,0.0017861023845896567,False,3.558307789005434e-05,0.024236246777700126,0.9809308307169852,0.9659034096590341,False,-0.0012316358465841906,-0.5650150594319403,0.5487451254874512,-0.005453027961770252,0.00276120446033955,False,0.001439285120853634,1.0139074923397555,0.32406272471815717,0.0463953604639536,False,0.042125266834529496,8.18701619045808,9.999000099990002e-05,0.03242866191156925,0.05193635900702254,True,-0.0005954748976439924,-0.5546761052654017,0.5859431821637366,0.5416458354164584,False,0.0013402621756456797,0.6179919850043973,0.45785421457854214,-0.0026304193039869733,0.005607154400680761,False,-0.0011903929451224395,-1.0698258591714345,0.29883460726553557,0.0846915308469153,False
55,55_17Networks_LH_SomMotB_Aud_12,0.049943399988750505,0.030640587827496454,0.06994628355454621,0.0093990600939906,True,0.049984987573497605,0.010296992102417763,0.0093990600939906,4.854329019225043,16,0.00017576946272000965,0.7679960860335708,0.07394339924854272,0.12335794810523912,0.028300254193330102,0.06289059146496588,0.04688091970597793,0.07937789939382638,0.0029997000299970002,True,0.06297370430357632,0.008496912117842762,0.0029997000299970002,7.411363496550366,16,1.4730610272263068e-06,0.951559239207678,0.08853362931327258,0.1249957777464565,0.028675998082424946,0.07154775328600556,0.052007464071743115,0.09062159212174599,0.00039996000399960006,True,0.0716702158923918,0.01004818582113572,0.00039996000399960006,7.132652318355622,16,2.3769899923139498e-06,1.5538142749786963,0.09590886326132318,0.09045332259975764,0.020751415385254067,0.016283653402191393,-0.0028831780134242523,0.035400742587811694,0.034396560343965606,True,0.01628509287477024,0.009960867275517534,0.034396560343965606,1.6349071244827043,16,0.12158660301427866,0.45474097546714515,0.01628509287477028,0.03581180002097002,0.008215790383036636,0.007729107896688017,1.2412153912140345,0.1640835916408359,-0.00462534783254125,0.01891937573746145,False,-0.0018435610087580694,-1.406078092060134,0.17672924315745797,0.08449155084491551,False,0.004623464166603292,1.168528163830152,0.2545745425457454,-0.0026406863422977797,0.012309440834894648,False,-0.0012497265118341847,-1.4145586744565175,0.17426370125200716,0.13958604139586042,False,0.02998658378615146,5.152741681127775,9.999000099990002e-05,0.018822728552163537,0.04109642107539278,True,-0.0007671754100694563,-0.6388818715386305,0.5309461662364264,0.43985601439856015,False,0.022779609057856767,3.8411350354916025,0.0013998600139986002,0.011896044085783167,0.03413566165269604,True,0.0002330743724833978,0.23469804644616876,0.8170921678425519,0.8245175482451755,False
56,56_17Networks_LH_SomMotB_Aud_13,0.018196312429045288,-0.002540609609766574,0.040747066845538686,0.0751924807519248,False,0.018198321129558943,0.011461066731140153,0.0751924807519248,1.5878383362094395,16,0.1318857756621209,0.559326321553502,0.02343836295716925,0.06653520126619301,0.0152642220267092,0.004559365838170867,-0.017301632080055335,0.0266879558036157,0.3842615738426157,False,0.00455939743165225,0.011667436419818357,0.3842615738426157,0.3907797109489828,16,0.701114272524857,0.13672322751817856,0.005040259417176559,0.07083882726026974,0.016251541542444736,0.029116659367043846,0.009117933652476689,0.04862000699440029,0.004899510048995101,True,0.029124891727383695,0.010529609591633324,0.004899510048995101,2.7659992019576776,16,0.013773264692009696,0.9389987955862586,0.04317883603150311,0.06478709436626172,0.014863178799377269,0.00616687700210127,-0.007609200252293301,0.020011258909074767,0.1964803519648035,False,0.006166955180093899,0.007369289385382086,0.1964803519648035,0.8368452991311255,16,0.41500429225889385,0.20190479285241025,0.006166955180093893,0.030543877106482875,0.007007245981636019,0.010570805270752567,1.8853453669204345,0.050294970502949704,0.000569002903967687,0.021903483973567943,False,-0.0032695921238511372,-3.4605199517972633,0.0027908564461477927,0.000999900009999,True,-0.0024318198808175573,-0.4600697388009317,0.6447355264473552,-0.012453469521631776,0.0077753140792789196,False,0.0007438256064613647,0.754058363497734,0.4605656330907875,0.47505249475052497,False,0.009443251103559211,1.4793143288480175,0.10268973102689731,-0.0026636309749445996,0.021628455213289016,False,-0.0008441509373214739,-0.6417051385219416,0.5291524803439295,0.42025797420257976,False,0.00622910031163832,0.9170470189849352,0.1713828617138286,-0.006667878105141469,0.019387255597483877,False,-0.00029048359873800136,-0.3440772011820332,0.7347751270788934,0.7565243475652434,False
57,57_17Networks_LH_SomMotB_Aud_14,0.0032232776111071793,-0.011041672453781418,0.017516642358512833,0.31986801319868013,False,0.003223288773944285,0.007522114245400107,0.31986801319868013,0.4285083513475454,16,0.6739940590672718,0.1514325515903938,0.005207314188774902,0.046816177691471846,0.010740367762103634,-0.013678655120981355,-0.027486131021884228,0.0018964333081495867,0.9639036096390361,False,-0.013679508334452872,0.007798637472957504,0.9639036096390361,-1.7540895293425076,16,0.09854526219507974,-0.6140005225535163,-0.023598813141022617,0.052427489138899434,0.01202769089579152,0.021343207894727875,-0.0003141565470563551,0.042814560147139774,0.0178982101789821,True,0.021346449622583585,0.011567745292650464,0.0178982101789821,1.8453422929484797,16,0.08357703998407393,0.8471446390211049,0.027421189757199146,0.0533470500711561,0.01223865264190388,0.0075798986366388665,-0.002648011465907107,0.017885548346185606,0.13978602139786023,False,0.007580043808990185,0.0054139744242939795,0.13978602139786023,1.4000885883347471,16,0.1805788832621086,0.24785951002850753,0.0075800438089901915,0.03058201724080857,0.00701599592854227,-0.001041954836137551,-0.25701312704196655,0.5708429157084292,-0.008648332049763273,0.006903256307563589,False,0.0004833637115788797,0.7248470811958194,0.477863455677829,0.6156384361563844,False,-0.012163620860164407,-2.4239203556702744,0.9824017598240176,-0.021554026565453833,-0.002635101101104905,False,6.951438067364626e-05,0.0667931102737904,0.9474827201608421,0.9421057894210579,False,0.015936094940198733,2.8565511104000745,0.004299570042995701,0.005307123345577734,0.026432449813246182,True,-0.0010400654653256339,-1.3636818925853724,0.18948031080182368,0.23447655234476553,False,0.0058059080657268365,0.9573022014683925,0.16848315168483152,-0.005623651057482642,0.017438238300473793,False,0.00017662690474751393,0.2279134478856285,0.8222824322513063,0.8568143185681432,False
58,58_17Networks_LH_SomMotB_Aud_15,0.05739088944806101,0.04064523531065992,0.07577231113820193,0.0007999200079992001,True,0.057454023992408204,0.009170503829185495,0.0007999200079992001,6.265089144781609,16,1.1276536412145503e-05,1.007271136989769,0.08895438874268134,0.11112037973524869,0.025492763464937576,0.02234588137933963,0.009532834326356302,0.035322229518158915,0.10278972102789721,False,0.022349601879736933,0.006892344324178164,0.10278972102789721,3.2426705382862413,16,0.005099045309137348,0.3973166917212948,0.035070563489170814,0.1144204648246033,0.026249854907547162,0.14047009577660874,0.11020252983144253,0.17382863819878946,9.999000099990002e-05,True,0.14140510215360988,0.016528841139294315,9.999000099990002e-05,8.555052405788144,16,2.2980738147949846e-07,1.8410313707746846,0.18148816854741712,0.12546271121105565,0.028783119965874685,-0.0723984638531725,-0.09835670044549508,-0.04670072807632041,1.0,False,-0.07252535624901633,0.013458233359603713,1.0,-5.388920990678371,16,6.0261982401185145e-05,-1.2391094316024913,-0.07252535624901635,0.05853022695115975,0.013427754969610847,0.014888146579867456,3.310818793340937,0.0395960403959604,0.006468905981950947,0.023564940643339024,True,0.0005397850354515382,0.464992854673439,0.6475123751052432,0.6118388161183882,False,-0.0008330201633467255,-0.1542918477410824,0.5421457854214579,-0.011164366776739617,0.009198380645349048,False,0.0010126287958869113,0.9715938586655151,0.3441287908678133,0.2883711628837116,False,0.031364464039939234,8.768642474316852,0.00039996000399960006,0.02472746036998087,0.038290431505722915,True,-0.0021179739868357594,-2.1405799180029703,0.046249273429826626,0.014598540145985401,True,0.01725481080382066,3.01762587801685,0.027697230276972302,0.006043666577682529,0.027786842939583247,True,0.00023742175018305205,0.22679421751964507,0.8231394698294102,0.7975202479752025,False
59,59_17Networks_LH_SomMotB_Aud_16,0.006781867726805849,-0.0070372096837451135,0.01929269887563226,0.1287871212878712,False,0.006781971704139313,0.007013732983984433,0.1287871212878712,0.9669560731247772,16,0.34795580848900765,0.3241866429237162,0.011825943707504484,0.04403767977136451,0.010102936622704381,0.013432214108129214,-0.0010088692156122834,0.027952302016455294,0.047995200479952004,True,0.013433022028541037,0.007666987733296111,0.047995200479952004,1.7520599348560657,16,0.09890333706531408,0.560296630713112,0.020118501035340998,0.0501326751032494,0.0115012244497064,0.08687415482525807,0.06473440255260475,0.11090317589188362,0.00029997000299970003,True,0.08709369969984627,0.012002069556078548,0.00029997000299970003,7.256556820714052,16,1.919052703977279e-06,1.545540010128561,0.11534268683528842,0.10452521960335445,0.02397972996328519,-0.03675671343913681,-0.05715660420178971,-0.016834773224649786,0.9999000099990001,False,-0.03677328033009073,0.010469285583181668,0.9999000099990001,-3.5124918541877386,16,0.0028863782861157914,-1.0547457901307502,-0.036773280330090634,0.03486459076127922,0.00799848567559568,-0.0039007295977594534,-0.9088679074580485,0.7387261273872613,-0.01184004032020322,0.004534615140509463,False,-0.000250149603007046,-0.21210136221342862,0.8344111888734854,0.7895210478952105,False,0.007232970627779487,1.2634064230240973,0.1364863513648635,-0.0037727493973163757,0.017772762108397358,False,-0.0011101593505060392,-1.0316192145966252,0.31591350337576024,0.23447655234476553,False,0.02624913876368463,5.349773040785951,0.0006999300069993001,0.016823164391723475,0.03567462586341615,True,-0.002515627255994001,-2.2397029723265622,0.03797187877556001,0.0027997200279972004,True,-0.00566285394521679,-1.1648766691528976,0.8075192480751925,-0.015266055546525248,0.0035091095580863014,False,0.0006229512598153429,0.5771402042321293,0.5709934168844075,0.5409459054094591,False
60,60_17Networks_LH_DorsAttnA_TempOcc_1,0.029128950851936446,0.01190606627788535,0.04820829521474849,0.0058994100589941,True,0.02913719364599836,0.009547863926994325,0.0058994100589941,3.0516976225037986,16,0.007611690872581641,0.9436344519394219,0.03928575235439119,0.06122682515168165,0.014046397024737613,0.01740027427101024,0.001964278838082606,0.03412851677793353,0.0365963403659634,True,0.017402030681133378,0.008445750814028066,0.0365963403659634,2.0604480364527538,16,0.05600252911348022,0.6384239949904015,0.025291660612474665,0.05785520609182024,0.013272894563787534,0.017157324114761816,0.004895368225930122,0.02820111688818779,0.012898710128987101,True,0.017159007967579798,0.006121786168104338,0.012898710128987101,2.8029414122599494,16,0.01276367812735887,0.7576289089041849,0.026596480719552312,0.04692666059886056,0.01076571427938237,0.0035073073768476185,-0.008261241084336086,0.015764058950013912,0.292970702929707,False,0.0035073217583228198,0.006245833385258414,0.292970702929707,0.5615458405600281,16,0.5822064450137693,0.12434877722318176,0.003507321758322801,0.028205518676133527,0.006470789766285008,0.00967677169195684,1.843028477643842,0.053094690530946904,-0.0007060856694690726,0.01947183730245065,False,-0.0012053694932056055,-1.4463882982214844,0.16525762326827148,0.18938106189381063,False,0.011215382237113991,2.74275789040047,0.0217978202179782,0.0034876784801477177,0.018993146366068955,True,-0.0015578415503747802,-1.7681680253220522,0.09397800509842841,0.0907909209079092,False,0.015188109581781854,3.00844144905185,0.0013998600139986002,0.0053850272478322145,0.024674541502576103,True,-0.0007788234965061762,-0.6935928811273852,0.49679132954962535,0.4236576342365763,False,0.0022542687474366627,0.39124623378098095,0.36096390360963904,-0.008636618197338047,0.013241413089678529,False,-9.022885949819433e-05,-0.086368724208948,0.9321268161313693,0.9198080191980802,False
61,61_17Networks_LH_DorsAttnA_TempOcc_2,0.0041071306357381996,-0.00531260955967115,0.013246130411812575,0.35266473352664734,False,0.004107153729713179,0.0050286056141073876,0.35266473352664734,0.8167579732621824,16,0.4260612511049511,0.16584049968547052,0.004973667935596913,0.05253896855286352,0.012053266027357548,0.01421932018502714,0.003662632451019844,0.02513016948867181,0.0428957104289571,True,0.014220278631660558,0.005703375412378204,0.0428957104289571,2.493309242943726,16,0.02399494513840786,0.6282005527098672,0.018933743989422564,0.04612631595056947,0.010582102624545293,0.04340817316598739,0.03140505087452583,0.0560503592977806,0.00029997000299970003,True,0.04343546826364558,0.006434916577795627,0.00029997000299970003,6.7499660234173575,16,4.664173597464613e-06,1.5539525832808245,0.06244268184707025,0.05475108092551065,0.01256075941073254,0.002114797136062416,-0.0060380472021653135,0.00973418334548089,0.3220677932206779,False,0.002114800288787132,0.004136519038931845,0.3220677932206779,0.5112511918555626,16,0.6161576529137799,0.1158028726234411,0.0021148002887871205,0.018262071059876706,0.004189606434197962,-0.004601699727106593,-0.8126702788188819,0.826017398260174,-0.01519749991928843,0.006600533020195665,False,-0.0021092501665203713,-2.309095724390688,0.03301434969339626,0.012798720127987202,True,0.004814191695524677,0.94925072861662,0.15758424157584242,-0.004329997390078744,0.015202351272392077,False,0.00015223296108300862,0.17678055785370472,0.8616546562484492,0.8707129287071292,False,0.03451081826462484,5.762277816935902,9.999000099990002e-05,0.022494269909674815,0.04543544851104414,True,0.00045030755960298813,0.44116732455339197,0.6643452839659764,0.6655334466553344,False,0.005979520870654091,1.4120396834406566,0.127987201279872,-0.001758829513277966,0.014292205948982133,False,-4.286477572383344e-05,-0.047614723742737015,0.9625476245220305,0.9574042595740426,False
62,62_17Networks_LH_DorsAttnA_TempOcc_3,0.02685960540697644,0.015040651750819273,0.038924224364229404,0.006399360063993601,True,0.026866067387966486,0.006388631335200209,0.006399360063993601,4.205293118095466,16,0.0006710275186317746,0.7989815473575915,0.04312915516870326,0.06720365255579244,0.015417575269869376,0.005155354601166532,-0.010561762391417179,0.021096457548666268,0.2960703929607039,False,0.0051554002743516535,0.008376408390991831,0.2960703929607039,0.6154666813876796,16,0.5469021108138221,0.13947245332547595,0.00957856997507013,0.07492809413373316,0.017189683703212926,0.08581284036969476,0.06036926358737639,0.11685265365959482,9.999000099990002e-05,True,0.08602441339811333,0.014923179213272743,9.999000099990002e-05,5.764483034660792,16,2.9015216162581757e-05,2.198935998273956,0.11546742863337317,0.06984160001210722,0.016022761921471812,0.02406546776050809,0.005452754481624518,0.043924594760036316,0.0008999100089991,True,0.024070115187928717,0.010246103547988997,0.0008999100089991,2.34919694840025,16,0.03198651154876189,0.9059106559147589,0.024070115187928655,0.026570076232985154,0.006095593537987059,0.014243311328630923,2.1851426218177434,0.0117988201179882,0.0014715645963445862,0.02641716432971308,True,-0.00048624893675534717,-0.5312451756867783,0.6017435987351576,0.6477352264773523,False,0.007238751599042493,1.0428524496467904,0.11838816118388161,-0.005819074183744205,0.02048232705076415,False,4.9563352780055486e-05,0.07030094741148811,0.9447292928161534,0.9542045795420458,False,0.06388281505892432,8.036172215283829,9.999000099990002e-05,0.04885733416053571,0.07852426913825296,True,-0.0007024732552739466,-0.8698251256666927,0.39584756001140714,0.48255174482551744,False,0.015857601313045477,3.0164899327953636,0.0057994200579942,0.005658948579791264,0.02574391435306331,True,0.00043913899109212156,0.5643197626192686,0.5795012376178714,0.6212378762123788,False
63,63_17Networks_LH_DorsAttnA_TempOcc_4,0.020641957033675294,0.003305071852147479,0.03752365310433741,0.017598240175982403,True,0.020644889563267602,0.009068972166436321,0.017598240175982403,2.2764310204493743,16,0.036914452832787666,0.6828384610211562,0.031273487925063875,0.06082416544511768,0.013954020552656135,0.027656229128899007,0.009170511138725444,0.04700781409942018,0.005599440055994401,True,0.027663283478989727,0.009815252593127688,0.005599440055994401,2.8183975110695205,16,0.012362872683647526,0.9643404408969739,0.03894453884980516,0.05814647020501837,0.013339715134067042,0.06845210155513715,0.04831384257783815,0.09169347634551635,9.999000099990002e-05,True,0.06855931826148147,0.011399531257405275,9.999000099990002e-05,6.014222577524361,16,1.803112748120932e-05,2.125783644087365,0.09544950304497464,0.0644754941489591,0.014791692806850562,0.020106368036477123,0.001660124988640194,0.04208687757200589,0.0029997000299970002,True,0.02010907813443343,0.010830198020001318,0.0029997000299970002,1.8567599684969551,16,0.08185347334772732,0.7365851641516377,0.020109078134433408,0.027300411565571055,0.006263143954283855,0.009798355217031826,1.6110019101373783,0.07439256074392561,-0.001164468561568687,0.021771295868560935,False,-0.0004995036443452265,-0.6397534517831537,0.5303920744096815,0.6281371862813718,False,0.017890934388376127,3.2430873196502112,0.004199580041995801,0.0075201139592892844,0.028487552591588118,True,0.00018219865230844818,0.17165237158347435,0.865625872919724,0.8545145485451455,False,0.04402324112729293,7.585377767777384,9.999000099990002e-05,0.03309216938739441,0.05517736093473343,True,-0.0026958238033770484,-2.436373203669272,0.025449298274924374,0.010298970102989701,True,0.017697451658912577,3.546679716669631,0.0032996700329967,0.008236760404216366,0.026977281603516545,True,-0.0017335821180526928,-1.4879265712639023,0.1540799902788616,0.07779222077792221,False
64,64_17Networks_LH_DorsAttnA_ParOcc_1,0.11415995431301912,0.09528013911339467,0.13423631253853208,9.999000099990002e-05,True,0.11465979838723316,0.010261330019790111,9.999000099990002e-05,11.17397044692053,16,5.7405531530386295e-09,1.240233444862067,0.15581585515880966,0.16101629008107193,0.03693967035406437,0.08645490621895167,0.06970487596486798,0.10505936197147575,0.0005999400059994001,True,0.0866712783901785,0.009324217035601295,0.0005999400059994001,9.295287535591914,16,7.517957691075017e-08,1.1708002505002995,0.12025954760408615,0.13160494893909108,0.030192245941859385,0.05915660717986521,0.04487089819806746,0.07440306635738267,9.999000099990002e-05,True,0.059225758700223376,0.007765469557645612,9.999000099990002e-05,7.626809719691932,16,1.024838443488341e-06,1.8267817328045899,0.08392491082263012,0.06052872147515839,0.013886241057470293,-0.019762361413477002,-0.039705269575020116,0.0020704735469572813,0.962003799620038,False,-0.019764934752716637,0.011034376828665832,0.962003799620038,-1.7912144074480023,16,0.09219281031584427,-0.4309654040675367,-0.019764934752716696,0.045861998587755026,0.010521464062780485,-0.003930665153468432,-1.2505188191713452,0.6757324267573243,-0.009756699952197556,0.0021438646345959826,False,0.0002103600589679829,0.24133731807724687,0.8120214905227287,0.7916208379162084,False,-0.004331491557409691,-1.472563028788512,0.7032296770322968,-0.009969457899669893,0.0011621168480759703,False,0.00024880078206334434,0.24233709328710568,0.811258656762684,0.7621237876212379,False,0.02690958489128967,6.535423939202742,9.999000099990002e-05,0.019190106267075784,0.034908864822777226,True,-0.00020623993394011536,-0.2798144366947393,0.7828099956085293,0.77992200779922,False,-0.000158448428605762,-0.03561656518113051,0.517948205179482,-0.008655257881157988,0.00802279795984894,False,-0.002143733183674925,-1.9257027592121914,0.07008747546823686,0.008999100089991,True
65,65_17Networks_LH_DorsAttnA_SPL_1,0.013512012920119661,-0.009918841746131356,0.03848592687372519,0.127987201279872,False,0.013512835326515258,0.012848844343082515,0.127987201279872,1.0516770976208625,16,0.3085728032816003,0.32537671245443694,0.022525295363050608,0.08443303371035565,0.01937026639157912,0.0155653219524183,-0.0010878510744339236,0.035262201719561535,0.0084991500849915,True,0.015566579186680909,0.009817854436533723,0.0084991500849915,1.5855377860110977,16,0.13240762430787023,0.7079640737874611,0.027737680571464002,0.0455640604739518,0.010453112371754307,0.07514415774918505,0.04869009123247718,0.10415341622758231,0.0004999500049995,True,0.0752860763255621,0.0146185479759589,0.0004999500049995,5.150037914119425,16,9.68220543594493e-05,1.4995361989815872,0.10136251727557466,0.09560026881945814,0.021932205829438972,0.011669594302474209,-0.007834656556971287,0.030655373577948602,0.11878812118788121,False,0.011670124065331987,0.01001857411910217,0.11878812118788121,1.164848802493844,16,0.261154278002996,0.2787498224090393,0.011670124065332023,0.04186594260213435,0.009604705946251468,-0.0025236864902838767,-0.3171963398586834,0.6153384661533846,-0.01754820946975837,0.012559620306078623,False,-0.000806323752687337,-0.6767551846391407,0.5071657691685449,0.5422457754224578,False,0.013572089313291005,2.512581696992055,0.027297270272972702,0.0033895479599449683,0.023850112974220572,True,-0.0005393451489484888,-0.5109286483474842,0.6156105876209463,0.6492350764923508,False,0.048387875055698026,4.815127903691082,9.999000099990002e-05,0.029009250196940083,0.06769621775000956,True,-0.002942359017942936,-1.703270611408959,0.10572114157298512,0.0163983601639836,True,-0.008254029869599363,-0.9433697290695944,0.8234176582341766,-0.024230140859496898,0.008577582482200256,False,-0.00034726457985362206,-0.2045875850518753,0.8401899014636425,0.7798220177982201,False
66,66_17Networks_LH_DorsAttnA_SPL_2,0.0018021614917088228,-0.012866015201063702,0.015595702285302918,0.414958504149585,False,0.001802163442724271,0.00748823464623713,0.414958504149585,0.2406659951060514,16,0.8128706419860496,0.07853340295203373,0.002552805949502184,0.05068549148392639,0.011628049225375081,0.010588619232511755,-0.002742658869202576,0.02583549266542381,0.11378862113788621,False,0.010589014987097765,0.007479998327693061,0.11378862113788621,1.4156440313488108,16,0.17605069516765087,0.4458263765919195,0.015173071377014501,0.05092080121695041,0.011682032980463672,0.038890891684200256,0.01579378720964249,0.0641429105142966,0.0011998800119988001,True,0.03891051700737822,0.012813530023927091,0.0011998800119988001,3.036674275919239,16,0.007854488990489907,1.0585027302364785,0.05256737240326657,0.07409706908358614,0.016999033481468626,-0.0031455890621997205,-0.016757362742452864,0.01074373783779877,0.6645335466453355,False,-0.003145599437180044,0.0072280994881954354,0.6645335466453355,-0.435190390270261,16,0.669237552443863,-0.10074371344168584,-0.00314559943718002,0.03122377893088918,0.007163226157642125,0.002472661722785672,0.537250042239686,0.34706529347065296,-0.006371708367280577,0.011199509608167332,False,-0.0010948271538105676,-1.006320442244469,0.32759863848753545,0.30796920307969206,False,0.006818402450542581,1.487377347205366,0.14858514148585142,-0.00186473754132122,0.015547468969108053,False,-0.001159324834336663,-1.271615596446633,0.21969530743872392,0.2956704329567043,False,0.02607046258868314,4.108946206255574,0.00019998000199980003,0.01450288342626788,0.03867080163735258,True,-0.0018904033544314735,-1.8303735058504909,0.08380361009143579,0.0755924407559244,False,-0.0026149436338005535,-0.4025144237443425,0.6355364463553644,-0.015026028331307922,0.010037982024940375,False,-0.0005378678038296117,-0.33586583232637884,0.7408553301120163,0.6376362363763624,False
67,67_17Networks_LH_DorsAttnA_SPL_3,-4.04058243513971e-05,-0.021182572146640696,0.020223923948301418,0.5682431756824318,False,-4.040582437338636e-05,0.011028207011206938,0.5682431756824318,-0.0036638616170627477,16,0.9971219612475479,-0.0014409592436696707,-0.0025356968881294997,0.0609271825201144,0.013977654290517706,0.008967286121033558,-0.009788950377600397,0.02918677166945901,0.1630836916308369,False,0.008967526492426856,0.010359401257852964,0.1630836916308369,0.8656413888427194,16,0.39948106080914164,0.3045263534629349,0.014336863044842713,0.059963005148713784,0.013756456831276445,0.0673932140625595,0.03760324235931844,0.10044871491302386,0.00019998000199980003,True,0.0674955228609401,0.0163628192696313,0.00019998000199980003,4.124932369460861,16,0.0007939524919115464,1.304148416507545,0.09103075411021645,0.09581403189344921,0.02198124644193306,0.012223539841768076,-0.006327342412159975,0.03273024603303147,0.0715928407159284,False,0.012224148689452945,0.010283012999908027,0.0715928407159284,1.1887711013846116,16,0.25187473064854843,0.3487416876189813,0.01222414868945297,0.035052157867654976,0.00804151652095485,-0.0023311555567153107,-0.320243503224584,0.6144385561443856,-0.015844443263410272,0.011623920910680827,False,-0.002669643829156911,-1.6129802993263502,0.12414299028836032,0.027997200279972004,True,0.008633176845910312,1.1945974502625296,0.10468953104689531,-0.00462459682586104,0.022967639239984607,False,-3.5344674894062255e-06,-0.0031903469231707167,0.9974895682499082,0.9977002299770023,False,0.027962556462213222,4.17404253253242,0.0013998600139986002,0.01562281213854296,0.041171129337528485,True,-0.0003693684721260392,-0.3156296997444071,0.7559138208690898,0.7579242075792421,False,0.002521718016394786,0.4093134246689827,0.3712628737126287,-0.009147806401450135,0.0143427002029891,False,-0.0019951763357818424,-1.6500131404629954,0.11628100445110674,0.10828917108289171,False
68,68_17Networks_LH_DorsAttnA_SPL_4,0.0027739622910465315,-0.012559415704394363,0.020332636008547175,0.39006099390060994,False,0.0027739694061694868,0.008743629499186445,0.39006099390060994,0.31725605555765984,16,0.7551517134535006,0.09698474584845888,0.003960285666311688,0.0632078676866431,0.014500879351724593,0.00787729828569242,-0.011613138274959783,0.027653667933957567,0.32356764323567644,False,0.007877461225345736,0.010298463763383794,0.32356764323567644,0.7649161473339411,16,0.4554564580960351,0.29836662095604644,0.00601487358169814,0.05377638936938141,0.012337149832085711,0.07077762337461543,0.04303634010046551,0.10316795742919393,0.00029997000299970003,True,0.07089616605434423,0.01590415105352852,0.00029997000299970003,4.457714581289461,16,0.0003967893446166458,1.4348729764443273,0.09235366516089015,0.08692565876340803,0.01994211379738928,0.026266223579691963,0.009342708276386983,0.04395680865513427,0.0005999400059994001,True,0.026272266564220787,0.009146306797155706,0.0005999400059994001,2.8724453647663406,16,0.011055014279773031,0.9101168568861152,0.026272266564220815,0.02886691567729999,0.006622524644687401,-0.008040478043478093,-1.2266231623775237,0.8848115188481152,-0.020798683873333095,0.004402873424628471,False,0.0006024096781657034,0.6572782540648154,0.5193189422860401,0.5362463753624638,False,0.005590272160977195,0.8980504663688366,0.18668133186681332,-0.006924626589391279,0.017155381096703445,False,-0.00010776262073792856,-0.1313424543433057,0.8969613021027959,0.9193080691930807,False,0.04725649969326041,6.810283714759571,9.999000099990002e-05,0.03440991715779612,0.060848940359313514,True,-0.0037523956206046236,-3.734258006545389,0.0015182676840378485,0.00019998000199980003,True,0.014903621232348516,2.683535732875567,0.011498850114988501,0.00464050481433943,0.025338510223716044,True,-0.0013345007681560763,-1.2547029969635592,0.22563431196050135,0.19138086191380863,False
69,69_17Networks_LH_DorsAttnA_SPL_5,0.008528182918109816,-0.01319876608152457,0.03377647875553092,0.25147485251474855,False,0.00852838967844047,0.012260046954109477,0.25147485251474855,0.69562455269242,16,0.49664433899448573,0.2713811784547453,0.010280220469025974,0.06429709540187754,0.014750765327367257,0.0026374399864761474,-0.01787896331409994,0.02287344455016504,0.45845415458454153,False,0.002637446101924697,0.01064903506739588,0.45845415458454153,0.24766996119674345,16,0.807540088201999,0.10291767785478483,0.0011663211312317274,0.048737541714015856,0.011181158899368063,0.11152924103449814,0.07583224872307473,0.15306800722101538,9.999000099990002e-05,True,0.11199515214529705,0.020360688471148726,9.999000099990002e-05,5.5005582106909205,16,4.840205636364012e-05,2.259861199172778,0.13896240265812987,0.08220958628477067,0.01886017256871593,0.03571799727137824,0.015191237581568595,0.057003955577256314,0.00019998000199980003,True,0.035733198288833354,0.010949909139150612,0.00019998000199980003,3.2633328582674603,16,0.004882079084772235,1.2815482764003612,0.035733198288833395,0.027882834339414454,0.006396760902368066,-0.007851040683653233,-1.3322960401452408,0.8480151984801519,-0.01898227168448857,0.0033719656274632036,False,-0.0021985629160156577,-2.427756876566717,0.025905301975865533,0.025397460253974602,True,-0.0013174067233972565,-0.24288404660460142,0.5773422657734226,-0.011746076500204318,0.008955025784643373,False,0.0004317620453051467,0.4748462841711043,0.6406069580159326,0.7117288271172882,False,0.05573534225320385,10.79239264290377,9.999000099990002e-05,0.04587931547392271,0.06541701512300599,True,-0.0035440798999941533,-3.0826228704414724,0.006418604989127726,0.007399260073992601,True,0.024071519865565293,3.9725957759919703,0.0008999100089991,0.012479030684998924,0.03559323812756498,True,-0.0017959142081873166,-1.4432213558530373,0.16613634730562807,0.08839116088391161,False
70,70_17Networks_LH_DorsAttnA_SPL_6,0.02878046163729332,0.001312353501091827,0.056913844993377295,0.055194480551944806,False,0.028788412018011432,0.014627716787603036,0.055194480551944806,1.9680728329666295,16,0.06663905768665146,0.6396402116337063,0.03530320250055391,0.09188012582024951,0.021078746493172092,0.031668523431434024,0.014994590215852732,0.05072369298760765,0.0032996700329967,True,0.031679116545010606,0.009482354914334662,0.0032996700329967,3.340849064520951,16,0.004146524790964607,1.015423725850224,0.04284363869912651,0.06233365517880429,0.014300321247679928,0.08018284143125408,0.05402847196816895,0.1089547179103047,0.00019998000199980003,True,0.08035534690258939,0.014285616728435962,0.00019998000199980003,5.6249126957633955,16,3.79890919098598e-05,1.6586823738338983,0.10602376703095402,0.08493700461345559,0.019485885246163202,0.04816207942698396,0.03184272472182263,0.06409489105432548,0.00029997000299970003,True,0.048199370033383905,0.00837227351722583,0.00029997000299970003,5.75702286054253,16,2.943425872654499e-05,1.1715266385848202,0.048199370033383725,0.041142359418824444,0.009438704579236028,-0.011454322721227275,-1.8369546794863623,0.9218078192180782,-0.02326497057169219,0.0006123941688870103,False,0.0013507483463929073,1.183599425117148,0.2519678806874138,0.21627837216278373,False,0.004597262052563914,0.7288709228403532,0.26177382261773824,-0.007454734824124202,0.016886912237752325,False,-0.0006430082962968357,-0.7752828116956774,0.4482388087865416,0.5322467753224678,False,0.031614552476587704,4.686636236801072,0.00019998000199980003,0.019342498424317286,0.04472728176249902,True,-0.0024316772523732366,-2.339241270964244,0.031053637720901108,0.0164983501649835,True,0.012969465848994728,2.0243252036903447,0.05779422057794221,0.000874636181663606,0.02509377839482844,False,0.00011643105708438988,0.07871856777159221,0.9381249902669404,0.9167083291670833,False
71,71_17Networks_LH_DorsAttnA_SPL_7,0.03627734642799616,0.015944563085285614,0.058567107099744324,0.0017998200179982,True,0.036293273223364286,0.011227946570742407,0.0017998200179982,3.2324052305286783,16,0.005210353044867929,0.9219805836806156,0.05453484024195106,0.07494759490423801,0.017194157486789336,0.018095583535027465,0.0006913677649255779,0.0352448560214109,0.032996700329967,True,0.01809755905698122,0.00913159742099333,0.032996700329967,1.9818612475595292,16,0.0649433231629084,0.7391917620536343,0.023874646202144145,0.05310910880359108,0.012184065171387358,0.08379530578962473,0.05937181905436548,0.1107524680265765,9.999000099990002e-05,True,0.08399226343324227,0.01344852137092108,9.999000099990002e-05,6.245464547117696,16,1.1694664492558151e-05,2.2079578914208042,0.1120028729950048,0.06518547918267344,0.014954574544397251,0.0015292200136297087,-0.01187312123416651,0.016602249966250975,0.43445655434456554,False,0.0015292212056654418,0.007455081391171403,0.43445655434456554,0.20512468280713947,16,0.8400615921964709,0.036587334057123576,0.001529221205665422,0.041796464406996095,0.009588766555125822,0.020075928093512097,2.868943270133089,0.0029997000299970002,0.007089616721083779,0.033515676075392915,True,-0.0013812439192597205,-0.8813305242783391,0.3897559764881975,0.2568743125687431,False,0.006869623494297483,1.4956488384773972,0.1488851114888511,-0.001930350548009429,0.015738723156866582,False,0.0010934766127895033,1.0615752034168975,0.3024650842878981,0.2725727427257274,False,0.06272143453014595,10.078838139100904,9.999000099990002e-05,0.050830300293031414,0.07441591526721995,True,-0.003769161975541866,-2.5933815404439216,0.018352882307191832,0.0005999400059994001,True,0.00015797847790407756,0.02437200723747981,0.49325067493250674,-0.012037129109390567,0.012568237593948808,False,-0.0006727337775500924,-0.7690428058008046,0.4518416657006509,0.555044495550445,False
72,72_17Networks_LH_DorsAttnA_SPL_8,0.025125353702451655,0.0030627439614415775,0.045249079501371685,0.006099390060993901,True,0.02513064277883262,0.011106872809247938,0.006099390060993901,2.262620920436583,16,0.03792630393569905,0.9869837670282868,0.037043369940633564,0.05718368429316828,0.013118836897539716,0.04881207523507957,0.020619910294543634,0.07968204765923556,0.0035996400359964,True,0.048850897603781834,0.0154712271812242,0.0035996400359964,3.1575321745043623,16,0.006098043881575865,0.9328064015707676,0.07004230966633944,0.09962691590553069,0.022855982025728062,0.08889032127281475,0.0622803227821346,0.12206372874195869,9.999000099990002e-05,True,0.08912555949500715,0.015858169650337706,9.999000099990002e-05,5.620166857851038,16,3.834051436594491e-05,1.7585305591608489,0.11644035713799246,0.08455782247415115,0.019398894897404064,0.04343427163569492,0.01909679039056361,0.06713687422521454,0.00019998000199980003,True,0.04346161603242466,0.012626034269709735,0.00019998000199980003,3.442222245245324,16,0.0033480995452724494,1.1319967013381962,0.04346161603242469,0.03839376561879223,0.008808133915489562,0.022551043667176553,4.234275759977126,0.0016998300169983002,0.011867242149928953,0.03223110949216644,True,-0.0012023226507822166,-0.9024842424587385,0.37871838634905347,0.3174682531746825,False,0.009330345988579432,1.6695929308534705,0.1713828617138286,-0.0012146593629174195,0.020605693994422077,False,-0.0002609065389803391,-0.21139521805824796,0.834953864371674,0.8181181881811819,False,0.022871940464148907,3.398232836548584,0.006299370062993701,0.010068953632418632,0.03600504990352527,True,-0.0034140723390977752,-4.246008828046005,0.000485948375494527,0.0018998100189981002,True,0.021561922519800252,3.591018176936148,0.0023997600239976003,0.010002520298772096,0.03284128195894499,True,-0.0025014292399456097,-2.00730005863224,0.05997311837500483,0.037396260373962605,True
73,73_17Networks_LH_DorsAttnB_PostC_1,0.012728391393727646,-0.000942527169606585,0.0259587664418782,0.08739126087391261,False,0.012729078844379975,0.007097242415849116,0.08739126087391261,1.793524597096218,16,0.09180968018855039,0.5295491534016321,0.016209187284224075,0.049824256929247884,0.011430468467978825,0.005379236860756728,-0.006701494592719367,0.017298271839949864,0.19538046195380462,False,0.005379288746529416,0.006346064460274021,0.19538046195380462,0.8476574387486033,16,0.40913041039761516,0.2042676123635688,0.011860382169776936,0.05708728719297943,0.013096721886056897,0.05971995119743751,0.03999572030535614,0.08116442290703269,0.0005999400059994001,True,0.059791100032458265,0.010858688952779139,0.0005999400059994001,5.506290887644914,16,4.7862443533596586e-05,1.4522336578710027,0.08243561475146302,0.07943624096964395,0.01822392351796965,0.018902507885530266,0.007689211483834565,0.029122448267063974,0.013798620137986202,True,0.018904759687258393,0.005679719052364404,0.013798620137986202,3.328467396532325,16,0.004256176275353212,0.5440675459607166,0.018904759687258417,0.03474708209966153,0.007971527339754508,-0.005982395764898635,-1.250319359527631,0.8285171482851715,-0.014972826782952654,0.0032299764622332515,False,0.0001607929923544402,0.18757749799554124,0.8533061357408831,0.8716128387161284,False,-0.006836156092181076,-1.4919159501584052,0.8406159384061593,-0.015361402020367445,0.0019970230278580922,False,0.0008168014273354378,1.0700200724878943,0.29874953066220944,0.42125787421257876,False,0.04635729248789646,6.254890506378298,9.999000099990002e-05,0.03221821314967597,0.06045869442102014,True,-0.0014752380581698834,-1.3197862298443304,0.20344658782357924,0.10848915108489152,False,0.011603522965174756,2.3638481480893745,0.026597340265973404,0.0016592606093052073,0.020583286266202164,True,-0.0019134475795041666,-2.089207878282702,0.0511596675279717,0.0413958604139586,True
74,74_17Networks_LH_DorsAttnB_PostC_2,0.00014807914783354338,-0.01788570482362414,0.018808517799899758,0.3437656234376562,False,0.0001480791489158753,0.009612558030853502,0.3437656234376562,0.015404759944292062,16,0.9878997235487912,0.006935976377421027,0.004206216572021345,0.04420633282367686,0.010141628286470129,-0.0059031774546991645,-0.021068898713151717,0.009627905823947274,0.6862313768623137,False,-0.0059032460264663465,0.008056959214037191,0.6862313768623137,-0.7326890790487619,16,0.4743460388856125,-0.2427853923381886,-0.006045140609345423,0.05467438022577341,0.012543163063413935,0.06767239910481264,0.04184029847512815,0.09289663425270919,9.999000099990002e-05,True,0.0677759870122843,0.013213052322769732,9.999000099990002e-05,5.129472385081499,16,0.00010088887278908508,1.9249380601986186,0.09056917705443084,0.06538402521734675,0.01500012412864892,0.017077539880903873,-0.0036820852694242957,0.03563183785948293,0.0030996900309969004,True,0.017079200349530373,0.010486437801438833,0.0030996900309969004,1.6286941927207115,16,0.1229054019236018,0.7048026001047568,0.01707920034953037,0.024232601223366436,0.005559339993251283,0.0037055220704960367,0.7595553984238919,0.2947705229477052,-0.005852164647638856,0.012808532981736601,False,-0.0008060625273925941,-0.627825254229736,0.5380027893741054,0.4460553944605539,False,-0.002279733245122115,-0.44955832948757923,0.6413358664133587,-0.01203025512097805,0.007122778955125107,False,-0.0018871188436597208,-1.717741760914489,0.10299829032886858,0.04939506049395061,True,0.047113899801345026,8.602725867011051,9.999000099990002e-05,0.03731623308776292,0.057934187071240414,True,-0.004227649272652084,-3.6864254855232215,0.0016889534451948077,9.999000099990002e-05,True,0.015115857751566287,2.6730118619163843,0.014698530146985302,0.004423694070377502,0.025841354407761072,True,-0.0016377810860870423,-1.269259087218958,0.2205154481166162,0.1192880711928807,False
75,75_17Networks_LH_DorsAttnB_PostC_3,0.02259010000548053,-1.2585536725802871e-05,0.04635001152679349,0.033596640335966405,True,0.022593943853514514,0.012003150160965351,0.033596640335966405,1.8823345163997685,16,0.07810698360160548,0.651882957984079,0.03074809897218018,0.06786829293759801,0.01557005423082131,0.020017263227626786,-0.007704541040479069,0.0482601726728499,0.1377862213778622,False,0.020019937448497508,0.01479862576615716,0.1377862213778622,1.352824090888285,16,0.19492085223202044,0.40902440719796096,0.024999778932929477,0.09578552081032743,0.02197470555087523,0.08892619934691305,0.0525058926817306,0.1258133463771826,9.999000099990002e-05,True,0.08916172343342503,0.019041015781334353,9.999000099990002e-05,4.682613808913968,16,0.00024958799016558554,2.591121072745895,0.11231808394288506,0.06000716049913824,0.013766586763398383,0.0468749236854692,0.022905618035130505,0.07269340774079178,9.999000099990002e-05,True,0.046909301126244335,0.013055860904608866,9.999000099990002e-05,3.5929688182940756,16,0.002435117559133989,1.2628155806265662,0.04690930112624431,0.03714659673661099,0.008522013751123424,-0.002680193848751787,-0.4882130557684445,0.637036296370363,-0.013440776783549732,0.007634381067695398,False,0.0010301702589911941,1.3545851337951775,0.1923099832479192,0.28477152284771523,False,-0.0005497063793620003,-0.11068683124860533,0.5311468853114688,-0.010359722228931929,0.008586458836099696,False,-0.0010451602291641285,-0.9274896193857644,0.36594290781435973,0.32366763323667636,False,0.037671874708989604,6.093023038231618,9.999000099990002e-05,0.02544966358903565,0.048837000857947704,True,-0.0004920031243352474,-0.555229682236648,0.5855724197862492,0.5732426757324267,False,0.012401634249001455,2.0361218903315708,0.05469453054694531,0.0007615131102942827,0.02413225149275919,False,0.0010550236457856322,1.0120677331454233,0.3249176510436269,0.30816918308169183,False
76,76_17Networks_LH_DorsAttnB_PostC_4,0.007739926564495656,-0.00794666804828896,0.024497546717666477,0.20777922207779223,False,0.007740081127259976,0.008482058464890928,0.20777922207779223,0.9125239067023462,16,0.3750382393827822,0.3148009823544615,0.009095104272467791,0.04745954817491087,0.010887967073712456,0.0023354256981676993,-0.007206234593368769,0.01154712678275975,0.3658634136586341,False,0.0023354299441514783,0.004945778207991041,0.3658634136586341,0.47220676826511454,16,0.6431553684510203,0.10345530048935239,0.003988591280071034,0.04990049991032118,0.011447959807434235,0.035353572339801825,0.013387917659005176,0.05739080058051194,0.00029997000299970003,True,0.03536831257844164,0.01153118143559699,0.00029997000299970003,3.067188975906574,16,0.007369036250067926,1.4945330117135502,0.047386547166061,0.04826308905727864,0.011072311994935857,0.01242732496777827,-6.169941674944796e-06,0.02571700307170899,0.05799420057994201,False,0.012427964779151875,0.006819959513576828,0.05799420057994201,1.8222930435893223,16,0.08715477909602275,0.3783437553761521,0.012427964779151838,0.03284834123083624,0.007535926309902928,0.0028043108934410806,0.4689290475757442,0.32966703329667035,-0.008547835974746822,0.014560592587142552,False,0.0022245448930543247,1.8989968823345924,0.07371354681922915,0.0327967203279672,False,-0.002543302222491329,-0.54925138548922,0.6618338166183382,-0.010861248748909676,0.00684712016036319,False,-0.002495941717962016,-2.18771846847053,0.04212606366381412,0.009299070092990702,True,0.022598300744103593,4.939296694067231,9.999000099990002e-05,0.013717688235268526,0.03134870226665917,True,-0.0029504715880312323,-3.150564801929536,0.005531479442623466,0.0027997200279972004,True,0.004146510173183384,0.6958227218575828,0.24907509249075094,-0.007696817460707478,0.015110184537586873,False,-0.0021305138334885808,-2.4216892621022534,0.02623100235751945,0.0336966303369663,True
77,77_17Networks_LH_DorsAttnB_PostC_5,-0.009791061771619763,-0.024125878379372828,0.0037662524217339974,0.9587041295870413,False,-0.009791374662639034,0.007294683411966957,0.9587041295870413,-1.3422617692463858,16,0.19824805639766171,-0.5950193910734172,-0.01628617543714914,0.037479594842755266,0.008598408756022021,0.012121005741849659,-0.008945403340686284,0.03598413390773701,0.1314868513148685,False,0.012121599395307948,0.011735221891086039,0.1314868513148685,1.0329246014952138,16,0.317000539908846,0.6059916912261998,0.011851024619229378,0.0441340269274154,0.010125040176216137,0.048382322476021276,0.022669672100335044,0.07389665446212645,0.0004999500049995,True,0.048420127493544296,0.013430487287926928,0.0004999500049995,3.605239814125777,16,0.002372800843426761,1.5064699846320462,0.06392286582654529,0.06056225798637598,0.013893934860802735,0.007661186453895345,-0.005922631284088679,0.0210000169244131,0.09959004099590041,False,0.007661336347166073,0.00696902126656522,0.09959004099590041,1.0993417947972586,16,0.2878859050520102,0.3071562755628385,0.007661336347166062,0.024942796083613484,0.00572226986830596,-0.013520944371226324,-3.0722318646722355,0.9924007599240076,-0.022349161328762294,-0.00534501684465872,False,-0.0005978858331466445,-0.5891536915326021,0.5630800682772664,0.5407459254074592,False,0.001499396522397992,0.27836244465623844,0.39876012398760124,-0.008406977765268811,0.01203818294318386,False,-0.0004409114770787977,-0.5554052726934517,0.5854548414432681,0.5946405359464053,False,0.023658995871011838,5.574896062787224,9.999000099990002e-05,0.01615900951160685,0.03217821903149782,True,-0.0013917409189630112,-1.653518321067374,0.1155593158377518,0.06179382061793821,False,0.005775131461042998,1.0838551912478611,0.1503849615038496,-0.004213847051843071,0.015968381653351717,False,-0.002423540978828243,-2.6695962876784387,0.015627444437143114,0.011198880111988802,True
78,78_17Networks_LH_DorsAttnB_PostC_6,0.006244412158956984,-0.007007829819834038,0.019787021038054242,0.29717028297170284,False,0.0062444933229842585,0.006950828427908427,0.29717028297170284,0.8983811624398399,16,0.3823030638308688,0.24068262382306913,0.006880256834058243,0.05573259921684187,0.012785935149845672,0.015774013794683336,0.0019130929503581866,0.028988416702368194,0.0207979202079792,True,0.015775322284169512,0.007155525260432429,0.0207979202079792,2.204635119017966,16,0.04246286711550665,0.578927372865069,0.02885349507163297,0.05648190918278289,0.012957838645578557,0.017810394103219326,-0.0009501513061239398,0.03761914494247096,0.0225977402259774,True,0.017812277674249456,0.010078360382142743,0.0225977402259774,1.767378521789119,16,0.096228629407579,0.7347948665199044,0.025732408116046115,0.05158359424821115,0.01183408813013465,0.0017624573921396639,-0.009806991592060832,0.014179508952537863,0.35876412358764126,False,0.0017624592170243827,0.006388038585653677,0.35876412358764126,0.27589990157268784,16,0.7861566846083752,0.08316556278259807,0.0017624592170244005,0.021192175680114153,0.00486181853596726,-0.002227549343588908,-0.4295403627149433,0.6631336866313369,-0.012561393406023682,0.007146208288214861,False,0.0002567750597774674,0.23733517263907516,0.8150770805812536,0.7848215178482152,False,0.004645019393111083,0.7476731336626546,0.20937906209379062,-0.008449366183313116,0.015563675760178733,False,-0.00018490335075855365,-0.247645421435541,0.8072116490944309,0.8332166783321668,False,0.0055325149285837,1.0748356768643028,0.1792820717928207,-0.004522276663601356,0.015467549447438328,False,-0.0009747337783774619,-1.0863241345852077,0.2916698888328128,0.2181781821817818,False,0.0033580331324681856,0.8353411425198422,0.26247375262473754,-0.0042238825312931275,0.011216520921332128,False,-0.0003539640147151614,-0.44315530157688904,0.6629335530068757,0.6637336266373363,False
79,79_17Networks_LH_DorsAttnB_PostC_7,0.017356839798201927,0.002751541243770777,0.03219617481476136,0.066993300669933,False,0.017358583086525763,0.007830930035331203,0.066993300669933,2.21666941323804,16,0.04148188115138196,0.5691196383963699,0.023913453465771176,0.06539191654648908,0.015001934523715323,0.02169909748151388,-0.0018978165832208198,0.0465622886930876,0.04129587041295871,True,0.021702504123341845,0.012849675008338645,0.04129587041295871,1.6889535423470443,16,0.11061787268997711,0.6121993872181449,0.028569617857738816,0.06796919494345245,0.015593202738543418,0.11714879078638697,0.0901210289545709,0.14634276878084682,9.999000099990002e-05,True,0.11768915774858489,0.014696228483156494,9.999000099990002e-05,8.008119762391399,16,5.472926685637569e-07,2.4590292022312004,0.15218213680654258,0.07949233127814538,0.01823679151725753,0.021222207317506275,0.0007275081627276751,0.0406024188198487,0.0059994000599940004,True,0.021225394212725113,0.010383927822392792,0.0059994000599940004,2.0440621868492626,16,0.057768672769511045,0.6483742065241215,0.021225394212725103,0.032736333430832515,0.007510229958265845,0.01271499904224289,2.43689668107642,0.0341965803419658,0.0028559679016132264,0.022697493351740868,True,-0.0008826118401432846,-0.561678263393022,0.5812621649706144,0.420957904209579,False,0.012576146140407071,1.9429396347232555,0.0268973102689731,0.00021886449764405832,0.024696217018799982,True,0.0006439653162196079,0.6451186445739271,0.5269882770023702,0.557044295570443,False,0.0674213332371277,10.450833724959779,9.999000099990002e-05,0.05523098038410062,0.07973084577349289,True,-0.002643979581920938,-2.0458520778023943,0.055667068129176475,0.0193980601939806,True,0.014337203828238708,2.180683301256155,0.018598140185981403,0.0011925911172457862,0.026345843718267783,True,0.0031084285229236474,2.4913250836441585,0.022713712522283772,0.005599440055994401,False
80,80_17Networks_LH_DorsAttnB_PostC_8,0.01282430238813676,0.0009068176538354439,0.025678464268434856,0.06939306069393061,False,0.012825005497453712,0.006647943274142324,0.06939306069393061,1.929168912637618,16,0.07164074180916022,0.4796091435801193,0.020118064321458618,0.056005420987236314,0.01284852475651658,0.012692777006625066,-0.011493767068521192,0.0365576398425485,0.05419458054194581,False,0.012693458702520885,0.012607373420400227,0.05419458054194581,1.0068281694568801,16,0.3290021084953998,0.5760669403803889,0.01671264777915155,0.0440395771098182,0.010103371901998134,0.045088286299778145,0.027956072615649006,0.06311232399028119,9.999000099990002e-05,True,0.0451188777537976,0.009285772276060963,9.999000099990002e-05,4.85892572124729,16,0.00017413473514066625,1.8217872144173157,0.06470569056392823,0.049025634795886265,0.011247251985168395,0.012347744937096429,-0.0009665496471411657,0.023991712224645998,0.0193980601939806,True,0.012348372534916765,0.006650517420696827,0.0193980601939806,1.856753655961843,16,0.08185441747692913,0.5166716192813842,0.012348372534916791,0.02389984677713008,0.005483000887769277,0.011817728877017892,2.060698580218853,0.029397060293970604,0.0009548618971421984,0.02292685071124906,True,0.0010381159688334501,0.8967815986668103,0.38167318310910875,0.36496350364963503,False,0.0005686899499870946,0.17616496793435912,0.46025397460253975,-0.005036751865075327,0.007197910167377517,False,0.0003117780342639409,0.42413110315722624,0.6764958602990794,0.7385261473852615,False,0.037253889013583306,6.529479334578695,9.999000099990002e-05,0.026587025580805952,0.04814549575667927,True,-0.004078417866884829,-3.440905585246637,0.002914937963478553,0.00019998000199980003,True,0.012346761866051633,2.1997841527654436,0.0245975402459754,0.0017854634155662415,0.02304673342956165,True,-0.0010581691410992949,-0.8984508749756964,0.3808066707683284,0.3123687631236876,False
81,81_17Networks_LH_DorsAttnB_PostC_9,0.025911504187257513,0.0008773377785034836,0.05139435758401186,0.0173982601739826,True,0.025917305571373,0.013381786574696918,0.0173982601739826,1.9367597462941903,16,0.070639124233657,0.839680378630681,0.036427428662082206,0.06917763088974552,0.015870436957997808,0.03749391086755544,0.011046667310447619,0.06440294048207044,0.014498550144985502,True,0.037511495265505776,0.013916349694684228,0.014498550144985502,2.695498179370588,16,0.015918071462777895,0.9543658385182296,0.04386047506205082,0.08004069012693515,0.018362593664977053,0.045333268474056866,0.028353390243158125,0.06339885343719089,9.999000099990002e-05,True,0.04536436170203732,0.009302548467676154,9.999000099990002e-05,4.876552039440185,16,0.00016800951638335144,1.4675050646402674,0.0672716204069882,0.059595800097429805,0.013672214214955153,0.010111490155431101,-0.00938187431184759,0.030263011807399903,0.101989801019898,False,0.010111834783684052,0.010414254099017178,0.101989801019898,0.9709610201116882,16,0.346018248195403,0.3018463955792606,0.010111834783684059,0.03349993550288668,0.007685412288011233,0.019041882901401738,2.737823657173842,0.009999000099990002,0.005728063824147151,0.03267841745813412,True,0.0021627919104414317,1.7017575480332752,0.10600938072978337,0.10388961103889612,False,0.012173601147749047,1.999895415595979,0.0766923307669233,0.0006210173289171205,0.024046099888986976,False,-0.0025338752578389465,-2.2048351841646237,0.04071423976664151,0.012798720127987202,True,0.03094548687867531,4.412649519072847,9.999000099990002e-05,0.01779339044179953,0.044422140056443286,True,-0.0015542977843055325,-1.2733415831566597,0.21909611696299003,0.1790820917908209,False,0.011935021826190911,1.708036658253557,0.08709129087091291,-0.0019809971194220443,0.02467723043217093,False,-0.0007131717910472979,-0.6060251159564797,0.5520644966835433,0.575042495750425,False
82,82_17Networks_LH_DorsAttnB_FEF_1,0.019154549497837417,0.0002462204249149375,0.04062893163952792,0.058694130586941305,False,0.019156892594421736,0.010781920197536928,0.058694130586941305,1.7767607479415424,16,0.09462192344114422,0.5214932318832758,0.029065891691979776,0.07632298799520487,0.017509694302114,0.028681683741310342,0.010133075859175271,0.04648460028244118,0.050294970502949704,False,0.028689552515946026,0.009608924252607511,0.050294970502949704,2.9857195000950005,16,0.008735812217389635,0.5405284645885866,0.0420641632073621,0.10574443719789052,0.02425943766248358,0.1320579190553762,0.10587085175190215,0.1537859915991556,9.999000099990002e-05,True,0.13283371864290824,0.012806265834917563,9.999000099990002e-05,10.37255671209978,16,1.6473070442664484e-08,2.4554253700337454,0.17224913328594682,0.09001619708062644,0.020651131913489034,-0.01970928173207201,-0.035293311140373665,-0.003466552074922358,0.981001899810019,False,-0.019711834388566437,0.008287311046273829,0.981001899810019,-2.3785561177203967,16,0.030178588801331948,-0.502646319946563,-0.019711834388566454,0.039216112018212,0.008996793118208262,0.003999730449315103,0.8088427635723947,0.2702729727027297,-0.005961096773792216,0.012564003905852213,False,0.0011850798170572716,0.7752497302156032,0.4482578625974954,0.31596840315968405,False,-0.0021535746096499504,-0.4016280454776425,0.6126387361263873,-0.01296474693456338,0.00769119553803805,False,0.0003335139441963387,0.6109554878481833,0.5488671920248364,0.6968303169683032,False,0.054065032075872536,9.635156449028825,9.999000099990002e-05,0.043549502049528385,0.06503610997278449,True,-0.0013848421659123557,-1.7126323577690048,0.10395267814673607,0.13088691130886912,False,0.013946857005787594,2.7830762512315226,0.024997500249975,0.004055746064436393,0.023036799661163697,True,0.0010031965302526556,1.0936439342320088,0.28853152489675327,0.32096790320967905,False
83,83_17Networks_LH_DorsAttnB_FEF_2,0.004137426699635194,-0.01597446367469112,0.024117499307877575,0.32756724327567244,False,0.00413745030844775,0.010495322894527126,0.32756724327567244,0.3942184866561138,16,0.6986243331920027,0.13214554392865857,0.007061065503950607,0.06521945285143227,0.014962368638547835,0.017740276277130155,0.003968092907106329,0.03204674929494336,0.035596440355964404,True,0.017742137686522757,0.007371225971158631,0.035596440355964404,2.406945297287365,16,0.028522150115515038,0.5406155882760051,0.028401612400416977,0.06452855909101504,0.014803866739475124,0.0688221827052933,0.05442665310199979,0.08246015458590297,0.00029997000299970003,True,0.06893115114196027,0.007355149483354757,0.00029997000299970003,9.37182191850166,16,6.721700020958611e-08,1.6386373035872865,0.09741367363835307,0.074461183688627,0.017082567100797065,0.003930704415871856,-0.007380347502566179,0.014068326272689296,0.28147185281471854,False,0.003930724659760106,0.00559094900523045,0.28147185281471854,0.703051424021723,16,0.49212769640251763,0.1322841409888247,0.003930724659760105,0.029714254712453942,0.006816917551274419,-0.011821014549336656,-2.5521258024655387,0.9675032496750325,-0.02068682600592633,-0.0028859421276346943,False,-0.00036159312178224537,-0.6446959432048628,0.5272560085301179,0.6684331566843316,False,0.0028243385601880834,0.5853214888394543,0.3106689331066893,-0.006270348970274621,0.012396187861125875,False,0.0014416770409086139,1.6755021324826846,0.11111962514076848,0.07599240075992401,False,0.04327922811480731,6.40633362636228,9.999000099990002e-05,0.030114009368580046,0.05570101950979139,True,-0.0006403079213555318,-0.6321306109443665,0.5352489340720499,0.48255174482551744,False,0.0007892836834986758,0.14437045798384093,0.45035496450354967,-0.009085881022810114,0.012009670478663755,False,0.00015660919182375772,0.1627474109436735,0.8725304808066378,0.8425157484251575,False
84,84_17Networks_LH_DorsAttnB_FEF_3,0.00014840630827835593,-0.011962762431533913,0.013250259791041462,0.29557044295570445,False,0.00014840630936787752,0.00670293208632651,0.29557044295570445,0.02214050619289636,16,0.9826096446859166,0.0053426288597844375,0.008532294332753692,0.06472038416356223,0.01484787442926831,-0.001206443771636619,-0.013895853688546586,0.012572174406927908,0.5457454254574543,False,-0.001206444356966077,0.006947417425482343,0.5457454254574543,-0.17365364466815753,16,0.8643156976138359,-0.04107492925764046,-0.0017948069974086597,0.06643907857004458,0.015242169967830689,0.054741225401414344,0.03473223033107992,0.07415825337579272,9.999000099990002e-05,True,0.05479600314086997,0.010266689498531168,9.999000099990002e-05,5.337261163757754,16,6.672960758641916e-05,1.9423866803113872,0.07224406571385601,0.053380588415035415,0.012246346865677757,-0.0015821010363234757,-0.018830934423363782,0.018636128000611617,0.6091390860913909,False,-0.0015821023563481298,0.009797231164988963,0.6091390860913909,-0.161484640885261,16,0.8737332514308248,-0.06788872545206504,-0.0015821023563481237,0.023304346131306053,0.005346383670087164,0.004519981583471046,0.7098831696589485,0.23517648235176483,-0.00760262330607663,0.016689015942246657,False,0.0006470911226328068,0.6891528874672568,0.4995150398232979,0.5609439056094391,False,-0.011965904793186027,-3.0463726445080654,0.9732026797320268,-0.01943995399828771,-0.00458290446112579,False,0.0010252484040073602,1.1149858608856347,0.27952236779092077,0.28917108289171084,False,0.026183369007778266,4.983290265718705,9.999000099990002e-05,0.01617972235911949,0.036081861515580134,True,0.000133098237815295,0.14828410247042922,0.8837670899632852,0.8875112488751125,False,0.0015854061822785912,0.32850812786994327,0.400959904009599,-0.008010361615821065,0.010348683002251752,False,-0.00022656513146594032,-0.3812193133982378,0.707502881402373,0.8387161283871613,False
85,85_17Networks_LH_DorsAttnB_PrCv_1,0.030403848501067938,0.012787609562378299,0.05261148584103521,0.011198880111988802,True,0.030413222078959308,0.010695960978902299,0.011198880111988802,2.8434305378403257,16,0.01173946093315124,0.7439376178655255,0.04779054205006272,0.08321420097407906,0.01909064698492076,0.013728335848909425,-0.0007752790501682427,0.028239604728915745,0.1411858814118588,False,0.013729198393478085,0.0077298223306403275,0.1411858814118588,1.776133759123643,16,0.09472855666620107,0.31921474802385386,0.022133736922416474,0.08768535452930334,0.02011639995904051,0.15430708977467308,0.12350951202775023,0.19195831220891446,9.999000099990002e-05,True,0.15554960861279912,0.017969996540837474,9.999000099990002e-05,8.656073375379176,16,1.9656026815921707e-07,2.1507766098897823,0.19268306428095236,0.11203131616536785,0.025701746614562794,-0.01389436122524185,-0.04187704268010073,0.013201638559271296,0.9054094590540946,False,-0.013895255446131063,0.01450313942457035,0.9054094590540946,-0.9580860418807357,16,0.3522739250876429,-0.30715707653561164,-0.01389525544613111,0.04523827223143937,0.010378371423011918,0.018028077493474282,3.4394334487303055,0.0100989901009899,0.007916016648801994,0.027749566305602547,True,-0.0014818993344327986,-1.2151863017271758,0.2399946527004417,0.16378362163783622,False,0.001630071748060352,0.3098131423187818,0.40375962403759624,-0.008370986594722197,0.011412275266887435,False,-0.0017849592786023383,-2.4737382485914456,0.02355759130983409,0.07649235076492351,False,0.04881183411890638,8.624377024456157,9.999000099990002e-05,0.038182350477791206,0.05986227072305762,True,-0.0008128306788139815,-0.6351983216024704,0.5332914336556112,0.43885611438856115,False,0.024873236420828795,3.5230385006436937,0.0016998300169983002,0.011870412177787797,0.03888832464951671,True,0.0005296685145909997,0.4227330804185794,0.6774970871702827,0.6204379562043796,False
86,86_17Networks_LH_SalVentAttnA_ParOper_1,0.2105405114135752,0.19159128596176364,0.23722599591947907,9.999000099990002e-05,True,0.21373686143180762,0.011839985281713419,9.999000099990002e-05,18.052122223658436,16,4.616452124297301e-12,2.2466631556471195,0.2636786118422769,0.14375068532037158,0.032978668967169236,0.17888153342953145,0.16148976082101776,0.19968328018963358,9.999000099990002e-05,True,0.1808270102184896,0.010158123005476076,9.999000099990002e-05,17.8012227378039,16,5.717491404258946e-12,1.9781241265967682,0.22949215785792557,0.14757342582894556,0.03385566578634046,0.1275376874502615,0.10766462251317997,0.1497612299277197,9.999000099990002e-05,True,0.1282360190682271,0.011062901210609818,9.999000099990002e-05,11.591536128447299,16,3.392441831729007e-09,2.1316438669296103,0.16699129900817875,0.09856146178635611,0.022611550087072215,-0.07375495364902275,-0.09132068827889361,-0.05581471209232087,1.0,False,-0.07388912908549046,0.00936681026403081,1.0,-7.8883981849434655,16,6.650936805823281e-07,-1.3187711933609003,-0.07388912908549072,0.05602877091755645,0.0128538815979168,0.001950002282525681,0.6261354593207372,0.412958704129587,-0.0037379312857501235,0.00810320851938951,False,-0.0003487555897182135,-0.3596577750706084,0.7232880597287729,0.5735426457354265,False,0.006862770078348736,2.2363686993886165,0.23347665233476653,0.0010345176381251582,0.012750389913313677,False,0.0017490085793123555,1.868732470471833,0.07802298756824791,0.011698830116988301,False,0.054433132882477184,10.558161897266341,9.999000099990002e-05,0.0445093517181908,0.064119710486331,True,-0.004109944532613113,-4.066280607188026,0.0007246026925476401,9.999000099990002e-05,True,-0.001498638984016862,-0.5523880745164363,0.567943205679432,-0.006438797692701694,0.0038146084670483923,False,-0.002710990604872005,-3.6661531251912614,0.001766938672623843,0.00019998000199980003,True
87,87_17Networks_LH_SalVentAttnA_ParOper_2,0.19757343743187752,0.17209718164818025,0.22774194415380716,9.999000099990002e-05,True,0.20020615651403967,0.014458848738934986,9.999000099990002e-05,13.846618090340884,16,2.520551728366712e-10,2.52948936251127,0.25322372332555165,0.12508820792193318,0.028697203018963714,0.2342509833541327,0.20426140104457643,0.27495545126485293,9.999000099990002e-05,True,0.23868255615992282,0.018452675054391743,9.999000099990002e-05,12.934848495211332,16,6.888340591395287e-10,1.8227864767613475,0.29933320635304045,0.19925017450715019,0.04571112500839535,0.08805337291852318,0.0713854293135349,0.10338385422202352,9.999000099990002e-05,True,0.08828200838957576,0.008489150278045435,9.999000099990002e-05,10.399392812952073,16,1.5885906938270797e-08,1.6391361503353568,0.12033338094757419,0.09408803419290229,0.021585275412803185,0.01039939520607044,-0.016525825646682566,0.038056500948784315,0.28997100289971,False,0.010399770119654263,0.014352268042223497,0.28997100289971,0.7246081308583961,16,0.4791556907353423,0.12897374727166408,0.010399770119654263,0.08063478296671249,0.01849888790980182,0.004310302866252402,1.4190389747900858,0.35576442355764426,-0.0011928026545143695,0.0104072191549983,False,-8.01185071160586e-05,-0.06323993824793048,0.9502724264684442,0.925007499250075,False,-0.00028230615363589683,-0.1381872533212247,0.5166483351664833,-0.004204620006065592,0.0035570860340043997,False,0.002085986768162226,1.391260802358091,0.1811046409928901,0.016998300169983,False,0.0345560231461825,4.94002038025493,9.999000099990002e-05,0.021378535975222674,0.048070731649556143,True,-0.0007234226280930832,-0.7306636625134079,0.4743886221114423,0.45215478452154784,False,0.008324230196494168,2.307325538813554,0.23317668233176683,0.0015637134089196607,0.015238901724441534,False,0.0013729260092939363,1.575661883711714,0.13251602366270282,0.050094990500949906,False
88,88_17Networks_LH_SalVentAttnA_ParOper_3,0.17594560183008023,0.15449157362696717,0.2006664642818128,9.999000099990002e-05,True,0.17779566275726946,0.012111849851162102,9.999000099990002e-05,14.679480421416418,16,1.0558949730779961e-10,2.3351908068511564,0.22836968097355478,0.12144778743463731,0.027862033281273308,0.18360731768824481,0.1523553175921723,0.2196332693280679,9.999000099990002e-05,True,0.18571331777073177,0.017635487775390788,9.999000099990002e-05,10.530659550561621,16,1.3315357966795622e-08,1.8768456764023485,0.2352428687166196,0.1580022486479319,0.03624820182676427,0.1004199570565048,0.08223791438465507,0.1195329059808816,9.999000099990002e-05,True,0.10075956479874401,0.009838687973871147,9.999000099990002e-05,10.241158685622892,16,1.9697033831849106e-08,2.2916656830987887,0.13318783956319985,0.0782207708212777,0.017945075541884445,0.030613718613314266,0.003237637022389518,0.056015634795271704,0.10018998100189981,False,0.03062328771810911,0.013988434047050406,0.10018998100189981,2.1891862673911175,16,0.043753679051221864,0.3097829524667997,0.030623287718109106,0.09885401205668698,0.0226786657220342,0.005884633602981729,2.851951925001846,0.30016998300169984,0.002010003606610681,0.009718042454239935,False,0.000730950584321822,0.5222737967221917,0.6078481569942862,0.38146185381461856,False,0.00924178687177179,2.4323284417714657,0.207979202079792,0.0015914705656241393,0.0162479544107348,False,0.0011459969494853693,1.1234186949801048,0.27602032074303046,0.1999800019998,False,0.05867509780885485,7.771803324137032,9.999000099990002e-05,0.043794403538921584,0.07332767326434686,True,-0.002823872011138985,-3.4109137549936954,0.003115281681615869,0.0037996200379962005,True,0.010695978933225304,2.3992532307932803,0.16668333166683333,0.0014076475380908728,0.018754624197475988,False,0.0006872286352907986,0.5627402188310423,0.5805538971917722,0.38986101389861016,False
89,89_17Networks_LH_SalVentAttnA_Ins_1,0.1197832368989396,0.09736802511567323,0.14199832562287087,9.999000099990002e-05,True,0.12036110411463471,0.01166362238442276,9.999000099990002e-05,10.319358784744429,16,1.7705675821831304e-08,1.9302430140518336,0.16088591851392492,0.10588130140458044,0.02429083646490196,0.10085747203745861,0.08098976917022785,0.1233607519658577,9.999000099990002e-05,True,0.10120155634408946,0.011112030023749832,9.999000099990002e-05,9.107386870606952,16,9.923812404145271e-08,1.6196493319340948,0.13742771322168268,0.11025850658442868,0.02529503620353887,0.06079630194885936,0.0481799643753257,0.07250622383308933,9.999000099990002e-05,True,0.06087137340749435,0.006379892913642119,9.999000099990002e-05,9.541127763654643,16,5.25919792951773e-08,2.4484115242527995,0.08514300854259241,0.04496147464714732,0.010314869702077959,0.0017305114886199406,-0.01664298783724266,0.020372630085293157,0.4246575342465753,False,0.0017305132160599982,0.009627065018448752,0.4246575342465753,0.17975501492342105,16,0.8596017119730576,0.041948784967266985,0.0017305132160600003,0.04125299975697349,0.009464087213608178,0.007074110556621584,2.5095571993914976,0.17448255174482552,0.0016540143707176862,0.012480504725097818,False,-0.0005501577375861963,-0.7496795256215898,0.46313418624238967,0.3321667833216678,False,-0.00959752765712553,-2.889707659513822,0.9014098590140985,-0.01613039555161463,-0.00333189549504571,False,-0.0007439246642188884,-0.9710362101193705,0.3443988748356383,0.21497850214978503,False,0.030273097096959647,7.441554520866129,9.999000099990002e-05,0.02239871918789422,0.03815263136048188,True,0.00016378156061322877,0.1623104749379295,0.8728695425538757,0.8232176782321767,False,0.004077083278265614,0.8324578510544581,0.31816818318168183,-0.005078904769187149,0.013565050729851504,False,-0.0015154801464893927,-1.9201600129412157,0.0708267450191275,0.0173982601739826,True
90,90_17Networks_LH_SalVentAttnA_Ins_2,0.1520948905873322,0.1374395832080485,0.1695849863685517,9.999000099990002e-05,True,0.15328423895594787,0.008478133738186362,9.999000099990002e-05,18.07995057515316,16,4.508969432601368e-12,2.1936777100592666,0.1962027247452115,0.11543587058039527,0.026482804964188568,0.17166142611272048,0.15212207910807224,0.19410252086511015,9.999000099990002e-05,True,0.17337803318252196,0.011035088120941469,9.999000099990002e-05,15.711522307964131,16,3.8058771023787476e-11,3.027165757692234,0.2189482222002712,0.09035726259524456,0.020729377708823087,0.053028278583579044,0.034763098717330215,0.07281855346140327,9.999000099990002e-05,True,0.053078067758458844,0.009968640021121591,9.999000099990002e-05,5.324504410430795,16,6.843433059366704e-05,1.666120233031153,0.07522942387942101,0.06292297342289585,0.014435520125131504,-0.023580662250519878,-0.03733181915992769,-0.008589712556317596,0.9909009099090091,False,-0.023585034366411906,0.0076124178849266595,0.9909009099090091,-3.0982316949668003,16,0.006905409837700535,-0.6248335932465151,-0.023585034366411885,0.03774610491710058,0.008659550360311848,-0.00011414466817299305,-0.04435705024398878,0.5050494950504949,-0.004981370724340545,0.004922923815202366,False,-0.0015224467320293525,-2.441976722552531,0.025156792997729816,0.018998100189981004,True,0.003900778166193905,1.5394884262163435,0.3040695930406959,-0.0010975388850995018,0.008672564953814894,False,-0.0012756445429017592,-1.6907043713387515,0.10813558370261797,0.038696130386961305,True,0.029125420180622297,4.990940732185084,9.999000099990002e-05,0.01791815469490202,0.040318660829219234,True,-0.0006694742245722285,-0.5527142369931928,0.5872581092898953,0.46005399460054,False,-0.00026037521152699966,-0.06346553023152822,0.5133486651334866,-0.008029215599398197,0.007560370119696009,False,0.00018558064934880454,0.2238058325960436,0.8254289098154038,0.795020497950205,False
91,91_17Networks_LH_SalVentAttnA_Ins_3,0.025254184768185712,0.005701544814922994,0.04834194481836381,0.0037996200379962005,True,0.02525955564311285,0.011255737043299565,0.0037996200379962005,2.2441494098469215,16,0.039320081588201654,0.8217156424362759,0.03792770997552299,0.059614345317732506,0.01367646878028069,0.03101899089393616,0.015993988836967326,0.04563734311193998,0.020597940205979402,True,0.031028945236041532,0.00781094898757153,0.020597940205979402,3.9724936477518367,16,0.001093484611001936,0.6929786404932754,0.04331256126444525,0.08521275693818829,0.01954914716810827,0.07803960452570756,0.06509542753472512,0.09180932367221101,9.999000099990002e-05,True,0.07819861103462183,0.00709872518733575,9.999000099990002e-05,11.015866788889015,16,7.0341161806059185e-09,2.7033532443907107,0.1056431540145752,0.057248729952134,0.013133759395126432,0.008189614467823556,-0.005798404769654795,0.02398413036772055,0.20267973202679732,False,0.008189797567086092,0.007818932059736768,0.20267973202679732,1.0474317342209787,16,0.31046640547170307,0.198210734348153,0.008189797567086104,0.04131863793360901,0.009479145644070942,0.0014253196156459949,0.26520646058557806,0.41335866413358663,-0.008679331118846004,0.011821745596768409,False,-0.0010637555010341092,-1.2290523003928961,0.2348780229439702,0.17628237176282371,False,-0.005358205869532981,-1.2030813015617832,0.78002199780022,-0.013409977035441714,0.003462923907224263,False,0.0004126162124563195,0.3768699040476922,0.7106763935130073,0.6547345265473453,False,0.03779520163388216,6.785652634129544,9.999000099990002e-05,0.0271064458376253,0.048173548208489694,True,0.0011879643591171881,1.2900931211076436,0.2133466661104418,0.22417758224177584,False,-0.002491202040730519,-0.522131910208795,0.6380361963803619,-0.011543174135292671,0.006397689506074883,False,-0.0008957483763876317,-0.8018502151878419,0.433098618931687,0.30916908309169083,False
92,92_17Networks_LH_SalVentAttnA_Ins_4,0.020125525924438097,0.007256016173744934,0.032211250612922335,0.007899210078992101,True,0.020128243777797934,0.0064726022980231435,0.007899210078992101,3.1097606265636757,16,0.006740622433924261,0.8692776151280183,0.03501167640137644,0.05456122167665372,0.012517202711823914,-0.004575472564609636,-0.021525041348627375,0.012455981964188647,0.8077192280771923,False,-0.004575504494105921,0.008986281631630906,0.8077192280771923,-0.5091654904293845,16,0.6175860040433229,-0.20763380827503045,-0.010681450075176178,0.05342972945490682,0.012257620593403018,0.05908552386759552,0.04395926823565422,0.07422316698803667,9.999000099990002e-05,True,0.05915442605891433,0.007956104480262613,9.999000099990002e-05,7.435099200326461,16,1.4149182374356773e-06,1.6652188051895958,0.08134715640319772,0.06477592346918944,0.014860616019827438,0.0297756978064248,0.011518830077540912,0.05002113132390642,0.00029997000299970003,True,0.02978450212401139,0.00996502973738373,0.00029997000299970003,2.9889024828772017,16,0.008678034727502325,1.0062995966825992,0.029784502124011437,0.02959804636929196,0.006790257528946031,-0.0013277308506792263,-0.23064117359565062,0.5855414458554145,-0.012522906824123761,0.009447698092762994,False,-0.0024436336987786462,-2.9752542750598323,0.008109960597794456,0.009499050094990502,True,-0.016732022204628272,-2.918415261270716,0.9947005299470053,-0.027284654229072103,-0.006050290731536142,False,0.00118738219369037,1.0462510584320288,0.3092922825523485,0.2430756924307569,False,0.021450251035646056,4.645577112266438,0.00039996000399960006,0.012705175111097533,0.030150762657520046,True,-0.0011760577899556106,-1.1526651752402128,0.26412640992389,0.2943705629437056,False,0.00400825014469467,0.7635233497039255,0.2752724727527247,-0.00575280424553048,0.014014872172291278,False,-0.002193727259049163,-1.884245233744737,0.07578702244910512,0.0332966703329667,True
93,93_17Networks_LH_SalVentAttnA_Ins_5,0.25170446536811864,0.23845297292378081,0.2764171615219418,9.999000099990002e-05,True,0.2572317370260155,0.009909618735301665,9.999000099990002e-05,25.957783432137752,16,1.6625123796377795e-14,2.246428188961079,0.3100645053421712,0.16156465639335735,0.03706547421402722,0.24671470339081078,0.23786378157072496,0.2655243037244125,9.999000099990002e-05,True,0.251911548563851,0.0072092891656896675,9.999000099990002e-05,34.942633423936506,16,1.5475582466283317e-16,2.811426657027932,0.30317143194791657,0.12951206715504732,0.029712105931468655,0.09019043521485764,0.07034734275572206,0.11070182856895637,9.999000099990002e-05,True,0.09043618151257324,0.010731344152659129,9.999000099990002e-05,8.427293005057896,16,2.805186556243853e-07,2.8378932443237552,0.12246716376911196,0.0543700497002518,0.012473344852562181,-0.047026940520787965,-0.06996220205485419,-0.023586308767216416,0.9986001399860014,False,-0.047061653806587965,0.012356803795290205,0.9986001399860014,-3.808562034830197,16,0.001544578651628878,-0.753900007539408,-0.04706165380658798,0.06242426493692262,0.01432110855183448,0.005654249816451677,2.240117201039505,0.25717428257174285,0.000826099668016536,0.010431259539675448,False,-4.561444487571324e-05,-0.05441580139424447,0.9572033144651175,0.944005599440056,False,0.003127192798258558,1.1131128536140462,0.35996400359964004,-0.0022697862004608165,0.008619750013532317,False,0.0007728942247199977,0.8805749465958083,0.39015411381655396,0.2233776622337766,False,0.059351105580029845,10.65798666585569,9.999000099990002e-05,0.04814414927034143,0.06914652375536474,True,-0.0010094974834320913,-1.316964656548347,0.2043714731184135,0.33396660333966605,False,0.004902219942375539,1.342203707295359,0.29817018298170184,-0.0021916595867496258,0.011717355613281043,False,-0.0010565194387382175,-1.1979322560350858,0.2464799630887017,0.1473852614738526,False
94,94_17Networks_LH_SalVentAttnA_Ins_6,0.012958295435360739,-0.002387393139704897,0.028586668814940066,0.1342865713428657,False,0.012959020816292847,0.008069790723068375,0.1342865713428657,1.605868263627714,16,0.12785610357182758,0.4207798026656481,0.01749014050893371,0.06603828344488438,0.015150221260060319,0.04286907765419799,0.029596629730564494,0.056635618156515036,0.006299370062993701,True,0.04289536764328834,0.007178735480778337,0.006299370062993701,5.975337544912228,16,1.9406716880218247e-05,0.903118125276408,0.06135877214738305,0.0920958416770035,0.021128235104756827,0.10645242515940838,0.08256823810551533,0.1312665862957807,9.999000099990002e-05,True,0.106857292055498,0.01289962019998435,9.999000099990002e-05,8.283754901220087,16,3.5179333230010003e-07,1.9411260398120271,0.13474054322552048,0.09019325342044245,0.020691751423624356,-0.0009993355448940835,-0.01888517978797823,0.01675579641799099,0.577042295770423,False,-0.0009993358775636024,0.009349960905139575,0.577042295770423,-0.10688128941953942,16,0.9162118420612757,-0.044120160851262274,-0.000999335877563586,0.022650322625353988,0.005196340387500574,0.004297952882178222,1.1553473959908918,0.23867613238676133,-0.0032333271739742367,0.011060687424758681,False,0.00041394689012008777,0.5531015152166537,0.586998421627087,0.5818418158184182,False,0.009382810652075265,1.52026672335652,0.06819318068193181,-0.0023904212199780278,0.02115603268608042,False,0.0008112042427467417,0.8993180022286781,0.3803570674071981,0.3013698630136986,False,0.03754647884682829,7.604565278490691,9.999000099990002e-05,0.02773400693469062,0.046972752588663055,True,-0.0005893823475296344,-0.6710396826458672,0.5107152388284042,0.4971502849715029,False,0.01020521833448459,2.378156882731408,0.042495750424957505,0.0023319983011236547,0.018745834665505726,True,-0.0022506791225375676,-2.268369982586476,0.03584586999478129,0.010298970102989701,True
95,95_17Networks_LH_SalVentAttnA_ParMed_1,0.017563250463036355,0.000591899231037197,0.03665058351381314,0.0025997400259974,True,0.01756505669622983,0.00950795997786139,0.0025997400259974,1.8474054094809844,16,0.08326323691821948,0.893479455159938,0.026914087908123416,0.041517519059092976,0.00952477210342685,0.021310539031906647,0.003209720485198162,0.03891111408614104,0.006899310068993101,True,0.021313765894038394,0.009481043506416915,0.006899310068993101,2.248040089639175,16,0.03902260754938128,0.9904001661685111,0.028758845115286452,0.04525218360114465,0.010381562910102,0.013707449864648218,-0.00538193598993455,0.03430557961927277,0.11308869113088692,False,0.013708308478139641,0.01036315565063597,0.11308869113088692,1.3227928770227804,16,0.20449997433937683,0.5090865370053457,0.016267229625582944,0.05626747291606988,0.012908643592082127,0.016488028939927953,0.00037647933868298567,0.03394190116393947,0.004399560043995601,True,0.016489523301928363,0.008794281344456102,0.004399560043995601,1.875027947829225,16,0.07916144371073827,0.6771104169952376,0.016489523301928367,0.024352783368926285,0.005586911668373035,0.007519347818262021,1.706557912356855,0.09809019098090191,-0.0006057297637135234,0.016380390538831394,False,0.0006562752673166641,0.6301118333111,0.5365392536132135,0.45125487451254875,False,0.009635532160015016,2.788782852913914,0.051294870512948704,0.0028978399213131748,0.01606751507067993,False,0.00021524594884679693,0.26771416049549157,0.7919629445673456,0.7823217678232177,False,0.004575991374705913,0.8102536954955089,0.20717928207179281,-0.0050983382103355806,0.016301374800878315,False,9.297313425718353e-05,0.09262674988145907,0.9272232464765195,0.9169083091690831,False,0.010668764582583718,2.380052093888112,0.045295470452954706,0.0019408876978787963,0.01897477909410769,True,0.0011863456765149338,1.223569290757684,0.23689118444153645,0.19438056194380562,False
96,96_17Networks_LH_SalVentAttnA_ParMed_2,0.0114825245986707,-0.0011536084983403137,0.02499478208813036,0.11228877112288771,False,0.011483029289318596,0.0068612717339840805,0.11228877112288771,1.6736007163865578,16,0.11364335499931642,0.388413033577042,0.017703447119478914,0.06255393823522705,0.014350857646728405,0.009853694862742363,-0.007279211278605695,0.02745897647103165,0.1825817418258174,False,0.009854013797150432,0.009356252423277386,0.1825817418258174,1.053200934664254,16,0.3078951559413174,0.33740565963440416,0.013291890371317812,0.061520042433217854,0.014113665682564773,0.034012727600553794,0.017022393633803135,0.04973598246621277,0.000999900009999,True,0.034025852764137464,0.008494524976770314,0.000999900009999,4.005621604172899,16,0.0010199001059455917,1.1689677075212188,0.04736360075072338,0.05965697425815045,0.013686248529930795,0.011200083059368895,-0.004986491885140663,0.027481824430944157,0.025297470252974703,True,0.011200551414372572,0.008563486348819042,0.025297470252974703,1.3079429286317712,16,0.2093734891972148,0.4796199652227312,0.01120055141437262,0.0233529715744238,0.005357539111804804,-0.0019098921352594127,-0.32155459110140067,0.6246375362463754,-0.013620455193236038,0.009114438018109522,False,-0.0004031164541368655,-0.31670538432993983,0.7551107622835364,0.6977302269773022,False,-1.9801406248578484e-05,-0.004054123051186126,0.5046495350464953,-0.009057944134383551,0.00924552166083549,False,-1.236679880766073e-05,-0.014957418956945408,0.9882306941110476,0.9893010698930107,False,0.025180446356931077,4.470859152367126,9.999000099990002e-05,0.014379446972487074,0.03606642396688134,True,-0.0021839078651972924,-2.3276494980216804,0.03179441231702801,0.021897810218978103,True,0.005897979672138662,1.1366149610565535,0.1817818218178182,-0.00433966814984161,0.015593096743276462,False,-2.1238632291876086e-05,-0.02420721549607895,0.9809536679256293,0.984001599840016,False
97,97_17Networks_LH_SalVentAttnA_ParMed_3,0.03348949657571563,0.01526474579449668,0.05038032079643197,0.014598540145985401,True,0.03350202501542676,0.009260215972581455,0.014598540145985401,3.617844887702705,16,0.0023104483656736043,0.7186249699454678,0.05046238093745603,0.08973805676521747,0.020587322148910493,0.03623290934667064,0.019345206833033934,0.05363246167324662,0.013398660133986601,True,0.03624877765553093,0.009153758917548159,0.013398660133986601,3.959988238934328,16,0.0011226366775418486,0.7799520645481886,0.053369163778896424,0.09019192078989177,0.020691445697208596,0.07794456248104095,0.06270398676677759,0.09492309643367854,9.999000099990002e-05,True,0.07810298733336982,0.008481559413993736,9.999000099990002e-05,9.208564548225365,16,8.541546761558383e-08,2.3434289666115298,0.10842370103998604,0.061061347216323565,0.014008433782758054,0.02399567978271051,0.0031259361822865567,0.045053810157880625,0.018998100189981004,True,0.024000286886459915,0.010907170860084194,0.018998100189981004,2.200413580600557,16,0.04281204880239715,0.5349906320826661,0.024000286886459894,0.04486113484460307,0.010291850172640843,0.0006159746941937272,0.10948804044421866,0.46665333466653336,-0.010234923432613487,0.011276093027434358,False,0.0005315259471088803,0.41022953395496603,0.6864791130141056,0.5982401759824018,False,0.015819710556176356,1.913032290946363,0.009499050094990502,-4.057375713993158e-05,0.03097895410111203,True,0.00040076854494126537,0.30437424564126003,0.7643336505420935,0.6846315368463154,False,0.03641530934035592,6.628165634983965,9.999000099990002e-05,0.026179046039957264,0.04708873364512234,True,-0.0008187365305815413,-0.834984539778768,0.41467203418362986,0.40715928407159285,False,0.018313344724003894,2.8580431863698585,0.006299370062993701,0.005757334159413349,0.03038620342001671,True,-0.001485322169633105,-2.1324639378231702,0.046995307600174355,0.0756924307569243,False
98,98_17Networks_LH_SalVentAttnA_FrMed_1,0.01114439238575011,0.0012637202418799148,0.0207693906220326,0.035596440355964404,True,0.011144853788623245,0.0051351401870538445,0.035596440355964404,2.1703114973804283,16,0.04537994576272019,0.5560742185348416,0.01728354089854572,0.04081513738055358,0.009363634695187497,0.029607734978871897,0.013830280022107948,0.0442249087821456,0.0066993300669933005,True,0.02961639108970649,0.00802057339759158,0.0066993300669933005,3.6925528414963074,16,0.0019731566429065637,0.8968714231279739,0.04508649395856033,0.06682985704100997,0.01533182069752803,0.03829689486069708,0.021216663164841366,0.054575605325019975,0.00039996000399960006,True,0.03831563409496438,0.008677345444234926,0.00039996000399960006,4.415593955686137,16,0.00043299725724786376,1.3811514255432595,0.051796000306611065,0.054574298416094326,0.012520202721599314,0.011513483979705126,-0.0003575163457949881,0.02410493783897006,0.017798220177982202,True,0.011513992763853861,0.006383077243912269,0.017798220177982202,1.8038310244224445,16,0.0901174466538721,0.5298434383532773,0.011513992763853866,0.02173093395218536,0.004985418160333311,0.002138724722166441,0.5890076856116918,0.3471652834716528,-0.00466316614998889,0.009137626533689014,False,-0.001797293133119909,-1.6158201847182436,0.12352454210114223,0.036096390360963904,True,-0.00030483277972318765,-0.06430917548688214,0.5208479152084792,-0.009806926772079226,0.008346319544735461,False,-0.0002615686781534987,-0.3009617603580631,0.766892457863751,0.7549245075492451,False,0.01008950739397204,2.3129376274864897,0.031296870312968704,0.0017309100084904455,0.01859359015280117,True,-0.001542762527460111,-2.177834536250722,0.04296162887054172,0.0336966303369663,True,0.012069673846638313,3.03226313958178,0.008799120087991202,0.0044515614793012555,0.019621196468116067,True,0.0007602680970764367,1.0013771719350806,0.3299169985748738,0.2816718328167183,False
99,99_17Networks_LH_SalVentAttnA_FrMed_2,0.0797967540451713,0.06419893311515998,0.09602570197509742,9.999000099990002e-05,True,0.07996677327458855,0.008330540290162444,9.999000099990002e-05,9.599230120646737,16,4.837972158490446e-08,1.6956670619460759,0.1116159286923483,0.08788588086621153,0.02016240385578268,0.05405295041747926,0.034264861224947867,0.07287208618014122,0.0015998400159984002,True,0.05410568544950796,0.010196290500570037,0.0015998400159984002,5.3064087813585825,16,7.092992720981774e-05,1.1456873765526543,0.0761101321392448,0.09051200785228118,0.020764878705529136,0.13871541338967286,0.11277590012700081,0.16697506359993927,9.999000099990002e-05,True,0.13961554776887103,0.014287835005669903,9.999000099990002e-05,9.771637740320124,16,3.784492045127009e-08,2.3621905816515794,0.17828895146491797,0.09275777967525266,0.021280094096401966,-0.014226290244641358,-0.025974988370578083,-0.0024814460963928867,0.8386161383861613,False,-0.014227250101520813,0.006171518626749279,0.8386161383861613,-2.3053078118982717,16,0.03487950105904868,-0.23107318060117676,-0.014227250101520834,0.06157032185434141,0.01412520057286042,0.017773160933218582,3.704411349811181,0.015598440155984402,0.008830923543580534,0.027237640574027534,True,-0.000386975701991307,-0.28915773563989194,0.7757646707038802,0.6453354664533547,False,0.005266827947014424,1.2552633591000006,0.23757624237576241,-0.0029310525745405995,0.01285915829598342,False,0.0013891356821397931,1.6528349472256847,0.11569971659211675,0.09199080091990801,False,0.02295365239796823,5.384968109479944,0.0021997800219978004,0.014821752514403146,0.031099911096985046,True,-0.0011026149952539609,-1.1459651721266897,0.2668167685043434,0.13908609139086092,False,-0.00013989895076031364,-0.02204825341880683,0.5134486551344866,-0.011661205340329989,0.012345132813260391,False,0.0012194714694920858,1.218572551453908,0.23873730425515455,0.10088991100889912,False
100,100_17Networks_LH_SalVentAttnA_FrMed_3,0.030392701935427813,0.008494743283635597,0.05027949696065649,0.0027997200279972004,True,0.030402065203751227,0.010891269169490314,0.0027997200279972004,2.7914162005027348,16,0.013070706952403942,1.091736044826899,0.04294886111261651,0.0591561586334445,0.013571353545855036,0.0046419003130308166,-0.009332995260242094,0.019483614499530243,0.2725727427257274,False,0.004641933653506259,0.007611916373745846,0.2725727427257274,0.6098245731543617,16,0.5505412860415163,0.19663867753864722,0.007919940278752957,0.053558519523439214,0.012287167061490616,0.0679026285233684,0.048025216341940756,0.08970709974691732,0.0008999100089991,True,0.06800727925373673,0.011000178269215484,0.0008999100089991,6.1823797387046255,16,1.3151388418625561e-05,1.0570928995638926,0.0934776558854079,0.11991275013887306,0.027509871573546868,0.017931601591834847,-0.0010097338221171065,0.03685978214205994,0.027597240275972403,True,0.017933523885727047,0.009942506090146306,0.027597240275972403,1.8037226955787713,16,0.09013508951169663,0.48369204383314357,0.017933523885727047,0.03707632596891229,0.008505892531382179,0.025455666879825024,4.159381612520908,0.00029997000299970003,0.013669530725458378,0.03680284911008459,True,0.0006473100471719283,0.5080303312357975,0.6176011960256176,0.6021397860213978,False,-0.003239344490842615,-0.6440433571854456,0.6864313568643136,-0.012722571255842207,0.006503430386625934,False,0.00012981998363931452,0.14017412342512328,0.8900790536337795,0.8956104389561044,False,0.0012202224458429693,0.2053394743810264,0.44485551444855514,-0.009756013358644722,0.01297948750994278,False,-0.0008803041731670696,-0.9634581080128143,0.34808369737993433,0.30596940305969406,False,0.003505971532778367,0.490369161982359,0.3123687631236876,-0.010196062291586852,0.017356748434959185,False,-2.9520313479799087e-05,-0.03509346083356379,0.9723914626190118,0.9787021297870213,False
101,101_17Networks_LH_SalVentAttnB_PFCl_1,0.02811448394375652,0.012354428892115802,0.0439497640303564,0.008999100089991,True,0.02812189491499024,0.008360223704292962,0.008999100089991,3.363773017287766,16,0.003950856401311945,0.7762338041401755,0.04385340140599457,0.0728883333163815,0.016721730478379777,0.02298061459484962,0.008170332045601351,0.038073364910716334,0.04659534046595341,True,0.022984661297614443,0.00789566872254505,0.04659534046595341,2.911046816336753,16,0.010204275198416496,0.5395935359552455,0.03401888520608692,0.08257641015501471,0.01894432773610921,0.0860926292422098,0.06817345529526853,0.10396851592015338,0.00029997000299970003,True,0.086306284701809,0.009431240468422445,0.00029997000299970003,9.151106367267229,16,9.299689830826506e-08,1.4124932761662463,0.11782623286851879,0.10713138900712177,0.02457762622964147,0.018222949824378835,-0.003024911037677831,0.038423413345147865,0.009799020097990201,True,0.018224967360535537,0.010987025306131878,0.009799020097990201,1.6587717651259213,16,0.11663310274195063,0.5821825561501922,0.018224967360535544,0.03130455759624965,0.007181758054436882,0.006319966869604625,1.0328223269504437,0.1777822217778222,-0.005220555872567674,0.017704809736711957,False,-0.0013935933208215658,-1.505287326444496,0.14959656620251813,0.1775822417758224,False,0.0023715239657143014,0.5405706632054545,0.36496350364963503,-0.006059181882754084,0.010985753464495207,False,-0.0010821161437645553,-0.8553661389456637,0.4035909299627899,0.24947505249475052,False,0.006943171426494829,1.7060698132442704,0.17568243175682433,-0.000828960503824348,0.014704164763361758,False,-0.0006911702187219664,-0.650839374787769,0.5233722856572045,0.40615938406159385,False,-0.0034543366317776186,-0.5357676725265276,0.6811318868113189,-0.015810105720997884,0.008457802101076908,False,-0.0007507159558230253,-0.5908188513556092,0.5619877626186266,0.46095390460953906,False
102,102_17Networks_LH_SalVentAttnB_PFCl_2,0.02794719861845918,0.005563191487216017,0.04869201305532276,0.000999900009999,True,0.027954478045168422,0.011439279849380998,0.000999900009999,2.443727088876237,16,0.026503287757953763,1.1930306317715198,0.03983968657397315,0.04528980589772067,0.010390194056880884,0.030710316299437528,0.014196424990022605,0.046921499847409454,9.999000099990002e-05,True,0.030719976306985277,0.008648547597040599,9.999000099990002e-05,3.5520387628435075,16,0.002655050960342475,1.8224410448431643,0.04570181955085478,0.03326920439221109,0.0076324789409288225,0.06194261239563721,0.04546236133376016,0.07977225177617456,9.999000099990002e-05,True,0.06202201754996637,0.009011430098314625,9.999000099990002e-05,6.88259431336721,16,3.684151054636386e-06,1.7762546354761417,0.08520183837420998,0.06596149027106701,0.015132603697732758,0.02191138750835559,0.005020481425439369,0.03892756881059888,0.006299370062993701,True,0.021914895136240335,0.00883020990018973,0.006299370062993701,2.4818090831305666,16,0.02455585632648067,0.6504923555562123,0.021914895136240394,0.0336897043432612,0.007728948245791519,0.0006030907606212029,0.14407308981774855,0.45855414458554145,-0.006974811796174407,0.008780803248078901,False,-0.0008155296521656113,-1.170679840703724,0.25699344665125273,0.34726527347265274,False,0.019013733633987267,4.546328566153464,0.0006999300069993001,0.011142824139053313,0.027126099742457315,True,-0.0020157438335979888,-2.2018508303623654,0.040957224889919,0.019998000199980003,True,0.024825474182670938,6.4122801043024715,9.999000099990002e-05,0.017648079989746022,0.032382161943121025,True,-0.0002973165186515854,-0.34395554861874533,0.734865075769141,0.6902309769023097,False,-0.0006462998804767957,-0.1395916960835402,0.5353464653534646,-0.009582695830069949,0.00793149072291362,False,0.00010110208311501698,0.12189143136892615,0.9043355102273022,0.8988101189881011,False
103,103_17Networks_LH_SalVentAttnB_PFCl_3,0.03309967159121675,0.009109996055738994,0.05768444385804662,0.0017998200179982,True,0.033111767413966674,0.012870338627097678,0.0017998200179982,2.572719209131914,16,0.020441358555577726,1.113772555666157,0.04889692394542844,0.06017115835562953,0.013804210451998531,0.004154947333953573,-0.011216237425868528,0.021778800799524732,0.26047395260473954,False,0.004154971243966646,0.008695589818916296,0.26047395260473954,0.4778251194562976,16,0.6392373068225963,0.17371812621069654,0.00830381271457104,0.05439136696809942,0.012478235369209558,0.11888161008029381,0.0951732698589794,0.1446517609931467,9.999000099990002e-05,True,0.11944645238187501,0.013055985670729943,9.999000099990002e-05,9.148788562908779,16,9.331719262492766e-08,1.58012175098221,0.15394707678197167,0.12060807284577872,0.027669389542628497,0.032831544538447326,0.01013690623751691,0.055092354276834475,0.00029997000299970003,True,0.03284334866051722,0.011894084015863898,0.00029997000299970003,2.7613180314441994,16,0.013906577854812514,1.0103274308703862,0.03284334866051735,0.03250762837570688,0.007457761420204291,0.01639826855298145,2.584578645499654,0.013798620137986202,0.0037029123904705435,0.027612651006535954,True,-0.0006570839784414912,-0.45253983981210794,0.6562868711244171,0.5458454154584541,False,0.0018002681278978848,0.38058213598942914,0.38636136386361364,-0.007568105305252366,0.010754506600310413,False,0.0008487995262672514,0.8188113139884394,0.42360272222429357,0.3681631836816318,False,0.021190028797248805,4.567302862355176,0.0047995200479952005,0.012543833839032414,0.0302127702394534,True,-0.000822247608718927,-0.8286357613379537,0.41816328082867954,0.37906209379062095,False,0.00017281323452582065,0.02616990303804046,0.49565043495650435,-0.012568847206729317,0.012500115270176698,False,-0.0007663686066935323,-0.5183018770318124,0.6105603849776505,0.5184481551844815,False
104,104_17Networks_LH_SalVentAttnB_PFCv_1,0.03833210332994672,0.016440012237881208,0.063111841586653,0.0012998700129987,True,0.03835089432626689,0.012313552533477701,0.0012998700129987,3.114527202608644,16,0.006673626704857422,0.9072545757084377,0.05570976394216209,0.07730851673145764,0.017735790100391956,0.01568845385051209,-0.00405978475449803,0.03437765280398638,0.058194180581941805,False,0.01568974116103847,0.010100282034904966,0.058194180581941805,1.5533963414899927,16,0.13988338888647459,0.4657758775855836,0.024592898554956902,0.06643700368409144,0.015241693956347052,0.06919415741592042,0.055141742753300534,0.08351309831552546,9.999000099990002e-05,True,0.06930490572396576,0.007566236874309442,9.999000099990002e-05,9.159758923129285,16,9.181138887030394e-08,2.177199586085409,0.09079876784456803,0.055187630306879745,0.012660910707430072,0.01281098199019188,-0.003413367128733388,0.030168568766588185,0.031596840315968405,True,0.012811682910714866,0.0087924320712455,0.031596840315968405,1.4571261747490551,16,0.16442768479701358,0.45251875477533415,0.012811682910714895,0.028311937959511965,0.006495204024279252,-0.007566987752539905,-1.5621143927699086,0.8468153184681532,-0.016713771495905937,0.002140944105611851,False,0.0008587071316425434,0.7879027633303191,0.44100662239296784,0.37046295370462956,False,0.0010025340723074986,0.15406034811087796,0.42595740425957407,-0.011617029993536346,0.013212422732022541,False,-0.0005528040563507054,-0.5129845803741946,0.6142003994463403,0.5764423557644236,False,0.017286118750330867,4.255098459668321,0.0016998300169983002,0.009152138339127128,0.02454227471249411,True,0.00037899822259373486,0.30185845100873027,0.7662198175149825,0.6917308269173083,False,0.00463448280654066,0.9976734173017727,0.2518748125187481,-0.004205321049849219,0.013689063362746267,False,-0.00010706923790171311,-0.15009917739878043,0.8823555046786845,0.9034096590340965,False
105,105_17Networks_LH_SalVentAttnB_PFCv_2,0.03925947206288801,0.022629617163842285,0.05750307331746956,0.0006999300069993001,True,0.03927966102513736,0.009314854950130848,0.0006999300069993001,4.216883809294914,16,0.0006549654129483425,1.1434661571750901,0.05831617932865054,0.0685560241651514,0.015727830595096172,0.021163394183207417,0.0041162540251478376,0.03833691011647764,0.0365963403659634,True,0.021166554651514492,0.009124294845258521,0.0365963403659634,2.31980169541691,16,0.03389808285508623,0.6747821327794342,0.02773527278961626,0.06281846577082922,0.01441154442543755,0.08271670275553952,0.062072740809633035,0.10409754657318539,9.999000099990002e-05,True,0.08290613170120856,0.010935112715088582,9.999000099990002e-05,7.581643999591547,16,1.1052674531481205e-06,2.4584133631933747,0.10482155230359542,0.05461651082089324,0.0125298869114247,0.012909417976923583,-0.0031023812129238218,0.02922795103717834,0.10818918108189181,False,0.012910135180029435,0.008554753892446317,0.10818918108189181,1.509118244936168,16,0.15076177082089579,0.29498955610173166,0.012910135180029416,0.04376471950612779,0.010040315243137596,-0.0014991925213000163,-0.32914450655991895,0.5782421757824218,-0.009743344542474986,0.007490252489767643,False,0.0004660704839337313,0.6987526804883073,0.49363687326203826,0.6046395360463953,False,-0.003978786702050599,-0.8616601990279255,0.7307269273072693,-0.012454430159051443,0.0048385482555439235,False,-0.00035599669529775375,-0.476072757096684,0.6397497700364174,0.672932706729327,False,0.017192763229096065,3.2566632104555397,0.008999100089991,0.006977020193651252,0.027088752499888673,True,0.00010477503207484687,0.10596879577676284,0.9167791483448033,0.8926107389261074,False,0.0004051124707264175,0.07942924164647748,0.47875212478752127,-0.009174031564935405,0.010141523170869944,False,-0.0013512224678321344,-1.6569072140044556,0.11486520476108679,0.13068693130686931,False
106,106_17Networks_LH_SalVentAttnB_PFCv_3,0.07223956155031655,0.05179985304823426,0.09362174642220596,9.999000099990002e-05,True,0.07236561851112269,0.010945752571057947,9.999000099990002e-05,6.611296760212465,16,5.984039579763944e-06,1.6515534003265187,0.10184575392925589,0.0815283843846699,0.018703894134890292,0.05650977463752146,0.03253695714092293,0.07816897005634438,0.0033996600339966003,True,0.05657004206972153,0.012166654540806418,0.0033996600339966003,4.649597132883828,16,0.0002670865584972514,0.9519856729280823,0.08138854909383424,0.11218550897204632,0.025737120870464494,0.09999358456083611,0.0708098852879311,0.13322718937683622,9.999000099990002e-05,True,0.10032886749369516,0.016396709163375326,9.999000099990002e-05,6.118841683049165,16,1.4810170276755575e-05,2.0134577297296423,0.13322378804006071,0.08522126765841413,0.019551099661234646,0.008354046519774883,-0.01498148635823406,0.03238100246108536,0.19038096190380963,False,0.008354240871141784,0.012323184129519403,0.19038096190380963,0.6779287547225503,16,0.5075030386266935,0.2097524226858446,0.008354240871141805,0.039829055436724534,0.009137411982387445,0.012461941929005462,4.358173185926184,0.052094790520947905,0.006880612783105707,0.017771359203228226,False,0.0005810470977810248,0.6481326400297712,0.5250814504208645,0.5010498950104989,False,0.005297181788862466,0.8647099479730834,0.27417258274172585,-0.006425926929781174,0.01666573983691688,False,0.0003543922222452149,0.3628282385533938,0.7209587322485801,0.6873312668733127,False,0.039595921386761684,6.567304282421937,9.999000099990002e-05,0.02852703277737271,0.05142504711802408,True,-0.0011188059739042288,-0.9268327133257909,0.36627475545056276,0.24567543245675433,False,0.002523509312927741,0.3511924741995974,0.36846315368463156,-0.011131792620706139,0.016341444932237062,False,0.0005369250017200879,0.451817885658727,0.6567971637461357,0.601939806019398,False
107,107_17Networks_LH_SalVentAttnB_OFC_1,0.03400152328193369,0.02132100932158605,0.0478266774778916,0.0033996600339966003,True,0.03401463547289288,0.006926951683377532,0.0033996600339966003,4.910476790897377,16,0.00015683523715487178,0.9977049264152398,0.04714368566978459,0.06617727357971703,0.01518210778384372,0.017472072808318685,0.0010131003280401053,0.03328241186558325,0.0685931406859314,False,0.01747385105331287,0.008506157271028979,0.0685931406859314,2.0542591086138096,16,0.05666373585782124,0.5184476403631897,0.025303336835052176,0.07051729661796438,0.016177777354178382,0.0456518944328895,0.026336764934526982,0.06575715552565035,9.999000099990002e-05,True,0.04568364845145759,0.010235343740479535,9.999000099990002e-05,4.463323324529331,16,0.00039220653807407746,1.6193466014841191,0.06508194599948591,0.051751147431284304,0.011872527466591724,0.018832507948687814,0.002877619285241921,0.034426057630307004,0.0026997300269973002,True,0.018834734822736114,0.008360496512027745,0.0026997300269973002,2.2528249124486464,16,0.0386596380920133,0.7568696339826907,0.018834734822736093,0.02488504489686905,0.005709020837417091,0.021170186797136285,4.145673173339085,0.0005999400059994001,0.011378109212188138,0.030524057081341663,True,0.0012550179354066699,1.4346963203459975,0.1685207183088281,0.1892810718928107,False,-0.00018169716556240957,-0.03145764468114378,0.5078492150784921,-0.011595788008145192,0.010628798005959944,False,-0.0006194592843755142,-0.7227563700464976,0.4791161308949001,0.42225777422257776,False,0.01831770249942735,3.355786255865101,0.0024997500249975004,0.00804427530572321,0.02865847006915298,True,0.00032318980107140613,0.34741993051426856,0.7323050952757699,0.7579242075792421,False,0.016419374198004225,3.6199958582740908,0.007099290070992901,0.0075016382813831006,0.024957828822563304,True,0.0002625128616266392,0.34700552585579625,0.7326111472060713,0.807919208079192,False
108,108_17Networks_LH_SalVentAttnB_PFCmp_1,0.06100102373427949,0.044530530866744064,0.07904345414968687,9.999000099990002e-05,True,0.06107685726074667,0.00909039906616066,9.999000099990002e-05,6.71883124340575,16,4.931434842368396e-06,2.5360209555756947,0.08611235991395463,0.04653186133407086,0.010675141116319084,0.012482332936390984,-0.0006128778003411573,0.026312262994984455,0.1255874412558744,False,0.012482981282090484,0.007111602603578946,0.1255874412558744,1.755297923397515,16,0.09833260793816823,0.3822867575755435,0.018856243322253833,0.0698071188099657,0.016014851391177774,0.06458377162991696,0.04810001590483821,0.08164544530386701,9.999000099990002e-05,True,0.06467379136311642,0.008840181448285706,9.999000099990002e-05,7.3158895822956245,16,1.7333971775690473e-06,1.9487341190529648,0.08808574221763386,0.06265197600433442,0.014373349053475206,0.006674256101576777,-0.009466336259551988,0.023489720106020174,0.23577642235776422,False,0.006674355207350092,0.008690547442473549,0.23577642235776422,0.7680016997238097,16,0.45367250909780255,0.16969002446526774,0.0066743552073501005,0.03933263153436699,0.009023524528517202,0.008062138583917081,1.9314307518845293,0.1401859814018598,0.00014932011383139815,0.015974516368032675,False,-0.0016717672344105554,-1.4264848934850616,0.17084364398465032,0.0491950804919508,True,-0.01387289290410117,-3.4574459219338065,0.9909009099090091,-0.021651318533207342,-0.006560821159776934,False,0.0017679056406881635,1.7713541198079346,0.09343185404984665,0.0385961403859614,False,0.02553069762855437,4.5130249092510955,9.999000099990002e-05,0.014792381141575139,0.03630761953395709,True,0.000537570010418762,0.6499326449810903,0.5239444939976317,0.5021497850214979,False,0.0032964899907108615,0.7835141089388641,0.3264673532646735,-0.0047294131826130245,0.011224579141760171,False,-0.0012651662399604808,-1.4629635379304897,0.16072026263146644,0.0913908609139086,False
109,109_17Networks_LH_Limbic_OFC_1,0.026607787055000613,0.008370895372483983,0.04531457576168106,0.027897210278972105,True,0.026614068933750384,0.00988356896706987,0.027897210278972105,2.69275896413768,16,0.01600758481354872,0.6293585425105566,0.04061196678484507,0.08691778052824184,0.019940306406287023,0.0076337170323811715,-0.006293547213643236,0.02157838647288299,0.19538046195380462,False,0.0076338653190477996,0.007234048481906876,0.19538046195380462,1.0552687527794304,16,0.3069773279518158,0.43675108614451424,0.007757618610895042,0.03909389668778989,0.008968754998489242,0.011698054474171748,-0.0010308277487856624,0.025042831524965427,0.05269473052694731,False,0.011698588122709798,0.006858258851893837,0.05269473052694731,1.7057664890381552,16,0.10738482178005017,0.5014877276341129,0.017426135773464062,0.04520701549986055,0.010371200636998368,0.006922166317377424,-0.005389988117150868,0.01825611429043658,0.104989501049895,False,0.0069222768822884495,0.006144778152993721,0.104989501049895,1.1265299917973333,16,0.2765543081762195,0.3045915025666506,0.006922276882288449,0.022726428097821667,0.005213800180318313,0.004011453681754125,0.5280488302714276,0.2548745125487451,-0.010873441732143769,0.018080083634024625,False,-0.00015954813919380218,-0.2167702545464456,0.8308252866187024,0.8375162483751625,False,0.0015281134489702496,0.384373221784614,0.37306269373062695,-0.005926845711211319,0.00919035119365345,False,0.00017083014359264465,0.21433357015951265,0.8326962894118213,0.8349165083491651,False,0.003238900287832725,0.6517033449540497,0.2712728727127287,-0.005926250172761622,0.012812015578847553,False,0.0014646523377579179,2.1285547055024394,0.04735855322767919,0.12018798120187982,False,0.004901649582342336,1.0417146332134333,0.21157884211578842,-0.004821883400881077,0.013242511437703634,False,0.000663722612671359,0.6500965857673866,0.5238410104109904,0.4667533246675332,False
110,110_17Networks_LH_Limbic_OFC_2,0.05176655446486847,0.03773799528893276,0.06644538814740604,9.999000099990002e-05,True,0.05181286988287867,0.0075268636566708175,9.999000099990002e-05,6.883726376119299,16,3.676779186210358e-06,1.7141842923038075,0.07473074432175102,0.058958388147036654,0.013525981884577843,0.02163278026068353,0.006838317046624806,0.03890386135672098,0.019598040195980403,True,0.021636155757707935,0.008657536812165155,0.019598040195980403,2.4991121871183783,16,0.023716547146069356,0.7815653611074591,0.028840357283025714,0.05583870371297093,0.012810277190692087,0.046658206173165205,0.026049908851675865,0.06998758721696648,9.999000099990002e-05,True,0.046692108588765685,0.011709568695289978,9.999000099990002e-05,3.9875173718009767,16,0.001059471055804665,1.7065567229569765,0.06640644966543754,0.053180429523959946,0.012200427266790959,0.020392588238220755,0.0032404809326670933,0.0376009224424324,0.0053994600539946005,True,0.020395415748401084,0.009024128377330201,0.0053994600539946005,2.260098138634314,16,0.03811391279162771,0.6620357790132616,0.020395415748401043,0.030807120090699112,0.007067638064046263,0.007722186499836841,1.8037085050480106,0.12568743125687432,-0.0007620146052822224,0.015735978043217583,False,0.0001083505272621283,0.1269774936992123,0.9003659269608104,0.8896110388961104,False,-0.0021177884402140273,-0.5054482185196315,0.6373362663733627,-0.01056895343810063,0.0055127882610739075,False,-0.0003286854638984638,-0.4073348563333989,0.6885654585666867,0.654934506549345,False,0.03576921281467413,6.2704413184232655,9.999000099990002e-05,0.025010091766643622,0.046306853492591046,True,0.0009576867349616944,1.1698518576534118,0.25731807909454324,0.29417058294170584,False,0.012940837869442615,3.729510195865851,0.030396960303969604,0.006378219382690212,0.019526563395735552,True,0.00041666838581926437,0.4087044210636714,0.6875780198436239,0.6105389461053895,False
111,111_17Networks_LH_Limbic_OFC_3,0.01037263416741512,-0.004923236344916772,0.024991430679572043,0.0688931106889311,False,0.01037300619399139,0.007770506062950145,0.0688931106889311,1.3349202883258777,16,0.20058737058980494,0.44819053446563845,0.016007362138852278,0.045142865507169026,0.01035648361934725,0.010937557723989508,-0.004280734106452077,0.026017165082489347,0.07129287071292871,False,0.010937993909258016,0.007845543490083427,0.07129287071292871,1.3941665001390111,16,0.18232752948978334,0.4816564896616874,0.01548442776779293,0.043651001301648736,0.01001422649780259,0.01173002849398261,-0.003782772730633758,0.02822875152618374,0.062193780621937804,False,0.011730566530561112,0.008398486940848604,0.062193780621937804,1.3967476062272501,16,0.18156370809860467,0.5614373322459891,0.01630849406563478,0.043624909835846874,0.010008240705027899,0.007915701417868877,-0.00047125365090288404,0.016565915325165863,0.07229277072292771,False,0.007915866752292404,0.004496103076451181,0.07229277072292771,1.7606061555289068,16,0.09740320837524509,0.3537181221879432,0.007915866752292411,0.02237902514954102,0.00513410047798971,0.004070900882918349,0.7592102291389305,0.23627637236276372,-0.0058506187157554195,0.014829517183719266,False,0.0019382912486394996,2.3860012095644088,0.02822558044276271,0.07019298070192981,False,0.003764936623483932,0.8470969226620682,0.22297770222977703,-0.005274913667768412,0.011788535702838433,False,0.00013298971235202307,0.19361912709691498,0.8486422665756718,0.8619138086191381,False,0.010390292623664121,2.0891065961604003,0.0160983901609839,0.0012430700622523417,0.01989841189109676,True,0.0008196355808634063,0.9102110223031511,0.3747392321170488,0.38996100389961,False,0.007171904877643319,1.339724527289084,0.1070892910708929,-0.0030897857673691685,0.017122087385303898,False,0.0011531061218784673,0.9465523941226618,0.35640172120683633,0.26577342265773424,False
112,112_17Networks_LH_Limbic_OFC_4,0.001759464243471764,-0.015459526894196551,0.018867950247128125,0.5081491850814919,False,0.001759466059074749,0.009062156708193093,0.5081491850814919,0.19415533362869514,16,0.8484979140350473,0.08796461447707082,-0.00012236027915861426,0.045059320038824804,0.0103373169744155,0.0049481673024009,-0.009489476221030455,0.01735318039518512,0.17018298170182983,False,0.004948207687230131,0.007096907088025343,0.17018298170182983,0.6972343903979347,16,0.495663266026662,0.24899834786993996,0.009627146804190204,0.04286489177788782,0.009833880604506342,0.016461635972092836,0.0009483686259918304,0.031081100363996073,0.0354964503549645,True,0.016463123168564756,0.007945599014577854,0.0354964503549645,2.071980116081837,16,0.054789214054058524,0.5994361819071476,0.02391852892614985,0.05445777300780106,0.012493469959541148,0.019339845221904246,0.009840668204565516,0.028681157411242726,0.0005999400059994001,True,0.019342256988113187,0.004910727210095171,0.0005999400059994001,3.9387765112162136,16,0.0011738908130309953,1.0294038764675155,0.01934225698811316,0.018789765057508574,0.004310667739923767,0.00040227093313366494,0.0812133723212086,0.4617538246175382,-0.009058807642550211,0.009832525281113677,False,5.694360251354499e-06,0.006460042420954246,0.9949167266237322,0.9946005399460054,False,0.004502205466453856,0.9677000035283227,0.18708129187081293,-0.004228921535656184,0.013571931720540595,False,0.0007398144372397794,0.7762005328371842,0.44771043154027707,0.3347665233476652,False,0.011683295942184885,1.9456548671980625,0.008099190080991902,-0.0001531226107225625,0.022709801239421016,True,0.000586329836585551,0.8795500461445646,0.39069459423068614,0.5087491250874913,False,0.018089388911989218,4.3949741578769865,0.00039996000399960006,0.010321831635691295,0.02596710942006413,True,-0.0004852980344972756,-0.7512612574655153,0.4622053703925065,0.5921407859214078,False
113,113_17Networks_LH_Limbic_OFC_5,0.030625142652009083,0.006972235765696772,0.0548325827188543,0.0015998400159984002,True,0.030634722477457327,0.012545828100734915,0.0015998400159984002,2.441825460342693,16,0.026604265760985846,1.0176488797330705,0.04394594322061109,0.06109392143262369,0.014015906820495805,0.04120987513420083,0.017835450234080674,0.06766345569253816,0.0004999500049995,True,0.04123322720927252,0.01305237417677897,0.0004999500049995,3.1590595435602156,16,0.006078526382590064,1.269402314015727,0.05811499102590858,0.0638652416652703,0.014651691285458762,0.04100073221545862,0.021988410499956215,0.059336144110096,0.0007999200079992001,True,0.041023730314172745,0.009979839260113461,0.0007999200079992001,4.110660426980298,16,0.0008180630545087943,1.2564787381350313,0.05369679249990534,0.06478985150675406,0.014863811330786705,0.01188758711158513,-0.004170445159879544,0.028082451925731937,0.0695930406959304,False,0.011888147122779046,0.008471258452439179,0.0695930406959304,1.4033507759825254,16,0.1796214828794153,0.35964336830197324,0.011888147122779026,0.03305537699445971,0.007583423571552059,0.005502910297388575,1.0957058633114931,0.25177482251774824,-0.003895314425370421,0.01530462382642167,False,0.0006532191782856032,0.7512865996876341,0.46219049825885666,0.5428457154284572,False,0.021545776186273503,4.108513088584421,0.0053994600539946005,0.011808917984398972,0.031715569871661596,True,-0.0005324817561122906,-0.4147874078802821,0.6831992689171176,0.6479352064793521,False,0.011266848262119109,2.29518958690448,0.05699430056994301,0.0021711262993592854,0.020863605176990048,False,-0.0008340917917959514,-0.7027189694258558,0.4912200011689736,0.36126387361263873,False,0.001759279451006649,0.2684455419638999,0.4206579342065793,-0.010915719960401613,0.01399916880202172,False,0.0029276506327581635,2.323681349922565,0.032051748627767676,0.0084991500849915,False
114,114_17Networks_LH_Limbic_TempPole_1,0.018347579539951666,0.007222830501049749,0.02882796434491509,0.029097090290970903,True,0.01834963876026522,0.00573114498325477,0.029097090290970903,3.2017404574267623,16,0.005557342169033505,0.6433823038899159,0.026537955765306778,0.05794472641793107,0.013293431935098582,0.005531054474494939,-0.00630863445440443,0.017605580223176178,0.2645735426457354,False,0.0055311108785755314,0.006306952640839929,0.2645735426457354,0.8769862711128469,16,0.39347170523543396,0.22407284615879594,0.007800539871606265,0.05331546427104794,0.012231406362392177,0.012249985033977484,-0.003079615563510765,0.02938550849911442,0.05349465053494651,False,0.012250597842116505,0.008594972170866985,0.05349465053494651,1.4253214086766233,16,0.17328070089269568,0.5903818244033956,0.015131246240939674,0.039504214282976166,0.009062888310708905,-0.0010791931954491473,-0.008702108616966409,0.007816147546027295,0.5753424657534246,False,-0.0010791936144130862,0.004338731897799102,0.5753424657534246,-0.24873480082060956,16,0.8067305137841467,-0.04576501045227222,-0.0010791936144130953,0.023581194535912217,0.005409897050000782,0.008564780538487643,1.4788662525851806,0.056394360563943605,-0.001992653189199105,0.020055674633494898,False,-8.270525875557976e-05,-0.09890049113210601,0.9223103720737825,0.9145085491450855,False,-0.006308967085377359,-1.6941227599805644,0.8884111588841116,-0.013254794641278964,0.0009562797590364523,False,5.596079262345272e-05,0.07452473173459627,0.9414148467197244,0.9299070092990701,False,0.005549714660884718,1.2387000368928685,0.13558644135586442,-0.002506531420420366,0.014537492241466077,False,-0.00046977171636903724,-0.7189883203205608,0.48137870959768675,0.5512448755124487,False,0.0028436211025810124,0.5454787945064923,0.3103689631036896,-0.00736697267655925,0.012312182913066521,False,-0.000514179779860182,-0.6939580068181198,0.4965677262929709,0.5369463053694631,False
115,115_17Networks_LH_Limbic_TempPole_2,-0.005840193620030789,-0.018828942697417576,0.00744336607003597,0.8346165383461653,False,-0.005840260020228069,0.006914860814985859,0.8346165383461653,-0.8445954555688352,16,0.41078836110406997,-0.26171755514456346,-0.010739409345092116,0.04715249682865206,0.010817524663774548,-0.006296625699599458,-0.016790590603152467,0.005697503487684553,0.8164183581641836,False,-0.006296708916724813,0.0058492912266083314,0.8164183581641836,-1.0764909239056495,16,0.2976722822310721,-0.3456285374813406,-0.009197604928341135,0.04199757184002607,0.009634903764461219,0.0244464439482992,0.011688032007292229,0.037137091510225484,0.00019998000199980003,True,0.02445131566017079,0.0066789232330823605,0.00019998000199980003,3.6609667167691597,16,0.0021092840720938625,1.4789868870090657,0.0357080527239963,0.031695284587194755,0.0072713969738075895,0.0014730308435454162,-0.010084637698396768,0.012802504435269724,0.38916108389161086,False,0.0014730319089506657,0.0059218451109144,0.38916108389161086,0.2487454300747852,16,0.8067224337356218,0.06711586376610848,0.0014730319089506587,0.021947596682716085,0.005035123999660417,-0.009153185869511115,-1.942755467362172,0.9651034896510349,-0.01835449370658558,-0.00042955630418719165,False,-0.0010019492772551845,-1.129053718333475,0.2736983293719581,0.28947105289471053,False,-0.003719025265145604,-0.7889073385293862,0.7975202479752025,-0.01241176374304599,0.005579054638347182,False,-8.077098200497481e-05,-0.10839074384329618,0.9148848700671676,0.9176082391760824,False,0.02217498440648832,5.360825685606665,9.999000099990002e-05,0.014178067616649716,0.03010981331365583,True,-0.00023763555260412824,-0.2817121752949582,0.7813774158457065,0.7686231376862314,False,0.004198641819527408,0.8561946818919096,0.20317968203179682,-0.005616987527216925,0.013359310816625863,False,-0.00010803302906012577,-0.10871368706484633,0.9146323258586635,0.9037096290370963,False
116,116_17Networks_LH_Limbic_TempPole_3,0.017469209555856156,0.0024893566246753742,0.03257855103269494,0.031096890310968902,True,0.01747098692665214,0.007844585405556102,0.031096890310968902,2.2271396158524746,16,0.040645525409434814,0.6131390960887626,0.02703871963379791,0.05851935031950234,0.01342525969917712,0.01481217903673216,-0.0002972150106384653,0.031770807590475035,0.045295470452954706,True,0.01481326244658164,0.008479960672237509,0.045295470452954706,1.746855088028732,16,0.09982681427006126,0.5468256133254238,0.023038479919821636,0.05630996186148072,0.012918391224674941,0.01772373480036897,-0.0035893128696718886,0.038548916234683726,0.0035996400359964,True,0.01772559100708772,0.011043042466745426,0.0035996400359964,1.6051365428020272,16,0.12801757834406022,1.036141796942448,0.02318646126958022,0.032586602536302633,0.007475879335214177,0.0026743582147714415,-0.012884519929594822,0.01872548489513827,0.3267673232676732,False,0.002674364590639821,0.00832855542730281,0.3267673232676732,0.32110785765712424,16,0.7522849500106241,0.10393287769242386,0.002674364590639839,0.02573165152372922,0.005903245718017897,0.005374442337055826,0.8996961547159108,0.1760823917608239,-0.005900998801898285,0.01672844012654423,False,-0.0002564510748373493,-0.23967465843423263,0.8132905371182375,0.7983201679832017,False,0.0026520392590621777,0.47666614962409504,0.32886711328867113,-0.007657216331061021,0.013496104310865824,False,0.00027605220017388343,0.2867706325438612,0.7775627923262479,0.7573242675732427,False,0.01602774790965937,4.112649652621133,0.0021997800219978004,0.009002924804651894,0.023790678486802847,True,-0.00017274422201248398,-0.24244567602661646,0.811175819251119,0.8416158384161584,False,0.008782333057124338,1.627595552692571,0.08299170082991701,-0.0013337786898339138,0.019242335744168115,False,-0.0009742960234371056,-0.8590697899245058,0.40159815147908795,0.3327667233276672,False
117,117_17Networks_LH_Limbic_TempPole_4,0.013404299235674006,-0.00017490468394893306,0.028070234041982577,0.048295170482951705,True,0.013405102129116955,0.007427264620511381,0.048295170482951705,1.8048504818445517,16,0.08995156288933226,0.590281490859887,0.01894687131523708,0.04665780746327504,0.010704035139978616,0.008870150627204402,-0.00510065032957565,0.02319164811083407,0.15948405159484053,False,0.008870383271405857,0.007523342325817403,0.15948405159484053,1.1790482058706666,16,0.2556154747323916,0.5260591865305403,0.00974383339156828,0.039797760755053785,0.009130232490025706,0.022949203961414342,0.010598951304728868,0.03707220249812034,0.0011998800119988001,True,0.022953234089873938,0.006951405418147149,0.0011998800119988001,3.301955893689189,16,0.004500719890086607,1.0779380154750027,0.033851273330527294,0.04402843147716605,0.01010081491850379,0.009482921305955565,0.00047725410640258724,0.0186586129934864,0.06509349065093491,False,0.009483205574377407,0.004863864767688279,0.06509349065093491,1.9497264063294732,16,0.06895722313026181,0.3641733558831818,0.009483205574377405,0.02604036078196615,0.005974068479048959,0.0014035508315796213,0.3761402239223886,0.41855814418558146,-0.00552890412974789,0.008596697172142278,False,-0.0007535765034881883,-0.7743460848788271,0.4487785246894643,0.40815918408159185,False,0.007101739397672699,1.4957791895184744,0.0852914708529147,-0.002086174552627451,0.016315452826785242,False,-0.001021384088379934,-0.9369977979190472,0.3611624903192363,0.27117288271172885,False,0.021146891368626165,4.100760320900955,0.00019998000199980003,0.012213144935352877,0.03155983019428353,True,0.0021856890278578386,2.2672625026174167,0.035925918088916015,0.05089491050894911,False,0.011522879790164536,2.444937088050859,0.0372962703729627,0.002225587631722036,0.0201954723701076,True,0.0006701140653213202,0.8295767714021143,0.4176446286881875,0.4904509549045096,False
118,118_17Networks_LH_Limbic_TempPole_5,-0.002543791865945382,-0.01682045153137918,0.013142759020668535,0.6843315668433156,False,-0.002543797352821493,0.007944753071092844,0.6843315668433156,-0.32018582957312497,16,0.7529708446420065,-0.10362065486944347,-0.005469216507883616,0.04788237468772951,0.010984970128450676,0.0014376621460829588,-0.008003455604564232,0.009904698830213535,0.49185081491850813,False,0.0014376631365722796,0.0047446571210301835,0.49185081491850813,0.3030067505194405,16,0.7657888416337307,0.06768717665193207,0.0003640671287095924,0.04663855075903306,0.010699617349043013,0.019098632643482254,0.002345663949134864,0.038326123758760954,0.0013998600139986002,True,0.0191009552766996,0.00953935672141274,0.0013998600139986002,2.002331586345251,16,0.06249767073320601,1.1104940781675774,0.027242870452704664,0.031807873269055924,0.007297226588882289,0.0077269233508862264,-0.0010513631696383783,0.016972225608005976,0.061493850614938506,False,0.007727077135935458,0.004684742814168908,0.061493850614938506,1.6494133066526244,16,0.11855454576668738,0.3686145925801674,0.007727077135935443,0.02096248301470852,0.00480912342456854,-0.01209030408727741,-2.237089402257235,0.9864013598640136,-0.02237450808376359,-0.0017607837169877506,False,-0.0010455703569443072,-0.9759654601677362,0.3420165917781223,0.19788021197880212,False,-0.0054378905635971584,-1.1735381606503577,0.8902109789021098,-0.01427963020640248,0.003389745665331022,False,-0.0004475174532271617,-0.5848348285193726,0.5659183104379945,0.6125387461253875,False,0.016008474932668288,4.821362161021733,0.0011998800119988001,0.009705526243025146,0.022178705164820255,True,5.178511446140275e-05,0.05946374421092768,0.9532379586757812,0.9492050794920508,False,0.009848415405161964,2.556637340823003,0.038196180381961806,0.0026291106659034414,0.01705612609198094,True,0.0006915674961627668,0.8642203944174508,0.39883749938284085,0.38976102389761025,False
119,119_17Networks_LH_Limbic_TempPole_6,0.008135100925927632,-0.008089020893404719,0.025490644230230387,0.0877912208779122,False,0.008135280393019926,0.008841357632211742,0.0877912208779122,0.9201392740160897,16,0.371165348457151,0.3477974298838111,0.015153854966710801,0.04694257681217663,0.010769365709140716,0.021747831730485837,0.007188873845705893,0.038317124320036894,0.0007999200079992001,True,0.02175126138130815,0.008121254515954393,0.0007999200079992001,2.6783129796729424,16,0.01648772265484521,1.1285581772923303,0.031601587244325276,0.03537813418306035,0.008116300616577997,0.03171513853848508,0.01970645825984061,0.04573946192506097,0.001999800019998,True,0.03172577851805639,0.006852587180187884,0.001999800019998,4.629751900097174,16,0.00027820349864182995,1.2002733877633702,0.04687287362078968,0.05393492112126675,0.012373519510286273,0.012430750847877769,0.0003010024688664464,0.0252579187675194,0.005499450054994501,True,0.012431391188566471,0.006552315972848001,0.005499450054994501,1.8972514817784492,16,0.07599302233890372,0.6533017380424685,0.01243139118856646,0.01902855979813475,0.004365451010588952,0.002590983580435879,0.4480225899533271,0.31856814318568144,-0.00910696914893128,0.013166966516455459,False,-8.035537282065626e-05,-0.11658041971646284,0.9084834319933306,0.927007299270073,False,0.008341647950007254,2.132147194020175,0.0514948505149485,0.0007379917908449721,0.015581897918866222,False,1.5155827586502226e-06,0.002568870651437223,0.9979785964782775,0.9987001299870013,False,0.023021223369043692,3.8592072286398698,9.999000099990002e-05,0.011739962137527118,0.03450611442046859,True,-0.00028682858032553615,-0.38590272499245276,0.7040918240214773,0.7044295570442956,False,0.011635537115799992,2.260461768500206,0.012798720127987202,0.0016178735398574434,0.021426041665240415,True,-0.0001835837635038413,-0.3366773804642784,0.7402536193507577,0.8242175782421758,False
120,120_17Networks_LH_Limbic_TempPole_7,0.056002080685174815,0.04718325144964856,0.0650043182963519,9.999000099990002e-05,True,0.05606073629132741,0.004704371347363384,9.999000099990002e-05,11.91673278997145,16,2.2757030595189265e-09,1.935548098351625,0.07948708946051813,0.05411312639569551,0.012414402604098951,0.03248134348077969,0.018617490596965953,0.04411420284055355,0.0029997000299970002,True,0.032492773730954216,0.006660107150173128,0.0029997000299970002,4.878716362710407,16,0.0001672727997966829,0.9910516288912947,0.04879857033413073,0.06398007716062847,0.014678036354900746,0.03976797772948768,0.02919598186293374,0.049374192645419215,9.999000099990002e-05,True,0.0397889618917713,0.005416716688464191,9.999000099990002e-05,7.34558666812104,16,1.6476216126706876e-06,1.6224194143169874,0.057351686764595955,0.04540591645293789,0.01041683164511616,-0.014234144423516866,-0.02523984883243335,-0.002808026793786897,0.9798020197980202,False,-0.014235105871182532,0.0060232725982250854,0.9798020197980202,-2.363350759747662,16,0.0311025893352857,-0.5152496080650185,-0.014235105871182558,0.02762759184745703,0.006338204258760704,0.005665229857125006,1.4795293068188367,0.13558644135586442,-0.00169759571969374,0.012977266033586317,False,-0.0011434532155721133,-1.0895196911257845,0.29029674456386795,0.1351864813518648,False,-0.011138262394574805,-2.214744825538134,0.9815018498150185,-0.020788720892212356,-0.001806292672767894,False,-0.00047368893977023656,-0.48672134774949427,0.6323294469833309,0.551944805519448,False,0.01628908107139931,3.231866623145518,0.000999900009999,0.006533852095767031,0.025819308279819334,True,0.00031087869936338415,0.48518059842766303,0.6334006392528844,0.7146285371462854,False,0.002034766892139579,0.4097614539114021,0.37396260373962603,-0.0074003695928004515,0.011674611672316718,False,-0.001253629150773465,-1.676614494849563,0.11089891315694113,0.131986801319868,False
121,121_17Networks_LH_ContA_Temp_1,0.14255604512189213,0.12869128299540444,0.15728555056823887,9.999000099990002e-05,True,0.14353367910755402,0.007580555084486149,9.999000099990002e-05,18.934454998064766,16,2.2219172434006375e-12,1.4713981763554072,0.1926243368183971,0.16452876378597936,0.03774548708677676,0.09025696636828939,0.06174498569260966,0.11881908086381895,0.001999800019998,True,0.09050325869550839,0.015064565297234944,0.001999800019998,6.007691354500618,16,1.825490518714296e-05,0.9926501892107052,0.12449362850341777,0.16303932919569636,0.03740378735719478,0.11545830684999095,0.0861260994071255,0.14715165338987662,0.00029997000299970003,True,0.11597549347540774,0.016179354809312214,0.00029997000299970003,7.168116086350781,16,2.235293279416597e-06,1.5732282724564501,0.15178128029029062,0.1209902811881412,0.027757074149983036,-0.043068853769200874,-0.07354734542293727,-0.01046947705748597,0.9964003599640036,False,-0.04309551329428477,0.016634946757708564,0.9964003599640036,-2.590661330149103,16,0.01971101309506833,-0.647040364866396,-0.043095513294284675,0.0666040569249236,0.01528001859818802,0.01500137491678431,2.881183327605151,0.05599440055994401,0.005215486974887512,0.02511868151135624,False,-0.0017387919243647355,-1.917345673413513,0.07120475816860727,0.031196880311968805,True,0.007857911756863581,1.6975775691128507,0.2004799520047995,-0.0010032464947626878,0.016711292884213653,False,-0.0008397251352827973,-0.5751323840980784,0.5723215645174825,0.3501649835016498,False,0.04452675188733892,6.495094218666477,9.999000099990002e-05,0.03167198629480275,0.057974784813887986,True,-0.0007907435772823924,-0.7363878618092132,0.47098372581056686,0.47435256474352566,False,0.006761887710709159,1.3212571307891419,0.25407459254074594,-0.0033210381571190427,0.016096247078382156,False,-0.00344159795961288,-2.6525447166290266,0.016201507155192585,9.999000099990002e-05,True
122,122_17Networks_LH_ContA_IPS_1,0.04236772761110671,0.021906981369128123,0.06381924985151932,0.0029997000299970002,True,0.04239310531635031,0.011143033131193544,0.0029997000299970002,3.804449364659614,16,0.0015580381191767892,0.9435774091236789,0.060677568256663386,0.0844622642640322,0.019376972340502268,0.02525012549956703,0.005651635384962831,0.044746281494052166,0.014698530146985302,True,0.025255493784363255,0.010370370807042369,0.014698530146985302,2.4353510838023866,16,0.026950793715053826,0.7767041864082547,0.035927013626461016,0.06748401282426608,0.015481894326609404,0.10665157526851927,0.05704541160643226,0.16327751883492342,9.999000099990002e-05,True,0.10705872914682545,0.028075343974103172,9.999000099990002e-05,3.813265092872127,16,0.0015293303410964408,2.2932186465671203,0.13449351061816034,0.0747497519488661,0.01714876919999157,0.04807892426198182,0.019238179606016204,0.08289999402841294,9.999000099990002e-05,True,0.048116021868765416,0.016736509139773273,9.999000099990002e-05,2.874913846545257,16,0.010998606873231669,1.0462030560048399,0.048116021868765374,0.04599109283097223,0.010551080313326626,0.006571340783814151,1.1051647752282971,0.23617638236176383,-0.00437924735574369,0.018205370309826555,False,0.0004994209870228765,0.3062269058393286,0.7629456241457566,0.6726327367263274,False,0.02011226976468604,2.8970105216706243,0.0022997700229977,0.007291629446346677,0.03406978379161561,True,-0.0012391782879022564,-1.0794512809465862,0.2946392153473909,0.31816818318168183,False,0.057984076492681724,7.639642485964814,9.999000099990002e-05,0.043828375465491884,0.07238090961571186,True,-0.003933894317728737,-3.4547334836163497,0.002826908729307651,0.0012998700129987,True,0.006840000240753575,1.240828641599493,0.21827817218278173,-0.003441960869185426,0.017387486760108897,False,0.0005124076615738424,0.3554618661499672,0.7263750569146259,0.6626337366263374,False
123,123_17Networks_LH_ContA_IPS_2,0.05646752441153895,0.03015598061748634,0.08006062448831561,0.0004999500049995,True,0.05652765659305305,0.012868812480143196,0.0004999500049995,4.392608617172425,16,0.0004541589651186088,1.1925532951195024,0.0796679268593593,0.08843117417170707,0.02028750271963764,0.026195050500533626,-0.0007056524286243251,0.0545952518930038,0.0334966503349665,True,0.02620104448094003,0.014582615426010737,0.0334966503349665,1.7967314994953323,16,0.0912801586775906,0.6477197251351667,0.037070367366031615,0.08161446309849889,0.018723641946194004,0.13128997012264354,0.09667054510329263,0.16707087121597217,9.999000099990002e-05,True,0.132052220024375,0.018482689109226996,9.999000099990002e-05,7.144643252071551,16,2.328057992868678e-06,2.2941845792307927,0.1699255463931534,0.09025906400652095,0.02070684940752601,0.06510966963291913,0.033911869307931046,0.09699699242568713,9.999000099990002e-05,True,0.06520191016939718,0.01654697259960888,9.999000099990002e-05,3.9404132554699673,16,0.0011698531602993521,1.2537669086713221,0.06520191016939714,0.052004810239005966,0.011930721705780857,0.015327613592519657,1.88704597182412,0.06879312068793121,-0.0011729902239309496,0.02966228197579349,False,0.0020541923001387748,1.7700081138277557,0.09366224473106836,0.0912908709129087,False,0.0036228192571674095,0.588027306867797,0.35576442355764426,-0.008462483702444656,0.015187084715550322,False,-0.0008745100516129573,-0.6321211509624118,0.5352549765426798,0.44595540445955406,False,0.048443109872382185,5.738315021611526,9.999000099990002e-05,0.0316453138240172,0.06412099856299067,True,-0.00021647049873548338,-0.24310774242785402,0.810670780060755,0.8329167083291671,False,0.02176401350594044,3.7958754352160335,0.016298370162983702,0.011343290409530445,0.03315227585581312,True,0.0013133444636457036,1.419881819058824,0.1727303978152976,0.3053694630536946,False
124,124_17Networks_LH_ContA_IPS_3,0.032260062187611835,0.005468680693745183,0.06089406750762676,0.00039996000399960006,True,0.03227126032130519,0.01464279463585156,0.00039996000399960006,2.20390035671824,16,0.04252345235014488,1.2405908955724276,0.04192943653783478,0.046890976145199825,0.010757527704258023,0.007184024148773893,-0.005440229214664642,0.020946437267035403,0.23987601239876014,False,0.0071841477422492795,0.006992712808822649,0.23987601239876014,1.0273763471574437,16,0.319525481752963,0.23451212506415273,0.010831120777392532,0.06460447038497001,0.014821281984686867,0.06225128654753876,0.04429456353181686,0.0827752739393604,0.00019998000199980003,True,0.06233188656895093,0.010171930206263658,0.00019998000199980003,6.127832702840243,16,1.4562819556613406e-05,1.5101014526297558,0.08486167296309109,0.07552133615798544,0.01732578275756962,0.029258907107230413,0.00999124389988468,0.04905777309391242,0.0031996800319968005,True,0.02926726075578631,0.010184974002032497,0.0031996800319968005,2.873572455849743,16,0.011029224272576901,0.7061366370235163,0.02926726075578641,0.04144702203691439,0.009508598977348058,0.002492413554953135,0.4916208353372763,0.3661633836616338,-0.007295381657573425,0.012109940497804965,False,-0.0012183002429462908,-1.0402270034687064,0.31200615817568295,0.24647535246475352,False,-0.002165430508513776,-0.37481840046369025,0.6273372662733727,-0.01312109172337185,0.008757752197116189,False,-0.00031376671614398883,-0.325958818167459,0.7482145062472275,0.7503249675032497,False,0.04026719113280566,7.2726148755608495,9.999000099990002e-05,0.02982347812125755,0.05078016382617617,True,0.0004365700500874278,0.36721514651576614,0.7177403196751244,0.6772322767723228,False,0.010377064506942863,1.5554243200983329,0.08039196080391961,-0.0027785430668133253,0.02264204187810966,False,0.0004931023549197767,0.3291530827919634,0.7458389664972207,0.6395360463953604,False
125,125_17Networks_LH_ContA_IPS_4,0.027241674169624013,0.004832668036594553,0.050024974682592094,0.031796820317968204,True,0.027248415933899987,0.011988598167139066,0.031796820317968204,2.2728608928263454,16,0.03717359355882659,0.6896337387816497,0.03683859952186654,0.07754676999774311,0.017790449148323895,0.02653497812131306,0.004416715264296175,0.04957876348869454,0.023797620237976203,True,0.026541208557809292,0.0120549418935051,0.023797620237976203,2.201686975538972,16,0.04270644187681307,0.849880164286193,0.03222651653389802,0.06456968231901015,0.01481330105500475,0.09424742538783765,0.059126270268125544,0.13470328542649365,9.999000099990002e-05,True,0.09452797546096153,0.01970158227807882,9.999000099990002e-05,4.797989020716327,16,0.00019713348055754937,2.293720563558278,0.12072720191930257,0.07031661330258762,0.016131737444105645,0.06468956932560051,0.04481224076434983,0.08657496628076097,0.00019998000199980003,True,0.0647800329254358,0.011130464071876787,0.00019998000199980003,5.820065767887859,16,2.608133968337537e-05,1.375345625327694,0.06478003292543578,0.04710091175081981,0.010805690235286892,-0.018991455778824412,-4.197572079694873,0.9916008399160084,-0.02742264451559133,-0.010283586846694434,False,0.0004254127596181324,0.3756601344235707,0.7115600638191408,0.654034596540346,False,0.002585142095892071,0.49860598879627127,0.36526347365263473,-0.006986005022035843,0.012728735882648865,False,-0.00014716889877922548,-0.13146196894209505,0.8968681105691487,0.8824117588241176,False,0.03156597222042827,9.425280570860666,0.00039996000399960006,0.025216036355326658,0.038106459693708496,True,-0.0004999546068335661,-0.6060214737304157,0.5520668623008014,0.529047095290471,False,0.012758868548758585,2.330611794562225,0.0522947705229477,0.0019165012984222924,0.022650347254122807,False,0.0006396232216017952,0.48295381473205523,0.6349502651767663,0.47325267473252675,False
126,126_17Networks_LH_ContA_IPS_5,0.03655101514900044,0.005969933634030503,0.0669343609736342,0.017798220177982202,True,0.0365673053105975,0.01588976624933167,0.017798220177982202,2.3013117208149954,16,0.03515472154098658,0.8165850670109348,0.04854391063362643,0.09133783696914706,0.020954336898426597,0.023784529782663835,0.006098486331786734,0.042587720289015245,0.0021997800219978004,True,0.023789016305666526,0.009433035944941081,0.0021997800219978004,2.5218833517139854,16,0.02265344890734898,1.0994555219862352,0.031141288564534065,0.04227394976664802,0.009698309209322818,0.07687176573583761,0.05847864082420397,0.097075267003417,9.999000099990002e-05,True,0.0770237235075538,0.010117902162795967,9.999000099990002e-05,7.612617938802957,16,1.0494287266950548e-06,1.8113986976907293,0.10550687338590298,0.07606223842969896,0.017449874249187033,0.040430433210078186,0.019668702469963956,0.06305681538507392,0.0013998600139986002,True,0.04045248430517942,0.011409555096006564,0.0013998600139986002,3.5454918237204636,16,0.0026920267620809154,0.8278885071811142,0.040452484305179434,0.048862236828140684,0.011209765920485084,-0.013438347691589051,-2.8140569626288015,0.9428057194280572,-0.022412850752855745,-0.003993218822906965,False,-0.0018635361962049525,-1.8786052123315369,0.07659331703635926,0.0683931606839316,False,0.004315919754562906,0.9627706321422844,0.2546745325467453,-0.004213541155358955,0.01278178373946908,False,-0.00048340246634123957,-0.5835958163513204,0.5667339304128558,0.5884411558844116,False,0.029442131553198386,5.99553471394162,0.00029997000299970003,0.02045696215723254,0.039246570295445,True,-0.0013598188725506483,-1.7725338390727847,0.09323033164616217,0.1321867813218678,False,-0.0008094602846639419,-0.15674474958648563,0.5403459654034597,-0.010710090430900755,0.009269063667628877,False,0.0015933326013988134,1.273362561089497,0.2190888421389277,0.15278472152784722,False
127,127_17Networks_LH_ContA_PFCd_1,0.0320348964048904,0.013280831813502064,0.050732055810506944,0.0032996700329967,True,0.032045861596966034,0.009705422518016838,0.0032996700329967,3.3018512627839858,16,0.004501712073075021,0.9430664240161478,0.05023744006183459,0.06755487331985972,0.01549815083920845,0.030849364713896887,0.014034943667121382,0.05006102136985213,0.005099490050994901,True,0.030859156580863797,0.009435368528802592,0.005099490050994901,3.2705830712030504,16,0.004808132114054473,0.8960744874086645,0.04730159850610984,0.0715851716173035,0.01642276468083379,0.03322860959076684,0.015285013748101935,0.05156731399219082,0.0005999400059994001,True,0.03324084738362035,0.00951567082133527,0.0005999400059994001,3.4932742008151854,16,0.0030059459710264497,1.3149977870958707,0.047947479946471805,0.050148042687128316,0.0115047500152398,0.0011283241279916385,-0.015973998779400957,0.0162607387664217,0.4527547245275472,False,0.001128324606820922,0.008532436243295057,0.4527547245275472,0.13223944189534134,16,0.8964436253922903,0.025239642237353116,0.001128324606820928,0.044704461188878136,0.010255906770934523,0.0010219197082913026,0.2227282812349211,0.44475552444755523,-0.007899753742281867,0.009281999336163162,False,-0.00011091121494948972,-0.1432074001436297,0.8877173575585774,0.9006099390060994,False,-0.0015372695766829607,-0.4010222868976389,0.5840415958404159,-0.008730766232191834,0.005656638406678066,False,0.0008915426073359092,1.1461899054224305,0.2667261974344485,0.3126687331266873,False,0.02428723608199838,6.694605669010565,9.999000099990002e-05,0.017445223188055966,0.03135778049851691,True,0.00019887037470739627,0.1973872981376262,0.8457363032194386,0.8129187081291871,False,-0.006507751638189394,-1.2466370315347823,0.8209179082091791,-0.016264780278694258,0.0038247349561284843,False,-0.00037004182588932876,-0.38227333865257235,0.7067346469113625,0.6859314068593141,False
128,128_17Networks_LH_ContA_PFCl_1,0.0906099100811189,0.07235280599310724,0.1110539162451868,9.999000099990002e-05,True,0.09085911265944334,0.01027307946703663,9.999000099990002e-05,8.844389158186132,16,1.4736323193960418e-07,1.6125708347106822,0.12552309697118497,0.1013952752152722,0.02326167147451925,0.07672250746654986,0.0588227857009593,0.09432880972770115,0.0005999400059994001,True,0.07687357971992147,0.009344638201590304,0.0005999400059994001,8.226490749191214,16,3.853209753979767e-07,1.177512758045298,0.11003389129596756,0.1215345183785629,0.02788193072442328,0.09946734680339839,0.08118150397295537,0.11924891069997319,9.999000099990002e-05,True,0.0997973430936972,0.010176771131264854,9.999000099990002e-05,9.806385719641662,16,3.603113340722766e-08,1.9794101819599121,0.1305082494957226,0.08932750026444067,0.020493134027989454,0.01394530217070664,-0.012094183110515138,0.03815980884966841,0.0634936506349365,False,0.013946206263924689,0.013334846834478779,0.0634936506349365,1.0458467530249518,16,0.3111755213634428,0.3658749926185652,0.013946206263924659,0.03811740770833168,0.008744733062650318,0.005460278071914919,1.2745204819061262,0.25917408259174085,-0.0028524243569705227,0.013761571302481856,False,-0.0012681045214334454,-1.179627431062635,0.2535049675745834,0.1695830416958304,False,0.0075552752097368375,1.6624985653316713,0.18048195180481952,-0.0013065424309588076,0.016034767421565906,False,-0.0010488472972997288,-1.0859048321266824,0.29185041584803917,0.21627837216278373,False,0.04708900120895043,7.158509270860288,9.999000099990002e-05,0.03421005081791325,0.05919072686285537,True,-0.0012141719794881466,-1.0102722310919685,0.3257535456347817,0.2682731726827317,False,0.004211229108961071,1.147177462076967,0.33926607339266074,-0.002760365579052008,0.011041957881886659,False,1.3608898014173462e-05,0.012674787813212265,0.9900266810390769,0.9858014198580142,False
129,129_17Networks_LH_ContA_PFCl_2,0.03729736247574383,0.01708132190047499,0.056069861290567034,0.00029997000299970003,True,0.037314671628261104,0.010381529960983814,0.00029997000299970003,3.5943326049723168,16,0.002428111658047129,1.323673027872659,0.05375219143701411,0.054525058101179705,0.01250890621861716,0.028457817882707237,0.009773473044789432,0.048324572996732616,0.012198780121987801,True,0.028465503780957004,0.010226605486925763,0.012198780121987801,2.7834753005138233,16,0.013286395505663497,0.7413387299652017,0.04277329902154625,0.0731185597566757,0.016774548046136276,0.09102502053240737,0.06351910898304204,0.12097142428751949,0.00019998000199980003,True,0.0912776753432706,0.015109125047495415,0.00019998000199980003,6.041228400475868,16,1.7135635304714466e-05,1.4351579131305126,0.12281470445671246,0.11085477526089049,0.025431829619533386,0.007356619262065818,-0.009836588598633459,0.02476639570463537,0.18768123187681232,False,0.007356751979411649,0.0090872121374773,0.18768123187681232,0.8095719422099854,16,0.4300621327322857,0.2046018977089548,0.007356751979411674,0.03595642103904918,0.008248968720032375,0.005350626406243243,0.9966172617702908,0.19258074192580743,-0.005141261376486511,0.01567306057824009,False,0.0008856533790911205,0.9137677808916996,0.3729170216174066,0.37266273372662734,False,-0.002117554415508803,-0.4732935269715501,0.6283371662833717,-0.010639437237083228,0.00655298681634999,False,-0.0017748713127354982,-1.867628271083326,0.07818434274027423,0.028697130286971302,True,0.0314970887471568,4.779425033155257,9.999000099990002e-05,0.01818026938067453,0.0432230611637471,True,0.0001525133152685021,0.1909479521093188,0.8507035968321264,0.8748125187481252,False,0.0032117606943448383,0.6351288369531761,0.30556944305569445,-0.006414046325922755,0.012849697370671225,False,0.0004371770829700503,0.6083907040429578,0.5505291946661205,0.6346365363463654,False
130,130_17Networks_LH_ContA_PFCl_3,0.004659710689593208,-0.006315543274658635,0.015971679448060643,0.32326767323267674,False,0.0046597444153157535,0.005949011535653122,0.32326767323267674,0.7832804470775283,16,0.4449027819318421,0.13998679186053786,0.0073660899569983045,0.06877813746861239,0.015778786881612092,0.04719445131948849,0.027455917513403906,0.06840926773642332,0.041995800419958006,True,0.04722953720907454,0.010778011864319014,0.041995800419958006,4.382026834228081,16,0.0004642525415783117,0.5946038894826826,0.06592125809585528,0.15485242247710618,0.03552558214421959,0.06775736176873896,0.04498260934177009,0.09371081666463844,9.999000099990002e-05,True,0.06786134105056418,0.012820642164882065,9.999000099990002e-05,5.293131200280126,16,7.282063483952705e-05,1.8348202808293061,0.0929018470359918,0.0663613078261752,0.015224328135552237,0.011329430295609606,-0.00577601535422183,0.029077085987562812,0.0678932106789321,False,0.011329915066361109,0.009117243895383395,0.0678932106789321,1.2426907951972332,16,0.23188638738606446,0.3654206917018196,0.011329915066361088,0.031005127305725286,0.00711306403459316,0.00103820093080081,0.20107960041904333,0.44345565443455653,-0.008576622602341138,0.010892589750017972,False,-0.00022427657418183772,-0.264600169518521,0.7943235484161336,0.8013198680131987,False,-0.001967099207670169,-0.48436747366597116,0.6020397960203979,-0.009542583525229516,0.006014922228839929,False,1.069110188822279e-05,0.012977548908266327,0.9897884635496749,0.9881011898810119,False,0.03590817789529155,6.896387359598871,9.999000099990002e-05,0.02617226114859935,0.04607589858978945,True,-0.0019195079293824115,-2.4917641426640103,0.022693013570097672,0.0244975502449755,True,0.007494869348440823,1.3398758501531776,0.12638736126387362,-0.003196279733461098,0.017935734763720335,False,0.0009182721835430509,0.7654815940563349,0.4539057815148858,0.36106389361063895,False
131,131_17Networks_LH_ContA_PFCl_4,0.09768120298778195,0.08303894140348245,0.11222935517439085,9.999000099990002e-05,True,0.09799367271729428,0.007703321954638335,9.999000099990002e-05,12.720962890339822,16,8.795763389530092e-10,1.5151630471821813,0.13634633725118817,0.11478564516087868,0.026333633022388878,0.14428078719156137,0.12482082422532696,0.16553160547655302,9.999000099990002e-05,True,0.14529464263107358,0.010740463756432247,9.999000099990002e-05,13.527781102008705,16,3.5590358354327614e-10,1.4984147403858865,0.1905274264368449,0.16079906207232758,0.03688983483102104,0.0722210803950329,0.0607998697743032,0.08394084887689669,0.00019998000199980003,True,0.07234704042991526,0.006090152542241553,0.00019998000199980003,11.879347837039083,16,2.3815186326075448e-09,1.6448379111373277,0.09813908706120211,0.07679089795305628,0.017617040208479824,0.0056733631262372445,-0.012522936520090384,0.02355343316382117,0.2806719328067193,False,0.005673423997018752,0.009546799141419789,0.2806719328067193,0.5942749934272741,16,0.5606380106739238,0.13566421962114922,0.00567342399701873,0.04181960440904862,0.009594075235678469,0.00329988570090045,0.8078804721777013,0.34506549345065496,-0.00468385446986745,0.010715032031335595,False,2.3416919310721817e-05,0.03127502829324556,0.9753943824039222,0.9731026897310269,False,0.0018426996228840962,0.673180316429109,0.4086591340865913,-0.0033149341601656744,0.007074834720330142,False,-0.000569120005403114,-0.5212739382201675,0.6085303618424639,0.3615638436156384,False,0.03374564819051637,7.793342585766818,9.999000099990002e-05,0.024970106156127814,0.04161796630457531,True,-0.00010984503844286795,-0.16760566744823094,0.8687622074873708,0.8995100489951005,False,0.0001970950027401831,0.05497517112414215,0.48765123487651235,-0.006381947917637462,0.007211330491243204,False,-0.0006288910378523661,-0.6466461949831056,0.5260213817830581,0.3992600739926007,False
132,132_17Networks_LH_ContA_PFCl_5,0.0015932301325167879,-0.01323825814648885,0.01616179609286715,0.39376062393760625,False,0.00159323148059454,0.0077841907723218634,0.39376062393760625,0.204675287026568,16,0.8404068263679507,0.04209219549231519,0.005004696789798535,0.07826418727891733,0.0179550359603759,0.05388186931284391,0.0344331065389016,0.07503293757159467,0.030396960303969604,True,0.053934104618482685,0.01074229681932826,0.030396960303969604,5.0207237358626,16,0.00012551354903690608,0.6054601073903833,0.08094951832718361,0.17192496720761563,0.039442292522607406,0.08130581108786236,0.05867389992694328,0.10524892534540274,0.0005999400059994001,True,0.08148568609273316,0.012293091662767947,0.0005999400059994001,6.628575490047685,16,5.80026040248845e-06,1.458330161961829,0.10297322250254289,0.10060324532629057,0.02307996735629111,0.019031611904224876,0.003385218771094007,0.03527698166269083,0.031096890310968902,True,0.019033910167935555,0.008372111173527336,0.031096890310968902,2.2734898968041533,16,0.037127814082486395,0.4651358075570386,0.019033910167935538,0.04092118873389784,0.009387964544242938,-0.0036184277603046526,-0.659955311780289,0.7030296970302969,-0.014135140508468171,0.006814467736592244,False,0.0011334760048856852,1.5048197512577306,0.14971588829709315,0.18888111188881113,False,0.005690609623492622,1.4047821692231734,0.23077692230776922,-0.001998353928790383,0.013456783223577792,False,-0.000784548576343146,-0.7040707918308725,0.49039784165529665,0.34756524347565243,False,0.029786028071386684,4.848261918353097,9.999000099990002e-05,0.018365865412161644,0.04171104920281035,True,-1.3239189055170692e-05,-0.01938064650632872,0.9847506669934208,0.9855014498550145,False,0.007229564745599629,1.5663462462632596,0.12688731126887312,-0.001599228818377139,0.01580273544461823,False,0.001992446290098593,2.307846953893476,0.03309799904336089,0.026797320267973202,False
133,133_17Networks_LH_ContA_Cinga_1,0.007832866856861761,-0.004837680993693352,0.02078430681919446,0.048295170482951705,True,0.007833027054816257,0.0067666872472867895,0.048295170482951705,1.1575866843789828,16,0.2640219628001703,0.3384134069880714,0.019798041639339965,0.048636790546479916,0.01115804499632949,0.022811658736036734,0.005552225008713768,0.039766643577053756,0.018598140185981403,True,0.02281561681969224,0.008989670860072685,0.018598140185981403,2.5379813315554203,16,0.021929403929803692,0.7168127429527995,0.032759263453503974,0.0625725505143318,0.014355127596398226,0.029394142470828805,0.01986291963766894,0.03872503180737214,0.00039996000399960006,True,0.029402612528214418,0.004937510250663285,0.00039996000399960006,5.954947136416495,16,2.0171140036276297e-05,1.360675122531187,0.042667283564122596,0.04277162299631818,0.00981248327853533,0.0068878639582505684,-0.0042249811646762935,0.01785129653850182,0.1665833416658334,False,0.006887972887570037,0.005812011036235683,0.1665833416658334,1.1851272897842315,16,0.2532717072541815,0.22037250780219356,0.006887972887570021,0.031256044396212455,0.007170628363047939,0.0032194659583581493,0.5655264962557567,0.2977702229777022,-0.007787654312903633,0.013818660462000278,False,-0.0006130703509212758,-0.5743230565852754,0.5728573744352565,0.519048095190481,False,-0.00048275783587151084,-0.08405707325168217,0.5284471552844715,-0.011326469965348833,0.010688634779669129,False,-0.0005073924980739958,-0.5608732836579083,0.5817993357563972,0.5797420257974203,False,0.011882951616374204,2.382150847302488,0.016698330166983303,0.002215293253487375,0.021313678358457752,True,0.00045893053562757026,0.39238980732526696,0.6993777682941666,0.6236376362363764,False,0.005698129742464824,0.7755676486331785,0.16748325167483252,-0.008116944724189773,0.019558576541085476,False,-0.000508372404915356,-0.41299112963045237,0.684491099846248,0.6419358064193581,False
134,134_17Networks_LH_ContB_Temp_1,0.023415371819221816,0.003191643522120068,0.04607440929739587,0.0112988701129887,True,0.023419652618078785,0.011307229516935153,0.0112988701129887,2.071210510320192,16,0.054869432677122146,0.7170030809557142,0.034378496599011925,0.06337760837599155,0.01453982053653916,0.004496656103117108,-0.009497443002616261,0.018934476803937287,0.24497550244975502,False,0.004496686410821193,0.00747354064905325,0.24497550244975502,0.6016808661354961,16,0.5558169489636031,0.18642754979125223,0.008191071370728373,0.05177755211636609,0.011878585116797383,0.06392109055659166,0.04967801793149488,0.080405741306856,9.999000099990002e-05,True,0.06400836312781032,0.008055599475272256,9.999000099990002e-05,7.945822446149733,16,6.055851389730296e-07,2.5537521905456915,0.08815936039127745,0.04434342369180185,0.010173079088587975,0.010108619145897522,-0.006385347746645406,0.0279465274797086,0.0433956604339566,True,0.010108963480665388,0.009090224551925178,0.0433956604339566,1.1120697209316417,16,0.2825390156049678,0.41679082324679195,0.010108963480665376,0.02425428516375858,0.005564314630349553,0.009661966859229557,1.6082723233599074,0.06459354064593541,-0.0013313190320693561,0.021458691482480623,False,-0.0010505560538667446,-0.8808359681839335,0.39001654312265194,0.30546945305469453,False,-0.004519779118343735,-1.0501397316350765,0.7701229877012299,-0.012596461853707473,0.003566968292570664,False,0.00014600949131275435,0.1650005324623357,0.8707824664037974,0.8533146685331466,False,0.030024683795092814,6.5423477479606404,9.999000099990002e-05,0.02114413900081643,0.03856286885220349,True,-0.0019484496822937845,-2.118623720067675,0.04829287757117899,0.020997900209979003,True,0.01041653187036597,2.1527047341082657,0.039196080391960805,0.0015054223830687874,0.020008559077107777,True,0.0013582115674973104,1.398696387831385,0.17889819554047812,0.12048795120487951,False
135,135_17Networks_LH_ContB_Temp_2,0.12337046349692166,0.10404142175360273,0.14618559082504687,9.999000099990002e-05,True,0.12400215294107413,0.011278605449067943,9.999000099990002e-05,10.994457914238108,16,7.2316329787361506e-09,1.4652652284796936,0.16712322689849096,0.14493074100039338,0.03324939230700956,0.05496468891519783,0.03340082512230015,0.07741998765564148,0.0036996300369963003,True,0.05502014105225931,0.011614044921778009,0.0036996300369963003,4.737379734866414,16,0.00022310709712799285,0.8699792649595198,0.0808172221063602,0.11961366955821784,0.027441257782649418,0.10464075074882595,0.08312219103662921,0.12744281689078465,9.999000099990002e-05,True,0.10502520754918417,0.011652101628012994,9.999000099990002e-05,9.013413279600265,16,1.141920317035672e-07,2.304590271973517,0.1370997979891102,0.07621014910563324,0.017483807285453786,-0.012359269272297437,-0.03320452921316968,0.008860879332905641,0.8023197680231977,False,-0.012359898629105198,0.01098054522743801,0.8023197680231977,-1.1256179336359806,16,0.2769289657873635,-0.19595231762943072,-0.012359898629105233,0.0630760522694059,0.014470638821043665,0.018620838690265436,4.146126349099431,0.017598240175982403,0.01035169781861343,0.027849475431229502,True,-0.0026559490056993155,-2.554068638747349,0.01992947163971353,0.0020997900209979003,True,0.0010863620320745878,0.3184895150927534,0.44345565443455653,-0.005254075141520073,0.007520453306505877,False,-6.428105603070589e-05,-0.06044154764416789,0.9524699978809226,0.9385061493850615,False,0.03383687025868307,4.855895541960214,9.999000099990002e-05,0.019778003069572447,0.04656983051993639,True,-0.0011367903283289512,-0.8765279005513918,0.3922911919520036,0.22257774222577742,False,0.010899572384938867,2.7923746253727706,0.12968703129687031,0.0036287463007041603,0.01843351002165544,False,0.001699554089227022,1.671072819698764,0.11200221100827695,0.0402959704029597,False
136,136_17Networks_LH_ContB_IPL_1,0.08888002150917458,0.06314691822327027,0.11655039840063826,0.00019998000199980003,True,0.08911517770930387,0.014014541911422228,0.00019998000199980003,6.358764936631471,16,9.484492137386234e-06,1.7038716996090797,0.12280511124381639,0.09379895825870688,0.021518956845215428,0.025881768721987806,0.001713875373369706,0.04901161454247828,0.05299470052994701,False,0.025887550151051587,0.012633070652887558,0.05299470052994701,2.049189058016899,16,0.05721069700321977,0.5636142415420908,0.03698306016323021,0.0954952418333415,0.021908110986342808,0.09073759967127355,0.06810143430533135,0.1140985205684842,0.00029997000299970003,True,0.09098786078205813,0.011952992818652508,0.00029997000299970003,7.612140504265395,16,1.0502666452045626e-06,1.8297266058494117,0.12038492984339129,0.09356162278187864,0.021464508352625356,0.03978121026007918,0.015345623092839288,0.06482385049782077,0.0197980201979802,True,0.039802215389639524,0.013120889617548228,0.0197980201979802,3.0334997511454547,16,0.007906756524903328,0.5119666644919535,0.039802215389639524,0.07774376370605489,0.017835642604484125,0.003921957475649848,0.7621555864658681,0.37336266373362664,-0.005989027304381753,0.013858565072362291,False,-0.0024724228459928,-1.4557267943245233,0.16268856757853947,0.0143985601439856,True,0.010609754796164512,1.7346927980561564,0.07019298070192981,-0.001041208098257604,0.0224724918162803,False,-0.0021896957309705195,-2.0915846420796336,0.05092241850471272,0.020997900209979003,True,0.025534990946573462,4.980574433897823,0.00039996000399960006,0.015587128211912054,0.03501599516644594,True,-0.0003599128732521849,-0.3525735878931546,0.7285028189068331,0.7087291270872913,False,0.010482910270277836,2.7453572246926856,0.19088091190880913,0.0034242411403771727,0.018016972205333236,False,-0.0005484872106700293,-0.2949629522228117,0.771397262435839,0.6266373362663734,False
137,137_17Networks_LH_ContB_IPL_2,0.05630685442921599,0.03359916219341108,0.08064512109031123,0.0020997900209979003,True,0.05636647412829342,0.01220606768680067,0.0020997900209979003,4.617906075455134,16,0.00028506377203142154,0.9975196528973636,0.0812930100978074,0.1095602487653229,0.02513484487353786,0.02402567904080536,0.0062213118608601976,0.04125641112154765,0.039896010398960104,True,0.024030303449487596,0.009337715954520027,0.039896010398960104,2.5734669555733753,16,0.020410411888510355,0.6792795429627054,0.03153415034391166,0.07319460042371606,0.016791992971569348,0.13027847699460707,0.10726859329156646,0.15649461015013924,9.999000099990002e-05,True,0.13102312462674787,0.01297766288620811,9.999000099990002e-05,10.096049325336654,16,2.4043733008663044e-08,1.7205998454918017,0.17589701955325168,0.12632345041920576,0.028980587082983608,0.041328351375757744,0.0195241259157851,0.06516198615035265,0.007799220077992201,True,0.04135190557680953,0.01215964971744881,0.007799220077992201,3.400748092066379,16,0.0036543931501603257,0.6033874233350589,0.04135190557680959,0.06853292590728553,0.015722531491316746,-0.0010816043334965979,-0.17324316903373602,0.5534446555344466,-0.013004048714986437,0.010526258284063578,False,-0.001418282176994192,-1.224335230980274,0.23660916644327862,0.1391860813918608,False,-0.0015611809563693792,-0.3121949319877295,0.5865413458654135,-0.010847230920717262,0.00811723347646481,False,-0.0007296537930517099,-0.7356751007529599,0.4714068948600013,0.48135186481351866,False,0.04122978340755465,6.10308617294505,9.999000099990002e-05,0.02787233580033422,0.053567262332657926,True,-3.812060995813891e-05,-0.02422483624119434,0.980939806715621,0.9708029197080292,False,0.014579079563113998,2.245765529941423,0.05649435056494351,0.0031673748930695937,0.027720391223822263,False,0.0036896698757458712,2.986432478980668,0.007915437735140182,0.00039996000399960006,False
138,138_17Networks_LH_ContB_IPL_3,0.018855343448088455,0.0006885612949682558,0.03801525561070942,0.08769123087691232,False,0.018857578433756357,0.009708485943091778,0.08769123087691232,1.942380979309627,16,0.069905521048724,0.4514579212542267,0.028527372805084175,0.08990420843779212,0.020625439956808028,0.00265946753047295,-0.012404890335689773,0.01867695113065733,0.40605939406059394,False,0.0026594738004314367,0.008136016722957766,0.40605939406059394,0.3268766388996078,16,0.747998453955757,0.07068442620430522,0.004452348576534968,0.08095073802789007,0.018571372972031992,0.10538669560372249,0.07822240226722614,0.13559160129264006,0.0004999500049995,True,0.10577947036195343,0.015265158921042568,0.0004999500049995,6.929470627137694,16,3.39141494051513e-06,1.3483864060003696,0.14858593870957293,0.14444337734337165,0.033137583415972074,0.0459537259796926,0.025743614158553484,0.06695501922404211,9.999000099990002e-05,True,0.04598611454341107,0.010687663806252485,9.999000099990002e-05,4.3027283957517755,16,0.0005475387283179646,1.1804169798881805,0.045986114543411144,0.03895751698502952,0.008937467348895422,-0.0030558259037076034,-0.5039020986297592,0.6487351264873512,-0.014589144707467598,0.00825869087429056,False,-0.0016384203399706456,-1.1728877816343182,0.2561292735012595,0.1538846115388461,False,-0.003858021798079801,-0.5395040386461439,0.6974302569743026,-0.01733489905953438,0.00967909530710892,False,-0.0007979470736509889,-0.5829277512756161,0.567173959603752,0.48585141485851413,False,0.05283638849812857,6.772410318421771,9.999000099990002e-05,0.037644009456268474,0.06759024954366719,True,-0.0006060209827723364,-0.5050485151059532,0.6196523383571607,0.5966403359664033,False,0.011809444632885926,2.180725684228768,0.0700929907009299,0.0021628747657570333,0.02278534101289816,False,-0.0026056164487120188,-1.650354751843712,0.11621050087480543,0.017198280171982803,True
139,139_17Networks_LH_ContB_PFCd_1,0.022372425376940012,0.005830431881003648,0.038054042919737345,0.05929407059294071,False,0.022376159154163282,0.008515449008255108,0.05929407059294071,2.6277133633788687,16,0.018280938662669246,0.5444446387259692,0.03229599238387465,0.08436087339396142,0.019353711679637207,0.01993302110459647,0.0037869007570598455,0.03383406679248143,0.0336966303369663,True,0.019935661698861847,0.007927239895701158,0.0336966303369663,2.5148301251325447,16,0.022977797460512102,0.5489698109632916,0.0336454005555446,0.0755647468510869,0.01733574185358532,0.05929058696488713,0.04073812595321356,0.07775296900095731,9.999000099990002e-05,True,0.05936021006479722,0.00977996680719649,9.999000099990002e-05,6.069571731175776,16,1.6245311868864996e-05,2.1986365350527133,0.08322975247572177,0.04994951626684766,0.011459204930838417,-0.0034583431360966977,-0.015313055835901954,0.008298962832298485,0.7550244975502449,False,-0.0034583569236151562,0.006206914768959214,0.7550244975502449,-0.5571780912653098,16,0.5851166539291781,-0.15940956369792325,-0.003458356923615115,0.021694789468018675,0.004977126046972838,0.00964696349350663,1.4831414328626784,0.08349165083491651,-0.002699663970990838,0.022377058297349966,False,0.00039555071654195543,0.40048586184256846,0.6935121124946173,0.7170282971702829,False,-0.005592886423175927,-1.770757922342009,0.7708229177082292,-0.011789715460694735,0.0002885249624646349,False,0.00040487773113843603,0.47701439979544596,0.6390920052079667,0.6366363363663634,False,0.048060963979182796,7.171242904493898,9.999000099990002e-05,0.03544886942732863,0.060886519499740194,True,-0.0004965583620745315,-0.2902742174123698,0.7749241107114281,0.6465353464653535,False,0.0004676984364855841,0.10616898725931492,0.47085291470852914,-0.007700034411530204,0.00921600790054668,False,-0.0011328057844072175,-1.6417242714317344,0.11800290786742838,0.24867513248675133,False
140,140_17Networks_LH_ContB_PFClv_1,0.025776924756668457,0.01022868967649792,0.04097366210499068,0.011698830116988301,True,0.025782636191747307,0.008062584679655007,0.011698830116988301,3.197812763046915,16,0.005603402375217028,0.7377411611209198,0.04014383832456094,0.06993415252776056,0.016043994924771987,0.03585682205801338,0.021458998895771825,0.04919281134259981,0.0010998900109989002,True,0.03587220110197376,0.007241904022503468,0.0010998900109989002,4.953421226034563,16,0.00014377560950842755,1.1066789833324282,0.05059256733965054,0.0630359303620552,0.014461434224224518,0.08437994659815141,0.06724343106647603,0.10256935308906397,9.999000099990002e-05,True,0.08458106753317142,0.009329952111096268,9.999000099990002e-05,9.06554144394565,16,1.0562529569876148e-07,1.6572300757415677,0.11378914668479266,0.09265042734302048,0.021255465782320203,0.015318170428291023,-0.013156526904067654,0.043637428903273316,0.058394160583941604,False,0.01531936871456872,0.01504073585607782,0.058394160583941604,1.0185252145345207,16,0.3235833101456118,0.3848657211214901,0.015319368714568725,0.039804450939222184,0.009131767323536428,0.005951254422614888,1.0151609983218006,0.18948105189481051,-0.005472603805234618,0.016970607260487495,False,0.00035506327880766085,0.47582188274120096,0.6399250649608217,0.7166283371662834,False,0.016522211747127456,2.7060553186634766,0.0093990600939906,0.0037138311401058183,0.026838353049402526,True,-0.0005844914085282284,-0.8384095430664885,0.41279638288351855,0.5638436156384361,False,0.01724997402425985,3.0278894163990246,0.025297470252974703,0.006628452122562948,0.028289232597669387,True,0.00044399630240973115,0.3616730219125362,0.7218071416661931,0.6525347465253475,False,0.004571801816505488,0.8812923500516174,0.28047195280471954,-0.00525332115603087,0.014576098937220592,False,-9.593927731430291e-05,-0.12013379160200272,0.9057079265805605,0.9134086591340866,False
141,141_17Networks_LH_ContB_PFClv_2,0.009557596909665364,-0.006090292658362642,0.02514735932401576,0.25577442255774424,False,0.00955788794698367,0.008308513482646699,0.25577442255774424,1.1503728033837142,16,0.26689409563538735,0.22972588465116817,0.013113289939771644,0.08366787008382325,0.01919472581666713,0.025696758593789212,0.002913340375973404,0.05205288946968837,0.0226977302269773,True,0.025702416892763074,0.01278123538374786,0.0226977302269773,2.0109493426156053,16,0.06149325527765271,0.7117437847279342,0.035271718098400816,0.07090185919284854,0.016266002059514582,0.0835667581098839,0.06615905595177259,0.1007839355541795,9.999000099990002e-05,True,0.08376210405796869,0.009163093872526696,9.999000099990002e-05,9.141246965624672,16,9.43674078226021e-08,1.7166368686780018,0.1158611220379095,0.08451614551748046,0.019389333547803967,0.013650033878807921,-0.0022293121080811757,0.030050574464677068,0.032296770322967704,True,0.013650881747283993,0.008521216763863002,0.032296770322967704,1.6019873834421168,16,0.12871451243783508,0.4515814661473822,0.013650881747283938,0.030229056705415744,0.006935021228287778,-0.013581945450531322,-2.254121996632287,0.9525047495250475,-0.024645232463694995,-0.0018697214622988235,False,-0.0006578960184521284,-0.48763282208812914,0.6316961462716565,0.5808419158084192,False,0.01881861484015779,2.488366640464579,0.006899310068993101,0.003828477939219215,0.03251741733981016,True,-0.0007788990115386585,-0.4094383251057982,0.6870491220862484,0.557944205579442,False,0.013988623257686555,2.309201749045861,0.052894710528947106,0.002197091310631457,0.025455259103458912,False,-0.0014521280124385162,-1.2052432144426122,0.24371587888542434,0.18818118188181182,False,0.012845467125018098,1.919350511611394,0.07439256074392561,0.00037745586551280564,0.025928956893274017,False,-0.0011497458162310777,-1.0923451265337496,0.2890865796878592,0.3124687531246875,False
142,142_17Networks_LH_ContB_PFClv_3,0.012499823693252228,-0.003456930566485384,0.028535196507348672,0.1326867313268673,False,0.012500474768409018,0.008578916651762605,0.1326867313268673,1.4571157729852409,16,0.16443051807136053,0.4005556553047375,0.01691560630546062,0.06270084058363296,0.014384559356795255,0.046026465656782416,0.026515015776636466,0.06707944650607607,0.001999800019998,True,0.04605900839751597,0.010650095964599303,0.001999800019998,4.324750551602083,16,0.000522989343928909,0.8993454359176478,0.06974353048120924,0.10037585751621304,0.023027801014968957,0.08806277434202497,0.06994759675415169,0.10643716109854234,0.00029997000299970003,True,0.08829148328353086,0.00961109666894634,0.00029997000299970003,9.186410908632576,16,8.825856293293392e-08,1.2712999938344218,0.12123146346130148,0.12653735806436253,0.029029660862377776,0.03674017938511686,0.015457185221234926,0.0584759593375832,0.00019998000199980003,True,0.03675672391749093,0.011413065007391893,0.00019998000199980003,3.2205830680614476,16,0.005341517925233239,1.0133716096466143,0.03675672391749091,0.03627171273360308,0.00832130159552175,-0.003911990747698831,-0.7985423510121444,0.7279272072792721,-0.013762878638114115,0.004873102003830871,False,0.0002812228767165867,0.30282877315424866,0.7654921588920687,0.7827217278272173,False,0.007080290049727583,0.9745087316470435,0.22957704229577042,-0.006183211175402876,0.02131998962525364,False,-2.6406071475330514e-05,-0.0170978074896066,0.9865466830766664,0.9842015798420158,False,0.007363019936337615,1.4859677540009295,0.19658034196580343,-0.001975129262504293,0.016893345170215394,False,-0.00031561705025884973,-0.30744937057236205,0.7620301971638509,0.7483251674832517,False,0.014255344350276106,2.0945751553211953,0.032396760323967606,0.0005187561301969829,0.026530191612545113,True,-3.6791569646399055e-05,-0.047512153091521105,0.962628239528053,0.9742025797420258,False
143,143_17Networks_LH_ContB_PFCmp_1,0.13887996301180475,0.11076993839052543,0.1682956996366207,9.999000099990002e-05,True,0.13978332967600213,0.01530049822655222,9.999000099990002e-05,9.1358678394815,16,9.512407427606707e-08,2.534233405742219,0.18480615437168887,0.09251254920403106,0.021223834367879238,0.0782081060090117,0.06123257724551044,0.09700766472581573,0.0010998900109989002,True,0.07836814725498314,0.009452639526582906,0.0010998900109989002,8.290609943878069,16,3.4798997142876404e-07,1.131601370201664,0.1132611327223724,0.13060794487126018,0.029963517521966024,0.1194628258066388,0.10063418463786937,0.14049338686765575,9.999000099990002e-05,True,0.12003604148048772,0.010569179866687355,9.999000099990002e-05,11.357176525950257,16,4.5488963767563935e-09,2.7643618097226814,0.1572114828118866,0.07128837887632693,0.016354675756355193,-0.012663792322819207,-0.0314721854137357,0.007232729095570366,0.7793220677932207,False,-0.012664469358997748,0.0101295033120837,0.7793220677932207,-1.2502557103555152,16,0.22918336011830232,-0.17701946730862836,-0.012664469358997772,0.0715428057238338,0.016413045278292356,0.019019042954830968,6.718409832512159,0.0324967503249675,0.013572556633843767,0.024456420030230668,True,-0.000977159502737733,-0.8796359312348015,0.3906492838600437,0.19768023197680232,False,-0.007728018182529668,-2.1962784070445216,0.814018598140186,-0.014621361382391234,-0.001293642015796599,False,-0.00102413098418033,-1.2675218796116017,0.22112157584154013,0.0761923807619238,False,0.03024816791787641,6.882805615448589,0.00019998000199980003,0.02169826695785946,0.03862925977696159,True,0.00014340219674340138,0.13781352727093552,0.8919177374744076,0.8542145785421458,False,0.01351385785596553,3.4901086909594947,0.09599040095990401,0.006197518427319256,0.02092314886998787,False,7.041241806447806e-05,0.08350341660050982,0.9343729164774782,0.9233076692330767,False
144,144_17Networks_LH_ContC_pCun_1,0.09688051455627758,0.07276824747025633,0.12306474244639949,9.999000099990002e-05,True,0.09718533447910406,0.013113326016483929,9.999000099990002e-05,7.411188767589439,16,1.4734981909434458e-06,2.156931427928571,0.1315543912429845,0.08121721042988675,0.01863250593369231,0.03699803022604346,0.017517516231756874,0.054807829333706565,0.008899110088991101,True,0.037014925741571024,0.009975068827222973,0.008899110088991101,3.7107438938720447,16,0.0018987931870920616,0.8135100791958353,0.05581146302583583,0.09294053090599612,0.021322020104118725,0.1347342948247213,0.10787413181850253,0.16517470089119315,9.999000099990002e-05,True,0.1355585838283479,0.014932438270092302,9.999000099990002e-05,9.078127856711372,16,1.0365989493750787e-07,2.5373036017617316,0.1747765623617793,0.08793357681460713,0.020173346056786508,0.04489937775054343,0.018836563625413524,0.07137804932000198,0.001999800019998,True,0.0449295859932523,0.013660539856878517,0.001999800019998,3.2890051538211225,16,0.004625188097166828,0.7847220710326097,0.04492958599325228,0.0572554126509145,0.013135292511371395,0.006910308244279803,1.4679786030228732,0.21157884211578842,-0.0018929725525195244,0.015976935067663334,False,-0.0018224136783419865,-1.742850517861775,0.09841733189230273,0.028397160283971604,True,-0.003981892307113245,-0.9730763582526597,0.6956304369563043,-0.011806074298207856,0.0038361145730991036,False,3.318339198576589e-05,0.03365474074372075,0.9735228640708097,0.9729027097290271,False,0.04515519658813264,7.396960089947439,9.999000099990002e-05,0.03390285692977171,0.05708356063421572,True,-0.0017879969100901498,-1.3535084406915028,0.19264712305044215,0.0791920807919208,False,-8.77518497856946e-05,-0.01882228958469605,0.508049195080492,-0.00891128781315933,0.00862665984322178,False,-0.0011256667186669836,-1.2271269169843424,0.23558345158920482,0.16498350164983502,False
145,145_17Networks_LH_ContC_pCun_2,0.058732988883510695,0.04153209908843446,0.07687453901605298,9.999000099990002e-05,True,0.058800663408416436,0.009224741227696173,9.999000099990002e-05,6.374234458943361,16,9.21832831084899e-06,1.5710926352742451,0.0844230724098668,0.07768095375735104,0.01782123301400786,0.029009204309535498,0.011469654988296281,0.04613237742001253,0.008899110088991101,True,0.029017345830698937,0.009025922346648346,0.008899110088991101,3.214889815828533,16,0.0054058414518402854,0.8606080231430172,0.03767606559751477,0.06551678475102861,0.015030581254496857,0.12835581302400315,0.1061282233742555,0.1528306787668035,9.999000099990002e-05,True,0.1290677606089612,0.012430011072697946,9.999000099990002e-05,10.383559584468408,16,1.6229612085723208e-08,2.023053524392621,0.16960241441902857,0.10831112827628886,0.02484827697985336,0.007818586984726497,-0.018971742693914582,0.03267593511580226,0.21937806219378062,False,0.007818746308099233,0.01343696229403521,0.21937806219378062,0.5818834746280447,16,0.5687539788914977,0.1821163535360792,0.007818746308099244,0.042932697455696965,0.009849436293841518,0.01705464542389441,3.3991003207989885,0.025297470252974703,0.007736742745978478,0.026733638197358245,True,-0.005635027305168283,-3.462869724180396,0.002776346444090625,9.999000099990002e-05,True,0.003643906525103996,0.5687919184261941,0.31196880311968805,-0.007921070035855871,0.016370323316080397,False,0.0008533734400511097,0.8838748185927987,0.3884172810639439,0.37696230376962303,False,0.06578084145868153,6.490545473812736,9.999000099990002e-05,0.04477487156862447,0.08323389462400488,True,0.0004936250064881504,0.48298758295795075,0.634926752770138,0.6579342065793421,False,0.0018367116805987553,0.31651115683996406,0.40915908409159085,-0.008818813607033614,0.013243296623718367,False,-0.0005673592728853118,-0.34329495181991954,0.7353535833217429,0.5984401559844016,False
146,146_17Networks_LH_ContC_pCun_3,0.11221643839047363,0.0897495802627857,0.1355416793520266,9.999000099990002e-05,True,0.11269105917695561,0.012165103995828739,9.999000099990002e-05,9.263468624320511,16,7.877659696402561e-08,2.0434386592676623,0.1563255747934796,0.09524503682380853,0.02185071002046271,0.05071310904979355,0.03050626092147767,0.07119044941408977,0.0021997800219978004,True,0.05075665124556192,0.010758194372544156,0.0021997800219978004,4.717952612484607,16,0.0002321546713088418,1.0080702360876246,0.07173501776798204,0.09676510755530411,0.022199438162863933,0.14782968428757504,0.12517671255163637,0.17291225869400023,9.999000099990002e-05,True,0.14892089965804206,0.01266888911424504,9.999000099990002e-05,11.754850667261245,16,2.772997305056277e-09,2.2948159671987085,0.19178768654486306,0.10739574453467962,0.024638273546998896,0.057804280948764865,0.028533191423412648,0.08993942800929378,0.0007999200079992001,True,0.057868791482706294,0.0159491170903167,0.0007999200079992001,3.6283382431144466,16,0.0022597943345274386,1.0339247131944302,0.05786879148270635,0.05597002445556597,0.012840404235226954,0.028563028628251542,5.152374148360683,0.0037996200379962005,0.018004324173691938,0.03896635209066891,True,-0.0028093429741396793,-1.7292213597121933,0.10088154067400681,0.0112988701129887,True,0.00012757850901115258,0.02761673544261232,0.48965103489651035,-0.008866387729036841,0.008915132188651254,False,-0.00027592156210163384,-0.20560089378319793,0.8394100303227309,0.7953204679532047,False,0.04327069843153044,8.927128385319062,9.999000099990002e-05,0.03425595832793679,0.053036872128200296,True,0.00032661146671096093,0.2512599372078004,0.8044591781253866,0.7307269273072693,False,0.02000878939212019,3.1393328509584792,0.0178982101789821,0.008479819593352676,0.03283573474930394,True,0.0009994849505807742,0.6466834337126177,0.5259978230354138,0.3534646535346465,False
147,147_17Networks_LH_ContC_Cingp_1,0.09912239571434613,0.06648303084169922,0.13242532845551064,9.999000099990002e-05,True,0.09944895709928436,0.017025201983024534,9.999000099990002e-05,5.841279134217779,16,2.504424926653862e-05,1.7591709476811592,0.12954432380288364,0.0981502340673805,0.02251720797813551,0.07052655411650229,0.04363631223422155,0.09875319786167952,0.00019998000199980003,True,0.07064383724068776,0.014548721744151545,0.00019998000199980003,4.855673129433928,16,0.0001752898336882563,1.4666685495193204,0.09366013247606099,0.08782191289145926,0.02014772859591067,0.107043565857846,0.08747997403437957,0.124839304458451,9.999000099990002e-05,True,0.1074552465439996,0.009974233704125318,9.999000099990002e-05,10.77328341520175,16,9.650822731691342e-09,3.5885356570683338,0.14256433310823458,0.05338619703851619,0.012247633572149601,0.03255179986647216,0.005023287882678964,0.0598522691088436,0.00019998000199980003,True,0.032563304690994936,0.014552390855377729,0.00019998000199980003,2.237660121598603,16,0.03982093330367283,1.0398996006512933,0.03256330469099495,0.03131389287061984,0.0071838997132574025,0.006810701463397814,1.4088997899335314,0.2545745425457454,-0.00253173914145691,0.01611271695900548,False,-0.002138125603201487,-1.926022214272356,0.0700450778182983,0.0420957904209579,True,0.013836761074991474,3.380228416073987,0.061993800619938005,0.0063454201742712485,0.021819966242723494,False,0.0003892271061313835,0.3576645454136315,0.7247539052978382,0.7271272872712728,False,0.03365794678161512,5.623166543272406,9.999000099990002e-05,0.02222424256477271,0.04502766401230733,True,-0.0010833389332452097,-1.186418321264515,0.2508813052226716,0.3334666533346665,False,0.01039917205583987,1.9118080908061394,0.1451854814518548,-0.0004772510543736163,0.020409592114049118,False,0.002997894270987572,2.778364457244909,0.012397884872991451,0.0033996600339966003,False
148,148_17Networks_LH_ContC_Cingp_2,0.04261694007727607,0.02360006977215849,0.06114456961586425,0.0013998600139986002,True,0.04264276857541115,0.009989501067750447,0.0013998600139986002,4.26875859827241,16,0.0005877268783724525,1.1973264754097095,0.06252745307757973,0.0759571733391938,0.017425770664344614,0.05551408177239184,0.04130237839892376,0.0735244301841945,9.999000099990002e-05,True,0.05557121546627111,0.008613271139985118,9.999000099990002e-05,6.451813087398886,16,7.996001075739483e-06,1.9012427276134765,0.0761690120403462,0.05724963024535374,0.013133965936556136,0.08397665660697615,0.0634137706472691,0.10395278650084455,9.999000099990002e-05,True,0.08417489943468735,0.010762139267869586,9.999000099990002e-05,7.821391020834669,16,7.423619902339966e-07,2.1343754028089235,0.10869090145493453,0.0723517021454597,0.016598618844484936,0.006911892211724305,-0.011464871423698439,0.026091829398095998,0.22127787221277873,False,0.006912002285044116,0.009869582316324989,0.22127787221277873,0.7003338199643131,16,0.493777597550705,0.18304650502556635,0.0069120022850441,0.03776090826797654,0.008662946481916801,-0.006686411490148814,-1.301942773304811,0.8169183081691831,-0.016147802911713787,0.00335903956480433,False,-0.0005291340630274725,-0.4038555112860696,0.6910766102713406,0.5834416558344165,False,0.013167917968105907,2.9384188421236246,0.039696030396960305,0.003916646403158981,0.02120823272838113,True,-0.0009025841610754383,-0.691263879106298,0.49821898180083674,0.37406259374062595,False,0.02990351435273711,3.818420158805081,0.00019998000199980003,0.014540368722792948,0.04472167313407368,True,0.0006540644346113214,0.8248590202941081,0.42024902722261703,0.5108489151084892,False,0.008744501702641622,1.5553100144625045,0.14558544145585442,-0.0022498222522209592,0.01898160064542425,False,0.0005583941177279345,0.5314258358628919,0.6016209775002705,0.5948405159484051,False
149,149_17Networks_LH_DefaultA_IPL_1,0.18353095235157862,0.15189088292052552,0.21989960732738298,9.999000099990002e-05,True,0.1856342893642309,0.017893593423996566,9.999000099990002e-05,10.37434376458349,16,1.6433268347527022e-08,1.9228216162008542,0.23670702889028072,0.15118433664427455,0.03468406554098031,0.1481050013575452,0.12045317227044441,0.18014877765867696,9.999000099990002e-05,True,0.14920237954475596,0.015879835614713577,9.999000099990002e-05,9.395713102125026,16,6.491713079824338e-08,1.9202641488401824,0.1959523896095454,0.1322854032832354,0.03034835287458667,0.13169555211103426,0.10827958512775719,0.15511066759278924,9.999000099990002e-05,True,0.13246493805649048,0.012302612290274071,9.999000099990002e-05,10.767220402549114,16,9.728097315459614e-09,3.4440347990172464,0.16945018776925433,0.06269889330324795,0.014384112620036677,0.020785632018758615,-0.017275653468083785,0.059861228179210385,0.1546845315468453,False,0.020788626220433242,0.02021520579612031,0.1546845315468453,1.028365797019142,16,0.3190741417284853,0.23776225839204376,0.02078862622043332,0.08743450857602086,0.02005885195057975,0.0003597009035548385,0.08629789684372673,0.48675132486751327,-0.007777892173936645,0.008333746248000309,False,-0.0005695118361185436,-0.44020876669019343,0.6650264514249639,0.5172482751724827,False,-8.903088864896581e-05,-0.0269205887899447,0.5057494250574942,-0.0062449368635197,0.006234263787420102,False,0.0008173918627118867,0.6484379800788582,0.52488848874076,0.34626537346265374,False,0.07208051994262084,15.541320456332755,9.999000099990002e-05,0.06342079582994056,0.08105801142614873,True,-0.002222500434075169,-2.2993750119647896,0.033670706874543335,0.058194180581941805,False,0.006746551456374073,2.0097126256460447,0.2913708629137086,0.0005606879036548145,0.013367537277186444,False,0.0007479406696531051,0.4448206221432538,0.6617519504449871,0.42155784421557846,False
150,150_17Networks_LH_DefaultA_IPL_2,0.1465298689146345,0.12161546970548787,0.17721108945583558,9.999000099990002e-05,True,0.1475923041972138,0.014624344002772047,9.999000099990002e-05,10.092234165801736,16,2.4170815104175837e-08,1.5093632660440037,0.1967002075981494,0.16619270672365768,0.03812722177694297,0.07646932849220561,0.05080597032458463,0.10269576765631076,0.0005999400059994001,True,0.07661890659359519,0.013639050872278829,0.0005999400059994001,5.6176127878019715,16,3.8531030058917535e-05,1.2140245965829681,0.10352361718327942,0.11939826600651743,0.027391840818757743,0.142792600950298,0.10365075872962211,0.1900252394704159,9.999000099990002e-05,True,0.143775150316033,0.022903509229314545,9.999000099990002e-05,6.277428881160842,16,1.1021608927952676e-05,2.394953567890361,0.18153008856895028,0.09303963970894072,0.021344757222879294,0.10584390459433117,0.06545626951488535,0.1513644292318139,9.999000099990002e-05,True,0.10624183687055992,0.02258682525784445,9.999000099990002e-05,4.703708274967148,16,0.00023902660733163218,1.376665020880403,0.10624183687056012,0.07717333938114904,0.017704778289368228,0.008883528900090127,2.099348141165188,0.25447455254474555,0.0010015516098562305,0.01702377664446,False,-0.0008212571188757062,-0.5483150734745604,0.5902119925659636,0.43285671432856715,False,-0.0027942289226555363,-0.6386388975868535,0.6072392760723928,-0.011329771068091398,0.005253229657858708,False,-0.0008349920290179715,-0.9754814508019175,0.34225000368252645,0.42145785421457854,False,0.06892829645461812,12.533493257731276,9.999000099990002e-05,0.059114302171642236,0.0796713387437299,True,-0.004367451604662938,-2.9089596921104595,0.00936239973107129,9.999000099990002e-05,True,0.015758583556325218,3.727658189657925,0.11868813118688132,0.007774338583131222,0.023920144899462106,False,-0.0005753994367582549,-0.41105574971523606,0.6858840904615819,0.5209479052094791,False
151,151_17Networks_LH_DefaultA_PFCd_1,0.010322857669991001,-0.0061832437956701805,0.02762528811459878,0.0933906609339066,False,0.010323224366125674,0.008942660491876902,0.0933906609339066,1.1543795468365161,16,0.26529595644184406,0.43111598498283243,0.01580998319233254,0.049739737645688405,0.011411078414514813,0.03263545541752339,0.016169717725299817,0.049485903582134345,0.0046995300469953,True,0.032647049207627135,0.00872852553980488,0.0046995300469953,3.7402708004629317,16,0.0017840293339883035,0.9766263577198984,0.04794936115862567,0.07060744254342195,0.01619845824782267,0.09612386345445444,0.07742830509970984,0.11358112614420472,9.999000099990002e-05,True,0.0964215706571434,0.009680776560919055,9.999000099990002e-05,9.960107027611173,16,2.9038762070651418e-08,2.0372352959235953,0.12751033667407433,0.08268163330904589,0.018968467583211444,-0.008281637938024163,-0.02248654143689195,0.00448171458483895,0.8506149385061493,False,-0.008281827279316494,0.007255605133488442,0.8506149385061493,-1.1414385329614334,16,0.270483745612,-0.2465380186478487,-0.008281827279316532,0.03359249548908778,0.007706647005172608,-0.006417473248397449,-1.6211107201950563,0.8394160583941606,-0.014099949289458381,0.0006948195001474475,False,0.00035264270338681414,0.23056030204431166,0.8202565519215173,0.7270272972702729,False,0.016538196307006474,3.443498850556077,0.0143985601439856,0.007063040881703323,0.02550237919972847,True,0.0004292077862813649,0.4042311851499079,0.6908052963966559,0.6661333866613338,False,0.011315484881275525,2.6338916091174487,0.08919108089191082,0.0031350207979189623,0.019501924076183817,False,-0.00104550298119352,-0.9947269814989192,0.33305404013618095,0.24187581241875813,False,0.0011561248221101297,0.2682463443666221,0.42985701429857015,-0.006912142423346996,0.009375141756942856,False,0.0020144741568515175,1.6813038211547988,0.1099725920893129,0.034096590340965904,False
152,152_17Networks_LH_DefaultA_PFCd_2,0.03280356448106476,0.017013508989950216,0.05051681781103529,0.0010998900109989002,True,0.03281533843634872,0.008926102871961146,0.0010998900109989002,3.67633433168566,16,0.00204191643969673,1.2299851743620889,0.04718415612377429,0.05356965866918574,0.012289722556786746,0.01902059206662485,0.004512213938655752,0.03289538340226521,0.025397460253974602,True,0.019022886339791684,0.007467962080365366,0.025397460253974602,2.5472660593452017,16,0.02152187452167569,0.6641786316226123,0.026733386648776475,0.05571604535811116,0.012782137434196577,0.0885616535651831,0.06975124216605527,0.10641189574943374,9.999000099990002e-05,True,0.08879428388301908,0.009653278807712011,9.999000099990002e-05,9.19835484416769,16,8.671357714057636e-08,2.382893118860948,0.11698616630238726,0.0638698072703315,0.014652738707094439,-0.020692892747104157,-0.035651676774514085,-0.005628260266923286,0.977002299770023,False,-0.02069584704281024,0.00796527597525465,0.977002299770023,-2.5982586299715242,16,0.01940933235484506,-0.4918706536101049,-0.0206958470428102,0.042075791452310114,0.009652848574216433,0.008844840124211151,1.9505980498967614,0.10688931106889311,-2.324842200472388e-05,0.01733909515793705,False,-0.0011253395412817056,-0.8642359316650522,0.3988291904278812,0.25407459254074594,False,0.0014874443161392394,0.39040550980715477,0.4096590340965903,-0.005704783253332396,0.008893944159492228,False,0.0004831499052030406,0.5258654167622888,0.6054006474504529,0.6448355164483551,False,0.024428911939016494,5.000247451131301,0.00039996000399960006,0.015210228228262011,0.03392771949040562,True,-0.0005896868188395032,-0.6754574710824639,0.5079704461386777,0.5489451054894511,False,0.002886793060507937,0.45400522131952636,0.34806519348065196,-0.008775054063202663,0.015650568099897875,False,-0.0020685563302769543,-1.5924767237747397,0.12868625782936877,0.06419358064193581,False
153,153_17Networks_LH_DefaultA_PFCd_3,0.03863431255028833,0.016763670849975276,0.06146644831648371,0.0013998600139986002,True,0.03865355177167682,0.011693992655091289,0.0013998600139986002,3.3054195356320815,16,0.004467997206681977,1.0545980178251029,0.054162987960889974,0.06832181403362958,0.015674099105893173,0.034479204367519826,0.011512578351218659,0.05706134489406713,0.0026997300269973002,True,0.034492877259488755,0.012151405261628055,0.0026997300269973002,2.83859162926703,16,0.011857540459642723,1.0069457879105295,0.048543070896637584,0.06811435049134935,0.01562650370508957,0.03503219650999504,0.020559842796829868,0.05099046337091187,0.0005999400059994001,True,0.03504653821571749,0.007993700304329644,0.0005999400059994001,4.384269722588319,16,0.0004620942167441316,1.177065553462467,0.051536281171699935,0.06050279945111304,0.013880294137300518,0.02023413597742014,0.008926733034307573,0.031857199555823265,0.023497650234976502,True,0.020236898077696953,0.0060145062753367,0.023497650234976502,3.3646815135402046,16,0.003943293601278246,0.5078847660164046,0.020236898077696953,0.03984545202334992,0.009141173617341082,0.002778819495388029,0.5652325396495763,0.35896410358964104,-0.006341588289020461,0.012358329249990306,False,0.0006044624261810931,0.744650033065987,0.46609506909511145,0.5341465853414659,False,-0.00624181355327855,-1.3188447206745495,0.7826217378262174,-0.015318541598983304,0.002676090187213702,False,0.0022084598999197163,2.663952977057049,0.01581525294210266,0.0244975502449755,False,0.02728548260703483,4.072155517336287,9.999000099990002e-05,0.014775181118374933,0.040225063126612885,True,0.0012103699161556552,1.1005367743612244,0.28559886423016523,0.26607339266073393,False,0.013948244605512604,2.9569325238868305,0.03519648035196481,0.00537357636175836,0.023456166059827924,True,0.0005125905710892089,0.5309859307772119,0.6019195799172199,0.5606439356064393,False
154,154_17Networks_LH_DefaultA_PCC_1,0.061587002323573836,0.04246030409288274,0.08078109349990818,0.0022997700229977,True,0.061665045665099845,0.010030614986018841,0.0022997700229977,6.147683442246719,16,1.4031786216500781e-05,1.11287037209278,0.08826775287808458,0.11056287033212661,0.025364862036080585,0.041402795803319445,0.020249246958842806,0.06318458342500075,0.0012998700129987,True,0.041426477605400344,0.011468440774640414,0.0012998700129987,3.6122153324455955,16,0.0023380904042048095,1.1889874812733487,0.05609719671594647,0.06627731664739427,0.015205059237633555,0.1265166558498122,0.09985931156888453,0.1544147567003356,9.999000099990002e-05,True,0.1271982419006824,0.014312371707029918,9.999000099990002e-05,8.88729307094543,16,1.380828311950583e-07,2.890363900416809,0.16451103688497248,0.07170895732324518,0.016451163069405087,0.027084024374397418,-0.0025495835309569206,0.05798575759439375,0.024697530246975304,True,0.02709064973522893,0.01576200009860756,0.024697530246975304,1.7187317323784408,16,0.1049479436916767,0.4759931667824945,0.02709064973522883,0.05691394672396216,0.013056954855147832,0.006192516539377471,1.283655991100959,0.24717528247175283,-0.003098309168999979,0.015413680954551565,False,0.00033396559120617454,0.4269651672653665,0.674468083501722,0.7291270872912708,False,0.0008859871946867079,0.17904161285007034,0.45785421457854214,-0.008887349131320011,0.010008853525594863,False,0.00033503277050106776,0.593682755064783,0.5601117115779568,0.6921307869213079,False,0.06953677151501743,10.529207348209352,9.999000099990002e-05,0.05695000309865123,0.08211581131403463,True,0.0001350594716720941,0.11519124124937904,0.909568838060354,0.9063093690630937,False,0.018183139804176417,4.313393656340268,0.039696030396960305,0.009882129809872653,0.025842644026219424,True,-0.0003208347840694497,-0.2361678243682078,0.8159689147355428,0.7431256874312568,False
155,155_17Networks_LH_DefaultA_PCC_2,0.07780716153544807,0.05645665850454738,0.0988706659400183,0.00019998000199980003,True,0.07796474801448497,0.011227013812349314,0.00019998000199980003,6.94438871436379,16,3.303430939088849e-06,1.4625221521821528,0.11056738490539,0.09520282077108476,0.021841024993745968,0.05838217646877169,0.03923982582348752,0.07731280684716628,0.0011998800119988001,True,0.058448643918534805,0.01006380875172443,0.0011998800119988001,5.80780550986918,16,2.6700927325699494e-05,1.1049718710792287,0.08626964591718511,0.1011965292888239,0.02321607603194933,0.14715789392352396,0.12541972424261505,0.17118215889963986,9.999000099990002e-05,True,0.14823416985888313,0.01194705383654786,9.999000099990002e-05,12.407592021173638,16,1.266244531991363e-09,2.420556447026502,0.19150016334474318,0.10148011029123578,0.023281133975729403,0.011453583074910255,-0.015487845351419524,0.038690755643659744,0.12188781121887811,False,0.011454083958774544,0.014227006685687533,0.12188781121887811,0.805094438473655,16,0.43256707170192094,0.2808400581255353,0.011454083958774548,0.04078507900626688,0.009356738831191556,0.012548761123980826,2.1859784593580045,0.08899110088991101,0.0014217928146752683,0.02329015414939324,False,-0.001932455544674651,-1.1891054945890078,0.24984881059337877,0.06929307069293071,False,0.00593942689459987,1.2664809101587864,0.2348765123487651,-0.002857589264196168,0.014775067104858056,False,0.0008823225750761331,1.0306548653121965,0.31635341442812437,0.35476452354764526,False,0.051197170754345545,7.228700418230329,9.999000099990002e-05,0.03850838213068038,0.06545080653873105,True,-0.0005883396682210585,-0.5681318196185644,0.5769647684171224,0.5344465553444655,False,0.0025406853063499016,0.4507203351922321,0.38816118388161186,-0.007801401517221622,0.013317540779236936,False,-0.0023264719373456404,-2.0263090442510068,0.05781378205295294,0.0052994700529947,True
156,156_17Networks_LH_DefaultA_PCC_3,0.11845487722082033,0.09336028460133917,0.14473723158219798,9.999000099990002e-05,True,0.11901362436551978,0.013706256787748129,9.999000099990002e-05,8.683160268229088,16,1.885334038798335e-07,1.5548157984906015,0.16188715363734962,0.13679667357486588,0.03138330925922954,0.0878267666611095,0.06442342861859872,0.11052644998836014,0.0027997200279972004,True,0.08805363602353862,0.012076013966771635,0.0027997200279972004,7.291614291423233,16,1.8069773421342704e-06,0.9821347744197708,0.12643955792568642,0.16120869022541273,0.036983809974375115,0.15136560210232566,0.13453455962532115,0.17029553872375489,9.999000099990002e-05,True,0.15253776506225378,0.009430340689188264,9.999000099990002e-05,16.17521254954616,16,2.452776287980939e-11,2.753745157389932,0.1953376239424668,0.08960343904966205,0.020556438726904366,0.046228989810009814,0.02236868553802185,0.06974972462852495,0.0040995900409959,True,0.04626196439456993,0.012460735581781084,0.0040995900409959,3.7126190577552913,16,0.0018912893720545287,0.6730277327104809,0.04626196439456988,0.06873708488691747,0.01576936877345527,0.00011957118704383598,0.020572005761741428,0.49535046495350465,-0.010702068552936046,0.01156119984947057,False,-0.00046928602959581193,-0.3411635655187013,0.7369305225374128,0.5955404459554045,False,-0.0036721843297863174,-0.6118154975516503,0.6418358164183582,-0.014608661938417662,0.008383617228544363,False,-0.0009693019635219795,-0.7118809618830374,0.48566355664404565,0.33536646335366466,False,0.03165328815922699,5.165661720310184,9.999000099990002e-05,0.0193745376607234,0.04241568982014291,True,0.0014294359560803119,1.0922025355750824,0.28914756447569223,0.1192880711928807,False,0.004080660110032616,1.1355164731616507,0.35326467353264673,-0.002820784712466419,0.010789240869127028,False,0.0014633879605368486,1.1384184568625393,0.2698715513738596,0.0866913308669133,False
157,157_17Networks_LH_DefaultA_PCC_4,0.06294918529341287,0.04361596133025105,0.08422845331734666,9.999000099990002e-05,True,0.06303253102186215,0.010769226747278825,9.999000099990002e-05,5.853022923655056,16,2.4488586474518455e-05,2.0717860228507776,0.08807681076398734,0.05651962813388598,0.012966491966426701,0.030638751609925935,0.008174811855480578,0.05257041946182128,0.0066993300669933005,True,0.030648344216872955,0.011630224742512123,0.0066993300669933005,2.635232327441072,16,0.01800311636175275,0.7731480085506379,0.04917791883596702,0.07701179397094764,0.017667717230533453,0.1405961570493381,0.1250426825870113,0.16020962624356255,9.999000099990002e-05,True,0.14153370324137315,0.009196072422974535,9.999000099990002e-05,15.390668617156564,16,5.193022138024393e-11,3.506412828031961,0.18477743855155948,0.06573041276188046,0.015079590881381744,0.029695156826661868,0.005031886283569133,0.05442953176812833,0.0030996900309969004,True,0.029703889867198907,0.012983386524678536,0.0030996900309969004,2.2878383702694522,16,0.03609768540469672,0.7080689333108885,0.029703889867198904,0.041950562254306635,0.009624119025854444,0.009038910565728782,2.51539690307588,0.11378862113788621,0.002079167123448691,0.015632087960319528,False,7.843387284144695e-05,0.07530104738164103,0.9408057819273885,0.9397060293970603,False,-0.0029724025261649105,-0.4591023081078055,0.6575342465753424,-0.015375385305716773,0.008824195533327828,False,-0.0002082754318906776,-0.22468469404080865,0.8247554345269724,0.8334166583341666,False,0.0730133754473758,9.460701391713418,9.999000099990002e-05,0.058702407219213396,0.0879504852268329,True,-3.0076846117544035e-05,-0.020348916166247955,0.9839889087843204,0.9791020897910209,False,0.01277449298253205,2.0051438732410127,0.06819318068193181,7.868510359183674e-05,0.024388620590025775,False,0.0013301584140541143,0.9331412796825306,0.3630962848312652,0.20317968203179682,False
158,158_17Networks_LH_DefaultA_PCC_5,0.0516632384650041,0.03502609018014715,0.07291428696811411,0.00019998000199980003,True,0.0517092768305006,0.009925416080733409,0.00019998000199980003,5.209784296184355,16,8.593818187557869e-05,1.475691370611747,0.07411117087090428,0.06604686093614602,0.015152189071512875,0.038090043387538346,0.011367369496668018,0.06610322327622659,0.0007999200079992001,True,0.03810848043751192,0.014583109216596968,0.0007999200079992001,2.6131931038506417,16,0.01882912013674715,1.4635127077813634,0.04676163865970246,0.05277269172482313,0.012106885800375219,0.07577038582487738,0.054840851566823154,0.10175691421398626,9.999000099990002e-05,True,0.07591589045793048,0.012358770592396286,9.999000099990002e-05,6.142673325827214,16,1.4163886400340544e-05,2.090228560418744,0.09938735852310321,0.06854356831028872,0.015724973026011866,0.02016864381986304,-0.001096501788891064,0.041238770738496584,0.027597240275972403,True,0.0201713791821071,0.010948816321174084,0.027597240275972403,1.8423342387338584,16,0.08403644878314426,0.47851231277040324,0.02017137918210711,0.04215435767017683,0.00967087290074576,0.005648710507769303,1.4575337801689452,0.22357764223577642,-0.0018410075518320375,0.012892983614281772,False,-0.0027372247218536046,-2.74676914364008,0.013263441633482875,0.0023997600239976003,True,-0.007605045628171109,-1.3566514856609904,0.8237176282371763,-0.017925417912361973,0.0032597573304808287,False,-0.0005267439868899673,-0.44954079422003324,0.6584077979494588,0.5656434356564344,False,0.032144876795014786,5.007618179304588,9.999000099990002e-05,0.01962578950417984,0.04426320912855396,True,-0.0008704515237771222,-0.6977396577806019,0.4942552680651228,0.38116188381161886,False,0.002709960073536282,0.558274860536087,0.37306269373062695,-0.0063767794144710755,0.012356455611729478,False,-0.00022714491316914312,-0.19159616335300683,0.8502032736061131,0.8129187081291871,False
159,159_17Networks_LH_DefaultA_PCC_6,0.11005959230219485,0.07399575555541105,0.14802891925315503,9.999000099990002e-05,True,0.11050723839126227,0.0193371957637789,9.999000099990002e-05,5.714749943125507,16,3.1930107014730384e-05,1.4098803715860406,0.14833745699738196,0.13894596001244094,0.03187638938460387,0.07270188971746865,0.04618607712416086,0.10042281896119849,0.0004999500049995,True,0.07283038765710588,0.01443032491495877,0.0004999500049995,5.047037269521798,16,0.00011903813299443992,1.2508470479887128,0.10400163794220318,0.1075115338708259,0.02466483744252528,0.19721055312723906,0.17078201257238626,0.2302667656457701,9.999000099990002e-05,True,0.19982855967236046,0.01568508842694058,9.999000099990002e-05,12.74003398853248,16,8.604938788388448e-10,2.338179646532129,0.2473330649061085,0.13666555592816496,0.03135322880808826,0.07194604001265321,0.03904609633864205,0.10468286877962073,0.00019998000199980003,True,0.07207056346046022,0.01754982064428211,0.00019998000199980003,4.106626781051546,16,0.0008250109020451918,1.0327376357276492,0.07207056346046031,0.06978593687997106,0.016009991923163262,0.0058994189522572965,1.2962683535595987,0.32056794320567944,-0.0031523420262669186,0.014056927789614723,False,-0.0017784823809443775,-1.3642265526676647,0.18931194816501687,0.0756924307569243,False,0.003081183869897086,0.5749259025342625,0.38436156384361564,-0.007716598561131138,0.01287518386147074,False,-0.00078484725933668,-0.5694719160875455,0.576074444565023,0.5126487351264873,False,0.05009467638349639,7.511007643772532,9.999000099990002e-05,0.037576512333517983,0.06301490848091662,True,0.0011869436724255549,0.951287825515407,0.35405817026944625,0.25717428257174285,False,0.01807477421374474,3.8353353051115837,0.07089291070892911,0.008639163848750422,0.026757411475153148,False,0.0007999424988090622,0.6624033276572903,0.5161052607217547,0.42285771422857715,False
160,160_17Networks_LH_DefaultA_PCC_7,0.15935093756910773,0.14185389947362184,0.18006372560156925,9.999000099990002e-05,True,0.1607206520447038,0.010025528757228628,9.999000099990002e-05,16.03113969712776,16,2.8081088136309448e-11,2.9968964600519987,0.20682819570132577,0.08682262883960143,0.01991847711180856,0.10058087847158736,0.08101367566191732,0.11855996333062624,0.0017998200179982,True,0.1009221281584158,0.009905244590148044,0.0017998200179982,10.188756798473708,16,2.116252926207041e-08,1.082647545178089,0.14030297543787215,0.16637048239984084,0.03816800631415886,0.14030834220463684,0.12040509799792573,0.16371214956681504,9.999000099990002e-05,True,0.14124009646216232,0.011456520689338494,9.999000099990002e-05,12.328358695637949,16,1.3901126290233915e-09,2.788670803480654,0.18198908702854827,0.08554788946564805,0.019626031842839346,0.04320462855420463,0.022679574782074722,0.06365035208324178,0.007799220077992201,True,0.04323154119728794,0.011001064908452774,0.007799220077992201,3.9297596693635155,16,0.0011963877995745525,0.6066276367911961,0.04323154119728774,0.07126536704783931,0.016349396480835002,0.027227447016925647,5.842443735755573,0.003999600039996,0.018704938876476892,0.03663552919910221,True,-0.0014292960777267814,-1.0470616153341417,0.3089284169199326,0.15508449155084492,False,-0.0007936943531043609,-0.17176149188960088,0.533946605339466,-0.009828254993596831,0.007839636188863608,False,0.0006762102012069006,0.5672583828823711,0.5775454347428607,0.44635536446355367,False,0.05788654547858229,11.181194774905471,9.999000099990002e-05,0.04828334293889283,0.06780105621706878,True,-0.0002640259265322624,-0.31959608069804685,0.752954121064832,0.7811218878112188,False,0.017914583033144953,3.7939332581391643,0.0336966303369663,0.009208513123035967,0.027319768695874998,True,-0.002887661959946417,-2.3938759726589045,0.02777364423814362,0.0012998700129987,True
161,161_17Networks_LH_DefaultA_PFCm_1,0.018080434229722307,-0.0031072217713591383,0.03895463057441209,0.097990200979902,False,0.018082404793563493,0.01107913806526575,0.097990200979902,1.6321129574378817,16,0.12217820497379875,0.43736851565588,0.026169456509673172,0.0842786902585897,0.01933485757532412,0.047558295073055354,0.02210942516945048,0.0719040802149818,0.000999900009999,True,0.04759419945868183,0.013198777867840043,0.000999900009999,3.6059550312343074,16,0.0023692183033805297,1.2518021130880232,0.06648939390203722,0.07532262894901842,0.01728019619739908,0.11856255860560384,0.08102485585326132,0.15586754737109765,9.999000099990002e-05,True,0.11912283960375683,0.019614102690602403,9.999000099990002e-05,6.073325988082622,16,1.6131037553075814e-05,2.4831720556309818,0.1496059477984792,0.08143214627713337,0.018681815598823485,-0.004125008147640541,-0.035023788414778524,0.029440726802260606,0.6596340365963403,False,-0.004125031544502422,0.01705192413750637,0.6596340365963403,-0.2419100338025347,16,0.8119231306516658,-0.10034749563539036,-0.004125031544502401,0.0411074687851763,0.00943070011891243,0.003296355605006444,0.4804292907135884,0.36006399360063995,-0.009666200365141722,0.01630967413834519,False,-0.0001772841986144183,-0.20467023610306317,0.840126284481459,0.8993100689931007,False,0.02551753824928507,4.045801059909709,0.0008999100089991,0.014159065046231625,0.038104523933263496,True,-0.0004937079867017888,-0.4691952980985843,0.6445631696777507,0.6981301869813019,False,0.021274503907175665,4.220841437499814,0.0164983501649835,0.011995052776794135,0.030950663648587055,True,0.0003943387756430001,0.3526051072111109,0.7284795866867786,0.7227277272272773,False,0.020209395272895347,2.0803676909373205,0.0082991700829917,0.0009609752627368826,0.037970491159129385,True,0.0001435066883184273,0.14292629525356554,0.8879361794820323,0.906009399060094,False
162,162_17Networks_LH_DefaultA_PFCm_2,0.020226804139079096,0.0024909866150441807,0.04055077067094511,0.0268973102689731,True,0.020229563237411718,0.010011244836562213,0.0268973102689731,2.0206840974991476,16,0.06037626970447276,0.7192028685163658,0.026403743832709124,0.05614666309119271,0.012880927917449159,0.03185869536074713,0.003959433186901218,0.06352195194850382,0.003999600039996,True,0.03186948053824987,0.01562878738959685,0.003999600039996,2.0391524782954997,16,0.05830765170677145,0.9530629626757195,0.04605334543650177,0.06539952738418262,0.015003680569630154,0.05777349613040457,0.04351682652282965,0.0725413857127051,9.999000099990002e-05,True,0.05783790351224761,0.00761184988815973,9.999000099990002e-05,7.598403063914166,16,1.0746789004591844e-06,2.3796104044510553,0.08360959509928109,0.045915554664020634,0.010533750669320188,0.00020269624232560006,-0.01614055440856864,0.01631492176650339,0.49275072492750727,False,0.00020269624510157696,0.008534975125242105,0.49275072492750727,0.023748896994685402,16,0.9813465710316953,0.007910705104003986,0.0002026962451016036,0.02562303137794665,0.005878326547560062,0.005291249622865748,1.0429663114437888,0.20417958204179582,-0.0044654558118345684,0.014835097188969597,False,0.0015910147152679514,1.6375984127468135,0.11886805807618615,0.10778922107789221,False,0.010891459521336062,2.100781860555093,0.0827917208279172,0.0009380842603067441,0.02072455143514881,False,0.0025172350658198084,2.2781959686608833,0.035142841072037474,0.011898810118988102,False,0.013659681300554194,3.483701423883098,0.0182981701829817,0.005948557110971956,0.02078225142819572,True,-0.0007089157775609834,-0.8550642395024356,0.4037536521116506,0.36136386361363865,False,0.01347195206640203,2.8633008545427985,0.0192980701929807,0.004953291112323403,0.022854414269280404,True,-0.00027190603073499895,-0.36996192580126985,0.7157279311850365,0.773922607739226,False
163,163_17Networks_LH_DefaultA_PFCm_3,0.017692271903745723,0.00424671241360342,0.03078921257450324,0.0724927507249275,False,0.017694118241440286,0.007019739616862877,0.0724927507249275,2.520623158006506,16,0.02271107875245988,0.4874204465647781,0.026405197712059625,0.07439018114014245,0.0170662779990298,0.00896467228280992,-0.0021092883508424622,0.01982630162744931,0.1337866213378662,False,0.00896491244406305,0.005793195499900822,0.1337866213378662,1.5474900586759985,16,0.14129516199049155,0.36414292263125125,0.013325165297226728,0.052059553864468464,0.01194328075479107,0.0691036371306537,0.05049944071538258,0.08801026121096271,9.999000099990002e-05,True,0.06921395053000953,0.009845862490036973,9.999000099990002e-05,7.029749867017452,16,2.843787212647866e-06,1.4391091409880437,0.0985408521571062,0.0841018243468348,0.019294281752382184,-0.0070068914301336755,-0.02768084270195085,0.011511329101193334,0.9252074792520748,False,-0.007007006104857735,0.010380871214773506,0.9252074792520748,-0.674992104216237,16,0.509318201768224,-0.3409974292849004,-0.0070070061048577185,0.02054855991012015,0.004714162951763419,0.01846737819391948,2.3208322580281733,0.0018998100189981002,0.0025618724339958863,0.03293039843218728,True,-2.086089648746916e-05,-0.018848595245315812,0.9851692494388476,0.9823017698230176,False,-0.004861697797952608,-1.0672517553054828,0.787921207879212,-0.013627080088297501,0.0036999061834641052,False,-7.403731497390608e-05,-0.08557673366610818,0.9327475957464265,0.9316068393160684,False,0.021163387213485402,3.665279391408331,0.0017998200179982,0.009880514346649855,0.03226038492711439,True,-0.0007717848309810182,-0.7509722272573398,0.4623750088464207,0.3802619738026197,False,-0.005763705789717891,-1.0484282090013521,0.8066193380661933,-0.015829610415095195,0.0049708483996207045,False,0.002407807622360373,2.4590592409137266,0.024284430650869878,0.028997100289971003,False
164,164_17Networks_LH_DefaultA_PFCm_4,0.043977924403501914,0.027623009876642464,0.061159696663113286,0.00029997000299970003,True,0.04400630929935876,0.008732964342024344,0.00029997000299970003,5.039103284504868,16,0.00012095357931861899,1.271164969245144,0.0659363930866719,0.06629406869411862,0.015208902420726656,0.04329192402567283,0.026215510538728462,0.05994363544229014,0.00029997000299970003,True,0.04331900025340278,0.009015673864307364,0.00029997000299970003,4.8048544019433415,16,0.00019439365435066914,1.4322366340546058,0.060243598670991924,0.05667220195200006,0.013001494800878775,0.1165220925705196,0.09548301388228723,0.14226508897871817,9.999000099990002e-05,True,0.1170537863606582,0.012290807443608555,9.999000099990002e-05,9.523685640484777,16,5.393050900021154e-08,3.2038319141347036,0.1525383866414495,0.060770265359728,0.013941655025010775,-0.0028674620512204366,-0.0271041439374473,0.024847040607406827,0.6198380161983802,False,-0.002867469910340526,0.013884853803379515,0.6198380161983802,-0.20651783237664292,16,0.8389915634937384,-0.07376334466818764,-0.002867469910340526,0.03887391390994228,0.008918287488070446,0.011275887065222437,1.5392408580204922,0.0476952304769523,-0.002297341807307323,0.02526641041986681,True,0.0005441644962512572,0.5583853593941137,0.5834611416099382,0.5598440155984401,False,0.018911268213535948,3.5413410143241433,0.0018998100189981002,0.009155519391201542,0.02947630237643065,True,-0.00023048394371526468,-0.33906787604382393,0.73848222394228,0.7533246675332467,False,0.031039558999744695,9.992368858648415,9.999000099990002e-05,0.025190240465671466,0.03710229114949039,True,-0.000503087895851615,-0.4633878307329648,0.6486403445409284,0.5569443055694431,False,0.010926437321563197,2.0522710574076544,0.056394360563943605,0.0008240461148750195,0.020930732810176166,False,8.830485047954687e-05,0.09163892288725332,0.9279970789791526,0.9346065393460654,False
165,165_17Networks_LH_DefaultA_PFCm_5,0.030233601137279246,0.011778293702513301,0.049047590123336565,0.008099190080991902,True,0.03024281807512437,0.009726474283620824,0.008099190080991902,3.1093299784951514,16,0.006746707787092021,0.873253964676613,0.040994508628359586,0.071243772714546,0.016344442401015073,0.018134069569229718,-0.004465250063090966,0.04144994565126214,0.0846915308469153,False,0.01813605772440818,0.01216527607954839,0.0846915308469153,1.4908052727958674,16,0.1554632411940215,0.4090674668851409,0.028311645710376032,0.08688895353857157,0.019933693041296538,0.06053410007539234,0.043092134481310475,0.07732494999379028,9.999000099990002e-05,True,0.06060820299521524,0.009190162205209492,9.999000099990002e-05,6.59490024679425,16,6.164050274046161e-06,1.2768876494001824,0.08511818222801394,0.09054472267524583,0.020772384000648014,0.010248515345884604,-0.011788397964662302,0.0332644465775201,0.12068793120687932,False,0.010248874176080867,0.012089711117046695,0.12068793120687932,0.8477352417155598,16,0.40908833988365445,0.2723216906754794,0.01024887417608085,0.03763517386609596,0.00863410103183659,0.0051947542438493975,1.0324123200177129,0.2538746125387461,-0.004246125411964237,0.014670007845221912,False,-0.0013277791682131694,-1.0524622095903622,0.30651188385350153,0.1962803719628037,False,0.019459289735591887,2.481184803931098,0.005099490050994901,0.004389139935352247,0.03389551157082368,True,0.0015844924057021171,1.414064523770856,0.17440659634915956,0.1700829917008299,False,0.02819367909998356,3.876380159027556,0.00019998000199980003,0.015183252261182716,0.04299494909063228,True,-0.0023094474696135543,-1.863615773162777,0.07877316620640273,0.06879312068793121,False,0.003959476621855094,0.6626738976402188,0.31886811318868113,-0.007748133772007698,0.015453634126140304,False,0.0014135314821436488,1.2278693850740832,0.2353112311067908,0.20307969203079693,False
166,166_17Networks_LH_DefaultA_PFCm_6,0.049403559423373274,0.03328133230256523,0.06581039644135384,9.999000099990002e-05,True,0.049443811667877306,0.008648677896878964,9.999000099990002e-05,5.716921390461312,16,3.179670950964506e-05,1.9074151152669423,0.07293128508629013,0.049185703343349194,0.011283974228454197,0.03163630777524145,0.016005333701063548,0.048450022595105856,0.0034996500349965005,True,0.03164686858037232,0.008584792599951027,0.0034996500349965005,3.6863870864571453,16,0.0019990190219161385,1.0539958355097223,0.04464553627014871,0.06011433941925959,0.013791175294013476,0.04938433768390434,0.033980167707893666,0.06579450589746391,9.999000099990002e-05,True,0.049424542917239224,0.008392142692685576,9.999000099990002e-05,5.889383048779269,16,2.2847836861082503e-05,1.9348881735415357,0.06537779786117585,0.04672484648589882,0.010719414946551816,-0.006416966001332641,-0.020637601209993247,0.007514464422942548,0.7957204279572043,False,-0.006417054081613389,0.0074422834015916775,0.7957204279572043,-0.8622426391664927,16,0.4012930938743578,-0.19901634746987742,-0.0064170540816134046,0.032243854151652825,0.007397247463016792,0.009354803971696505,1.6569250446251391,0.08289171082891711,-0.0016178510246562395,0.019878185673067025,False,-0.00013140610194342582,-0.1158624929615893,0.9090443463092416,0.8914108589141085,False,0.001753837638951559,0.34046150595902336,0.39146085391460855,-0.008216772894469374,0.011130338259673267,False,-0.0009652079916627796,-1.0369019958592043,0.3135113695134909,0.23697630236976303,False,0.01856768981989054,4.344494413315757,0.00039996000399960006,0.010271795459087477,0.026650399279501476,True,-0.0008416010156755861,-1.3382201771600761,0.1974852599343847,0.2763723627637236,False,-0.0029668112439983265,-0.7481791892762133,0.6695330466953304,-0.010263109556784316,0.004642610131213329,False,0.0004027394935182638,0.45673387617283173,0.653325884229641,0.6133386661333866,False
167,167_17Networks_LH_DefaultB_Temp_1,0.04789428742803669,0.0333120918210559,0.0633454520389255,9.999000099990002e-05,True,0.04793095888710792,0.007882435855122095,9.999000099990002e-05,6.080729328861185,16,1.590812962611019e-05,2.059760900824002,0.06848414930872164,0.043307617825012606,0.009935448925511087,0.056349002874457085,0.03994249972782538,0.07381348955860795,9.999000099990002e-05,True,0.056408756729280245,0.008831117202313686,9.999000099990002e-05,6.387499501705354,16,8.996285582364736e-06,1.837868938415244,0.07862206088070894,0.057733528188212334,0.013244979738235496,0.024026915730665607,0.013944416141770152,0.03632876748699536,0.0021997800219978004,True,0.024031540853655442,0.005931192210351621,0.0021997800219978004,4.0517218126422465,16,0.0009257501515954281,1.0320430711096071,0.03592893636868559,0.045950807013332,0.010541838112908116,0.004174017051724131,-0.0065943431916376085,0.015651671505275168,0.2522747725227477,False,0.004174041292467953,0.005937233601840692,0.2522747725227477,0.7030279710021677,16,0.49214192123108647,0.1521447227980402,0.004174041292467934,0.027434676771593683,0.006293946505056818,0.013508785881858382,3.818357427346716,0.0131986801319868,0.006801348115602487,0.02030109783250631,True,-0.0012626371340650827,-1.577164254732327,0.13216998876595693,0.071992800719928,False,0.001409244748079353,0.49497767878876886,0.41875812418758124,-0.004090534442035867,0.00679233136465447,False,-0.0001490822826694156,-0.22549663426581754,0.8241333656329158,0.8174182581741826,False,0.010962704437020342,2.2106727331682374,0.012098790120987902,0.0017020876335534685,0.020373700597188172,True,-0.00100914007247803,-1.6744225702664552,0.11133418848197292,0.21687831216878312,False,0.0023504132516150703,0.6927813277089325,0.36126387361263873,-0.003954144273547773,0.00886491404539236,False,0.00013114246959747863,0.18664538728270016,0.8540261842042633,0.8521147885211479,False
168,168_17Networks_LH_DefaultB_Temp_2,0.06927024167355873,0.04281058465906562,0.09528826743593158,9.999000099990002e-05,True,0.06938135641726506,0.01376563657984766,9.999000099990002e-05,5.040185102579025,16,0.0001206905482728575,1.864463642499088,0.09579762172243422,0.06606191568534736,0.015155642867849138,0.03395660506608742,0.014072312218288694,0.05370468274606479,0.0052994700529947,True,0.03396966533556166,0.010308233430415255,0.0052994700529947,3.2953915493736767,16,0.004563388914482251,0.8914732260613445,0.04854993488793515,0.07431392210200027,0.01704878297583015,0.01269233570114699,-0.0021009351216967503,0.028209274416360154,0.07799220077992201,False,0.012693017325936605,0.008099202492330326,0.07799220077992201,1.5671934783648716,16,0.13663175532231842,0.5001035558818699,0.018953590497544387,0.05418324072567221,0.012430487934565398,0.017516211105325686,0.0036902144373732074,0.031928238395598885,0.055594440555944404,False,0.0175180028627677,0.007399532201418989,0.055594440555944404,2.367447344767054,16,0.030851065099536397,0.38458707602722997,0.01751800286276772,0.04555016004107057,0.010449923393743742,0.005130766802844344,1.4017309677718606,0.271972802719728,-0.0017364600415385374,0.012113957912826547,False,-0.001477092810279169,-1.3740400531265524,0.18629889872981123,0.0856914308569143,False,-0.0027012655503527855,-0.5530136733746052,0.6525347465253475,-0.012251108600033275,0.0066403983241492,False,0.00010504597003347831,0.15556582330816543,0.8781065579361648,0.8957104289571043,False,-0.0010165003239035874,-0.19611788381886117,0.5728427157284272,-0.011062635372589474,0.008833408487660318,False,0.0006356519062002239,0.8583345663049767,0.4019932338459597,0.5134486551344866,False,0.008785051395717447,1.8762180658125778,0.148985101489851,0.0002834671057845811,0.018037596569974636,False,-0.0005196154009138433,-0.495666027512157,0.6261273246212296,0.5695430456954305,False
169,169_17Networks_LH_DefaultB_Temp_3,0.045233870561110334,0.02287773324070686,0.06893669451176022,0.0031996800319968005,True,0.04526475954465803,0.012021384123517609,0.0031996800319968005,3.7653533968776456,16,0.0016920270607835752,0.998732070902154,0.06502457711141271,0.08909169211518275,0.02043903592837479,-0.004032735008004067,-0.01695952493936417,0.010180399026187606,0.6216378362163784,False,-0.004032756869608865,0.007043364478927776,0.6216378362163784,-0.5725611505231628,16,0.5749000705150923,-0.13898497399307813,-0.004551432512595136,0.06107704659568829,0.014012035467396324,0.02560342398064126,0.009791729593025282,0.04377044201796019,0.010498950104989501,True,0.025609020831739805,0.008808970950035105,0.010498950104989501,2.9071523764802234,16,0.010287129106981477,0.7680543128510281,0.03649762637782494,0.06442226152894202,0.014779480406263491,0.0034997492649377726,-0.011956263073993993,0.01717444860309339,0.34636536346365365,False,0.0034997635536381617,0.007696717302137133,0.34636536346365365,0.4547086005960475,16,0.6554274916512052,0.08949215715822473,0.003499763553638123,0.03910693031402158,0.008971745117416177,0.0008256932852854143,0.16184077625501678,0.45315468453154684,-0.009893019239933307,0.009674267758057931,False,0.00040967817016320933,0.269796376095073,0.7903856447108477,0.6686331366863314,False,-0.0034424288650884557,-0.6232731845522138,0.7331266873312668,-0.01402055254186217,0.006759387680099188,False,0.0004095575690536194,0.5408714148843419,0.5952269956740136,0.6765323467653235,False,0.01418828296539386,2.1388215381389104,0.0103989601039896,0.001738599496918889,0.027019830228550132,True,-6.015549589161939e-05,-0.05487886560299822,0.9568395099768514,0.9552044795520448,False,0.004620938405797521,0.8108882993822182,0.28817118288171184,-0.00599531547377546,0.015612922670897735,False,0.0007590392555014212,0.7808639596962859,0.4450314079899427,0.44735526447355267,False
170,170_17Networks_LH_DefaultB_Temp_4,0.1882914413478478,0.17480738512173996,0.20842070653049166,9.999000099990002e-05,True,0.1905652165085142,0.008958198093379686,9.999000099990002e-05,21.272717406120577,16,3.6886372684282505e-13,1.9434222843108253,0.23993732356008637,0.15439216888968646,0.03541999272969513,0.14833124345770948,0.13149236403255443,0.1671848133323412,9.999000099990002e-05,True,0.14943370351244412,0.009280797437539906,9.999000099990002e-05,16.101386170546032,16,2.628496680619608e-11,2.804081759363371,0.1929423238815878,0.08670344676511128,0.019891134868725187,0.06179673157298047,0.04313676179997743,0.08281003073030499,9.999000099990002e-05,True,0.06187557617048724,0.01036973538744358,9.999000099990002e-05,5.966938775063694,16,1.9717874543167472e-05,2.2062600264941645,0.08669430116213302,0.05275339601205685,0.012102459060270387,-0.015172899291654085,-0.03705778944876694,0.0063817885333189136,0.8767123287671232,False,-0.01517406380498868,0.011508152792272032,0.8767123287671232,-1.318549039006363,16,0.20588342539139684,-0.27929393419126014,-0.015174063804988655,0.05433008722129104,0.012464176831124113,-0.0009483714017036708,-0.29833106614102956,0.5389461053894611,-0.007279282155018177,0.004669246747959786,False,0.00039816541777149976,0.3824547704950473,0.7066024415728273,0.5906409359064093,False,0.005908780251041724,1.986962781276126,0.23887611238876114,0.0005819452439422597,0.011675667614927079,False,0.0006841727857621479,0.836749362970529,0.41370487340697165,0.3848615138486151,False,0.04141116679568961,8.767298235981293,9.999000099990002e-05,0.03185410942445603,0.05026118925302641,True,0.0004441800383200182,0.6385677311358358,0.5311459535879933,0.6042395760423958,False,0.0037718076888221008,1.1800271651058365,0.34896510348965104,-0.002414112537741903,0.009869235350959554,False,0.001169359410569171,1.2572517897498594,0.2247314000903033,0.09529047095290472,False
171,171_17Networks_LH_DefaultB_Temp_5,0.28732302877338456,0.2783553819793326,0.31314290334973954,9.999000099990002e-05,True,0.29564595387002307,0.009217046551618901,9.999000099990002e-05,32.07599660198041,16,5.9777569033407e-16,1.9730624830467,0.3522633001002728,0.2090675405029347,0.04796338323299415,0.21414328696256968,0.19198838623001402,0.24234704462098494,9.999000099990002e-05,True,0.2175097582889523,0.013267959319648137,9.999000099990002e-05,16.393610580856127,16,2.0020476501908247e-11,1.857398335678313,0.26918108518623673,0.18020987223724447,0.04134298009002761,0.0906091727878371,0.071160118043291,0.11046949705028955,9.999000099990002e-05,True,0.090858369262809,0.010303810619564667,9.999000099990002e-05,8.817938587719087,16,1.5340932300386583e-07,1.5988873002573876,0.12317329920470557,0.10055612967687637,0.023069158285003964,-0.05598156298791023,-0.08422579678106115,-0.02802326973324059,0.9988001199880012,False,-0.05604015406705778,0.015237514517147329,0.9988001199880012,-3.6777752699755437,16,0.0020357114156364,-0.7667087628793028,-0.056040154067057577,0.07309183979664487,0.01676841806689681,0.005295002278664208,2.1138832383197017,0.30486951304869514,0.00031830834520215473,0.009845301287603381,False,-0.00111552088094165,-1.1373347797701776,0.2703123347250768,0.06679332066793321,False,0.0009647214544143185,0.31398254856626223,0.47185281471852814,-0.00511345447776019,0.006825117038401484,False,0.0013287820925923725,1.7847688389561482,0.09116253194947883,0.029097090290970903,False,0.04528693021905171,6.012411746271508,9.999000099990002e-05,0.03102923123698086,0.0595027560745069,True,0.00012247912233721546,0.13721644427241272,0.8923829097194099,0.8975102489751025,False,-0.0020125230247781886,-1.0377785039367644,0.5596440355964404,-0.00575571811879517,0.001554975019859274,False,0.0003660343421209595,0.3402246375063997,0.7376255850987873,0.5685431456854314,False
172,172_17Networks_LH_DefaultB_Temp_6,0.3703753239386617,0.3572314835047914,0.41938724778112013,9.999000099990002e-05,True,0.388858025405233,0.01625421587183464,9.999000099990002e-05,23.923517964286884,16,5.948092055210513e-14,2.608966612055531,0.4449407750733904,0.1946638926049721,0.044658959780069896,0.36053003467492867,0.3394194788551472,0.41892147031514865,9.999000099990002e-05,True,0.3774949900694357,0.020776452619621424,9.999000099990002e-05,18.169366878007207,16,4.181195748106538e-12,4.049410388543538,0.43100701318225826,0.12532900906108174,0.02875244658901835,0.10415785718668144,0.08522465689396745,0.12382437104590015,9.999000099990002e-05,True,0.10453699281999645,0.010177890248232515,9.999000099990002e-05,10.27098841414116,16,1.89109206164662e-08,1.83762591643601,0.13750291976072274,0.10034918296149317,0.023021681452422227,-0.07468855470390737,-0.09874969738896837,-0.05143755892107502,0.9999000099990001,False,-0.07482790178570495,0.012373382192256288,0.9999000099990001,-6.047489734256731,16,1.693468683871298e-05,-0.8680526957582506,-0.07482790178570516,0.0862020268485454,0.01977610125058891,0.004897588317011896,2.168811572531355,0.3391660833916608,0.0003028611895720601,0.008911197584653176,False,-0.0018908938389140973,-1.553387529064171,0.13773623216163877,0.0093990600939906,True,0.007724602509840299,3.043972577783802,0.26077392260773924,0.002919890159489072,0.012472195013087606,False,0.003940525978686407,2.942146911045646,0.00871367080875303,9.999000099990002e-05,False,0.03629418339774402,5.975619298317114,9.999000099990002e-05,0.0243543288532948,0.047649406531942586,True,-0.0014875079712150996,-2.0441160342892513,0.055854810219140814,0.072992700729927,False,-0.0009570124998029379,-0.4448073863147729,0.5269473052694731,-0.004970232855564075,0.0031103427065923323,False,-0.00016104163957833474,-0.138776060349864,0.8911679373715399,0.8197180281971803,False
173,173_17Networks_LH_DefaultB_IPL_1,0.06386633683540317,0.045891081029433796,0.0833048614168916,9.999000099990002e-05,True,0.06395338496338382,0.009685056372299564,9.999000099990002e-05,6.603305391830064,16,6.071079262813423e-06,1.7575410585201983,0.09033507564375587,0.06479535505731192,0.014865073931876829,0.05566415928229578,0.03733527854334009,0.07426532725386259,0.000999900009999,True,0.05572175817606411,0.00985223756893097,0.000999900009999,5.655746502884042,16,3.578560070910849e-05,1.0312139783780208,0.08374032592207091,0.10157101384761322,0.023301988681827174,0.0804015232814201,0.06824598875572743,0.09344451004357905,9.999000099990002e-05,True,0.08057544770712592,0.00662620110895756,9.999000099990002e-05,12.160127104835507,16,1.697553678063116e-09,1.81708847207645,0.10948807001775732,0.08112951598338919,0.0186123874478927,-0.004888503869908446,-0.017392149089847816,0.00756692695442362,0.6936306369363063,False,-0.004888542811425142,0.00660379063910776,0.6936306369363063,-0.7402631425767964,16,0.46986457135413284,-0.11999508450819689,-0.004888542811425138,0.04073952555190878,0.009346288152029656,-0.008278582621945507,-1.9015799664018356,0.8343165683431657,-0.01629703738302856,0.00030813933586398796,False,-0.0012513771873829608,-1.2347721804331253,0.23279192448783176,0.11808819118088192,False,0.0003755433989710718,0.11733548202941424,0.47965203479652035,-0.005677456396048637,0.006590443487667818,False,0.0005443856091127463,0.585101242432272,0.5657430147477315,0.5566443355664433,False,0.043542229456188894,8.415013910466426,9.999000099990002e-05,0.033485343367072255,0.053272462994901536,True,-0.0020523590365358964,-3.078434705436815,0.006477613763814033,0.015598440155984402,True,-0.0020722491966760357,-0.515025313712992,0.5987401259874012,-0.009820623015442268,0.005478426722696084,False,-6.597594405348785e-05,-0.05220197808237796,0.9589427278959651,0.9403059694030597,False
174,174_17Networks_LH_DefaultB_IPL_2,0.15679378225826238,0.13330082502146695,0.18196605931417537,9.999000099990002e-05,True,0.15809796234918672,0.01265454906754148,9.999000099990002e-05,12.49336989452299,16,1.145187784731736e-09,1.9929076356509192,0.20785156877754077,0.13392887042161264,0.030725390094229633,0.17810584726260714,0.1427385412316144,0.21953748350882346,9.999000099990002e-05,True,0.1800257973666525,0.020287709692026503,9.999000099990002e-05,8.873638281476714,16,1.4096793846533103e-07,2.060804065900139,0.22909983474247145,0.1450228141752767,0.03327051534199521,0.10848108412760515,0.08123481801364188,0.1367481957284089,9.999000099990002e-05,True,0.10890965470886144,0.014597346294488549,9.999000099990002e-05,7.460921492969029,16,1.3543823462937546e-06,1.8909702471837877,0.14631604236262738,0.10502553800120436,0.02409451087569687,0.07456769797743555,0.044938515752285337,0.10415221640056833,0.0013998600139986002,True,0.074706368195099,0.015607919018820637,0.0013998600139986002,4.786440018366007,16,0.00020183208156329753,0.8402670777166478,0.07470636819509927,0.08890788438136489,0.02039686754222988,0.0013902536263865103,0.31418289524469356,0.44845515448455153,-0.006817691724845885,0.010064436459305387,False,-0.00040368175722298015,-0.3865293232775352,0.7036359428975479,0.6194380561943805,False,-0.005889296199578705,-2.6174966248982545,0.6854314568543146,-0.010024243252753777,-0.0014976613433655603,False,0.0007350473040870906,0.6397356303457378,0.5304034008837153,0.41605839416058393,False,0.041042402391800625,5.8470579166963725,9.999000099990002e-05,0.02757694674277726,0.05407835525433726,True,0.00021141886022237196,0.16821968830664305,0.8682861746286391,0.8334166583341666,False,0.007386192318773977,1.7586086364034088,0.2572742725727427,-0.0005694206496751174,0.0153476075683864,False,0.0012326658489960611,0.9213849270496928,0.3690346459471718,0.17628237176282371,False
175,175_17Networks_LH_DefaultB_PFCd_1,0.11037401630705178,0.09212174261545417,0.12960300518656687,9.999000099990002e-05,True,0.11082552891060143,0.009877297495010378,9.999000099990002e-05,11.220227898024348,16,5.4115001032234734e-09,2.3264945349292057,0.14983495678617462,0.08272095859324216,0.018977489422145,0.08285476372912291,0.06979811139994142,0.09661135870285456,9.999000099990002e-05,True,0.0830451454023094,0.007042304136955497,9.999000099990002e-05,11.792325890402566,16,2.6484679234055385e-09,1.5817253823480786,0.11439284999208463,0.09495072596744135,0.02178319047936316,0.1900507919710559,0.17354771997707735,0.2160280448068602,9.999000099990002e-05,True,0.19238986398003122,0.011419816346556222,9.999000099990002e-05,16.84701908871315,16,1.323450576876306e-11,3.8209740211004233,0.23434435644249496,0.07796341690513038,0.017886034504347045,0.028557282229090545,0.005910294139225539,0.05275330069419102,0.025597440255974404,True,0.028565049025893133,0.012394468130151952,0.025597440255974404,2.304661138012296,16,0.03492390207428882,0.476019408917599,0.028565049025893158,0.060008160362297024,0.013766816147738725,0.01027244629850112,2.7264032675378354,0.10848915108489152,0.002859327264122513,0.017262971584858604,False,-1.5070700482577707e-05,-0.017793659796661095,0.9859992152690767,0.9841015898410159,False,0.007243223113368075,1.5607452451197887,0.141985801419858,-0.0008866824287179789,0.016573160469104186,False,-0.00025059818657492797,-0.339026413717377,0.7385129353870695,0.7449255074492551,False,0.01979016213136778,4.857727460633795,0.0051994800519948,0.01195645712667543,0.027472176016734146,True,-0.0007886627007681841,-0.9980324708305961,0.3314921647847124,0.2226777322267773,False,0.008220974865615375,2.2455090693924826,0.16108389161083891,0.0012175993638419106,0.01517364354065146,False,0.00028180018899213294,0.31900024389840576,0.7533984823054054,0.6797320267973203,False
176,176_17Networks_LH_DefaultB_PFCd_2,0.04671468517297052,0.03314802093651879,0.061070396990652434,0.0032996700329967,True,0.0467487109604859,0.007463483906505144,0.0032996700329967,6.263658037734882,16,1.130649599204048e-05,0.9749937514576814,0.06896553255737232,0.09467995931755584,0.021721072349672004,0.028214613411290203,0.008723586320143611,0.04667310887090054,0.027597240275972403,True,0.028222103872542,0.009880431685450993,0.027597240275972403,2.8563634435223357,16,0.011429443399038864,0.5967406638187622,0.044170309648900764,0.09403344658731494,0.021572752157207126,0.0757205011542123,0.056256129278356506,0.09807532534533817,0.00019998000199980003,True,0.07586571792878034,0.011010435461299125,0.00019998000199980003,6.8903467256533855,16,3.6339753112664844e-06,1.293160659721018,0.10578602929474111,0.10846198750423172,0.024882886460343017,-0.016164166028821602,-0.0319976409941442,-0.0004773891181800221,0.9334066593340666,False,-0.016165574042079096,0.008307041652799926,0.9334066593340666,-1.9460085452479245,16,0.06943574508687235,-0.35338597192954796,-0.016165574042079026,0.04574480971559876,0.010494579091673293,0.009376727168717696,1.7226994353162206,0.10938906109389061,-0.0007945299225361863,0.019854748353907752,False,-0.0015513992257478524,-1.2917381582726521,0.21278848346342427,0.11918808119188082,False,0.004320457155669367,0.5953481094149777,0.27407259274072593,-0.00930288003411934,0.018555586988789438,False,0.00034536765514856795,0.28105836225536307,0.7818708807415089,0.7152284771522848,False,0.017623721759231974,3.9975676878801254,0.010698930106989302,0.009146844114121927,0.025832007906376204,True,-0.0021899175587699465,-1.5609530372575233,0.13594420498504223,0.0103989601039896,True,0.006075157689211007,1.2519019556547457,0.2156784321567843,-0.003302539961374568,0.015050265602622692,False,-0.00041059773846877334,-0.3908896722217442,0.7004667831426732,0.7035296470352965,False
177,177_17Networks_LH_DefaultB_PFCd_3,0.037135108686820316,0.01667645953190114,0.05949525689422365,0.0004999500049995,True,0.03715219279796921,0.01130216589199964,0.0004999500049995,3.2871746135196784,16,0.004643053949116295,1.239907766514442,0.055110132455399134,0.058444670737760836,0.013408127028126748,0.01905813315165927,0.0016241234202383876,0.03776274941905314,0.025697430256974303,True,0.019060441038308406,0.009474754018006454,0.025697430256974303,2.011708272540339,16,0.06140550531101559,0.7357654424270863,0.025712308841973848,0.05388981004229256,0.012363170318997717,0.060730219859198596,0.04342889623504956,0.07841261885782276,9.999000099990002e-05,True,0.06080504642706469,0.00936006184779184,9.999000099990002e-05,6.49622271902075,16,7.373416229771651e-06,1.5650329943302832,0.08460909531890286,0.07219389238971888,0.01656241480355972,-0.006356636053987464,-0.019948720884285415,0.00804837762557471,0.7122287771222878,False,-0.0063567216732169215,0.007387088484735388,0.7122287771222878,-0.8605178733613916,16,0.40221471308571977,-0.12963541499123765,-0.006356721673216951,0.049035378747748715,0.011249487401035718,0.008978956065361839,1.886806954468675,0.10968903109689031,-0.00048694709760570466,0.017549115568278855,False,-0.0005426565921716987,-0.5571046034937905,0.5843175559475121,0.6024397560243976,False,0.002238132643747938,0.5846642081013489,0.3524647535246475,-0.005197567635219682,0.009423544884003671,False,-0.0007631249487473886,-0.9604490993191127,0.34955433360181604,0.37346265373462656,False,0.016564045408596434,4.376611248758879,0.0065993400659934,0.009539157534447512,0.02390902657429017,True,-7.106181764839253e-05,-0.07788005282438454,0.9387826739649868,0.9279072092790721,False,-0.0010808782271938746,-0.16113592020784695,0.5634436556344365,-0.01376745480421385,0.011830103234428702,False,8.021128583803436e-05,0.08238425753125053,0.9352503747704168,0.9426057394260574,False
178,178_17Networks_LH_DefaultB_PFCd_4,0.025656409764493925,0.005330631968093407,0.04637613045029341,0.004299570042995701,True,0.02566204144445511,0.010832656259806846,0.004299570042995701,2.3689518829902094,16,0.030759169471984933,0.9598910295068517,0.03663536062726152,0.05341838453538286,0.012255017890364726,0.00021570719634889768,-0.022321975112117046,0.02329465354932823,0.5358464153584641,False,0.00021570719969448725,0.011920221378599152,0.5358464153584641,0.018095905507405745,16,0.9857860840095842,0.006358999229341625,-0.0017490918915409076,0.06774037196795692,0.015540707147693665,0.06919010904513041,0.05068234545757151,0.08875181021254609,0.00029997000299970003,True,0.06930083787815525,0.010078688333625328,0.00029997000299970003,6.875977863800811,16,3.727546259232424e-06,1.4111912940618727,0.09643848257071172,0.08775631340944857,0.020132679042603664,0.008440084220783328,-0.013138788104214283,0.030090613177027367,0.11848815118488151,False,0.008440284639210227,0.011299905449602243,0.11848815118488151,0.7469340939934436,16,0.46593877757274327,0.28807934810622565,0.00844028463921021,0.02929847173945276,0.006721530395392469,0.01961867142797183,3.411021382012971,0.0029997000299970002,0.008673550018805536,0.0306008527195285,True,-0.001178982478712341,-0.9958250648409339,0.3325346144298561,0.24927507249275072,False,-0.013412964400086949,-2.3199559136686836,0.9685031496850315,-0.02529321204601145,-0.0031354721482542793,False,-0.0028159085787110107,-2.2425576552479054,0.0377550683126881,0.009099090090990901,True,0.023543475844371508,4.156952009072148,0.0004999500049995,0.012610272286552347,0.034468138226325946,True,0.0012142979332182293,1.671113632766625,0.11199405129032924,0.19388061193880612,False,0.0021206616587952083,0.4412946441135804,0.38976102389761025,-0.007060304580028716,0.011179266303966246,False,-0.0007892151662846902,-0.7095675210740067,0.4870630902597197,0.46585341465853414,False
179,179_17Networks_LH_DefaultB_PFCd_5,0.045580793963915164,0.026313826965266705,0.06599763636760618,0.0004999500049995,True,0.04561239972447832,0.010467455832353475,0.0004999500049995,4.357544035055456,16,0.0004884907988473717,1.282117493729273,0.06560555513712635,0.06809175527387594,0.015621320006690942,0.01924935906029735,0.005019808627531679,0.03429878757711669,0.038896110388961104,True,0.019251737127559423,0.007741604845173632,0.038896110388961104,2.4867889168434614,16,0.024311459018477144,0.6008057586437889,0.028221905961026132,0.06661311678659984,0.015282097073003239,0.03063904018316863,0.015795159745198857,0.04512601682353678,0.016698330166983303,True,0.030648633061265997,0.007632127314394422,0.016698330166983303,4.015739229541121,16,0.0009984398982992792,0.7023977242661307,0.04371419578144957,0.08370115991161564,0.019202363026940544,0.0035836389220211874,-0.007231488926853469,0.014865231413741277,0.3678632136786321,False,0.003583654263062033,0.005911967084163921,0.3678632136786321,0.6061695222663503,16,0.5529057600776045,0.07830844726855637,0.0035836542630620595,0.04576331657773781,0.010498824857032563,0.00827895158595916,1.9688093661144699,0.12438756124387561,0.0002618691456226812,0.016284546258882215,False,-0.00032010352445958565,-0.2850849304185252,0.7788333530444235,0.7487251274872513,False,-0.0020448083744932706,-0.3773401380657864,0.6298370162983702,-0.012406177463627686,0.008014714137828836,False,-0.0011188368689343984,-1.3175904065755366,0.2041660722801145,0.24167583241675833,False,0.009884328941677883,1.5151041503399136,0.062993700629937,-0.0020790006358270448,0.022303166019139026,False,0.001391908536899674,1.4647068527646787,0.16024903068330096,0.1541845815418458,False,0.0009527427511947099,0.19369462741873547,0.44935506449355067,-0.00818639167506246,0.010498017292114512,False,-0.002540502718448709,-2.3052519589076828,0.033272454938219655,0.0028997100289971,True
180,180_17Networks_LH_DefaultB_PFCd_6,0.025675591907509825,0.006409693557074286,0.04910315786131314,0.0023997600239976003,True,0.025681236231914973,0.011539206591956402,0.0023997600239976003,2.225563432568797,16,0.04077042213682175,1.1203194694553111,0.03599305881135186,0.047319060853612274,0.01085573707179723,0.02571998464950814,0.008097468839258907,0.042448041232118865,0.0035996400359964,True,0.02572565830920864,0.00906034495235192,0.0035996400359964,2.8393685278539715,16,0.011838505168946448,0.924412579236947,0.04020899392370584,0.05785494768464272,0.013272835281115267,0.12207386997242001,0.09996213222186878,0.14593666345877396,9.999000099990002e-05,True,0.12268573297491596,0.012159127744936663,9.999000099990002e-05,10.09001102287169,16,2.4245193605607274e-08,2.5061621874544757,0.1619304548840743,0.08052599341430798,0.018473929874799486,0.0036153845125001974,-0.020146129836397485,0.026923819177575383,0.255974402559744,False,0.0036154002648602925,0.012269341205921864,0.255974402559744,0.2946694695486419,16,0.7720353161171505,0.1508467870667641,0.0036154002648602994,0.023967366724623258,0.005498491026074326,0.025847943109284878,4.931318504719216,0.00029997000299970003,0.016016225546770905,0.03596266271832774,True,0.0011931574589910058,1.414160784246552,0.1743787529659659,0.2221777822217778,False,0.01161814170260323,2.847735842689471,0.035096490350964904,0.003517415653433408,0.019360734361626487,True,0.0008766893749333698,0.8441967602625473,0.4096395186756098,0.33156684331566844,False,0.025085048620641773,6.6277939673023205,0.0012998700129987,0.017950592669187703,0.03234528972249282,True,-0.0001312321004151811,-0.14104862462797185,0.889398061161996,0.8625137486251375,False,0.00816324829334578,1.2910367377247502,0.09429057094290572,-0.004095226771840951,0.02010852069777074,False,0.00016353292136442343,0.2322854104793908,0.8189368674378792,0.8660133986601339,False
181,181_17Networks_LH_DefaultB_PFCl_1,0.016756775429741157,-0.002434290917737855,0.03702915982237094,0.21677832216778323,False,0.016758344069683115,0.010387421523264842,0.21677832216778323,1.6133305105746627,16,0.12621923464904727,0.2626956507404685,0.024725082204703947,0.13285253716978876,0.03047846231137317,0.011920763220892314,-0.00525035234096554,0.02903839582597072,0.1852814718528147,False,0.011921327934121689,0.009222102885513596,0.1852814718528147,1.2926908409196056,16,0.2144744563721519,0.271636962474415,0.01881023656256409,0.08866931749125462,0.020342136544058014,0.07386968044169134,0.054412231362249104,0.09245655662989384,0.00019998000199980003,True,0.07400448436362231,0.010128811992705846,0.00019998000199980003,7.306334090998611,16,1.7619795071497534e-06,1.4278454960576956,0.09887119755388678,0.09020979086360999,0.020695545373284982,-0.005209189112490086,-0.019733320665798568,0.008853858339378896,0.6776322367763223,False,-0.005209236231503532,0.007525986965012285,0.6776322367763223,-0.6921665232375313,16,0.4987555751524691,-0.10818218692630478,-0.005209236231503504,0.04815243969002159,0.011046927289144267,-0.01033747144230918,-2.0237235323778564,0.9084091590840916,-0.01918493515158726,0.00018219908525449852,False,0.00041581711803952457,0.32108976615888835,0.7518405558380662,0.6524347565243476,False,-0.012883940246270412,-2.1041776093461726,0.9659034096590341,-0.024682553882275783,-0.0013978140890512994,False,0.00044257785091150146,0.3585850122688906,0.724076846191059,0.6547345265473453,False,0.031814546500853115,5.668021547142971,9.999000099990002e-05,0.021098223589522964,0.042656535379043355,True,-0.0001516545434828899,-0.14863875352355455,0.8834912459042452,0.8651134886511349,False,0.010827797675987669,2.873225061788899,0.07629237076292371,0.004043966130135587,0.01838130687405232,False,-0.0006937395270717146,-0.6084059722974501,0.5505192927526183,0.46335366463353667,False
182,182_17Networks_LH_DefaultB_PFCl_2,0.04064898866601724,0.021230255970400493,0.061208970301939634,0.03569643035696431,True,0.040671399542218066,0.010563864300260625,0.03569643035696431,3.8500494124308893,16,0.0014151770987130767,0.5944875477578402,0.06005545801023594,0.1338910019769828,0.030716702477214343,0.05626720626649738,0.034285965120495254,0.07867318657408856,0.0045995400459954,True,0.056326699951839,0.011655637131984075,0.0045995400459954,4.8325715114511985,16,0.00018372341513584104,0.8230752893947727,0.0848388720237447,0.12702908831696186,0.029142471519144206,0.07267230529277793,0.05138069732255638,0.09483285582596376,0.00019998000199980003,True,0.07280064609542532,0.011516963777532271,0.00019998000199980003,6.32116654195332,16,1.0165267877695097e-05,1.7258316393236222,0.09866801341102563,0.06974420260233469,0.016000417423231755,-0.02943691440506387,-0.04598626219023656,-0.011438016842629219,0.9908009199080092,False,-0.02944542150392028,0.009079851110418435,0.9908009199080092,-3.2429410070539486,16,0.005096144582277908,-0.6089019241163904,-0.029445421503920318,0.04835823362957848,0.011094139656813825,0.0006980353118751356,0.1616449330952253,0.46715328467153283,-0.007580533430883995,0.00872933984372222,False,9.078211323874889e-05,0.060603855225537205,0.9523425271203894,0.9251074892510749,False,0.00011980200997263931,0.024262534000573786,0.4864513548645136,-0.009349476188463882,0.009330146093540404,False,-0.0001830307933361754,-0.21107005156279784,0.8352037852348133,0.8377162283771623,False,0.026054123554667116,6.104881349522073,0.0006999300069993001,0.01788663362975033,0.03414409889273874,True,0.0008418547632899953,0.751593774380046,0.46201025522303985,0.3428657134286571,False,0.007935839008102163,1.6368671699068578,0.1406859314068593,-0.0018529108582600248,0.016574787789624772,False,0.0019132553268300892,1.4631246226954366,0.16067667255712248,0.04739526047395261,False
183,183_17Networks_LH_DefaultB_PFCv_1,0.012307090643938721,-0.003237713336326979,0.028302775056596983,0.14858514148585142,False,0.012307712062775478,0.008225450301259417,0.14858514148585142,1.4962964472463005,16,0.15404085631261394,0.3998635175173057,0.015953036774082857,0.06486712973956393,0.014881540173279001,0.03833339874010104,0.025546164442533468,0.05195027272234761,0.0052994700529947,True,0.038352191642697715,0.006989328089733733,0.0052994700529947,5.487250154851263,16,4.9679111629080216e-05,0.9052284157452817,0.05488687789603417,0.08399552513412024,0.01926989504048741,0.047824312413235565,0.033100548038697115,0.0631568588370081,9.999000099990002e-05,True,0.047860823225662444,0.007956875483675697,9.999000099990002e-05,6.015027296060316,16,1.800375329824846e-05,1.7765371733972728,0.06623244236325443,0.04951171069732417,0.011358765444813568,0.004823134929615124,-0.004924643175961334,0.014255017722393532,0.11948805119488051,False,0.004823172329739126,0.005036356730512551,0.11948805119488051,0.9576709093138984,16,0.3524769273551233,0.2893774546787579,0.004823172329739114,0.016667408783083672,0.0038237658176917873,-0.007873532667044618,-2.1632764528669135,0.932006799320068,-0.014900751274276975,-0.0011127052864446495,False,0.00044126370340735613,0.4864459671452259,0.6325208415558915,0.5682431756824318,False,-0.0002444452038594066,-0.06212894109668674,0.5164483551644835,-0.007755739268720043,0.007132546196607198,False,-0.0009677136593100012,-1.64087439894048,0.11818067802781274,0.10888911108889111,False,0.017712456831100537,4.414862295483825,0.0005999400059994001,0.010023738334260533,0.025346479690420302,True,-3.674985871139526e-05,-0.05479775775119225,0.9569032313240395,0.9623037696230377,False,0.011935948399259672,3.698590713048516,0.0131986801319868,0.005896871537908911,0.018261136862046088,True,0.0003650361664261946,0.4591306835593708,0.6516363920937532,0.6388361163883611,False
184,184_17Networks_LH_DefaultB_PFCv_2,0.031220526703885983,0.006637355184651118,0.05575196227671879,0.022297770222977704,True,0.03123067641109245,0.013000583279005216,0.022297770222977704,2.402251940613097,16,0.028789953679924263,0.7098427567915924,0.04256747034415918,0.08368425575768415,0.019198484948060892,0.055820300913932135,0.03333270319316451,0.07719996296585142,0.0030996900309969004,True,0.05587838648290504,0.011546095781861658,0.0030996900309969004,4.839591454861063,16,0.00018111754819852383,0.971000792132105,0.08097609574136296,0.11476255496188228,0.0263283357674409,0.07847752334568132,0.055624317485365234,0.10420583868696745,9.999000099990002e-05,True,0.07863922837992691,0.012767814750452838,9.999000099990002e-05,6.159176798609004,16,1.3733558217350501e-05,2.5073895767729244,0.1062119292470153,0.05468430974629456,0.01254544105165128,-0.004796482532152162,-0.020861670138838495,0.011115747822530822,0.7651234876512348,False,-0.004796519315676828,0.008360210373256233,0.7651234876512348,-0.5737318920849864,16,0.574126327567573,-0.163896805933665,-0.004796519315676769,0.029265483780191264,0.0067139624385096006,0.00030289538868107893,0.03883911872503063,0.49065093490650935,-0.015263074970062676,0.014551297961889031,False,-0.0016862821056886075,-1.59285773299262,0.12860057049556334,0.0993900609939006,False,0.0016162195984309128,0.24864332705729272,0.4316568343165683,-0.0106341538602427,0.014024161228883586,False,-0.0010973378167939642,-0.9041808550094762,0.3778422509313852,0.2646735326467353,False,0.020032231904792735,5.280616335062502,0.0036996300369963003,0.012785506875382711,0.0272569189200092,True,-0.0022503765898971542,-2.4181973633416987,0.026420177156551795,0.025597440255974404,True,0.005752390082736948,1.1309145700464556,0.23637636236376364,-0.00410641553046872,0.015165697523198232,False,-0.0013305269005495623,-0.8774797403022847,0.39178787296534734,0.1887811218878112,False
185,185_17Networks_LH_DefaultB_PFCv_3,0.025865670608950866,0.012784321037556225,0.03827221781607149,0.035096490350964904,True,0.025871441253923277,0.006821787644930165,0.035096490350964904,3.7924723841485286,16,0.0015979108930701152,0.5763932489343978,0.03909337280279346,0.08834702423986573,0.020268197401269106,0.04765132224833345,0.02748096755776679,0.06937542668054064,0.0016998300169983002,True,0.04768743793271799,0.01114897062327706,0.0016998300169983002,4.277295146258179,16,0.0005773537936031487,1.0860021624604503,0.07001670322447553,0.08465148124707408,0.019420381693527597,0.09951915829794934,0.08855602005588316,0.11102990323761597,9.999000099990002e-05,True,0.09984967259312437,0.005933754034318386,9.999000099990002e-05,16.827403363138252,16,1.3470835874893345e-11,2.425783580303798,0.13296117126540422,0.07535669357651627,0.017288011158915526,0.011979874793949836,-0.010224871614004288,0.03629732391649419,0.0410958904109589,True,0.011980447950133276,0.012337494254195053,0.0410958904109589,0.9710600631939201,16,0.34597042758145613,0.4195100392387602,0.011980447950133269,0.028558191293521627,0.006551698413619151,0.002329721197470635,0.4030073464095956,0.36146385361463856,-0.00833964754273352,0.013504896568586635,False,-0.00038427706222204813,-0.3312062374517383,0.744313439188807,0.6807319268073193,False,0.011698698097986687,2.7923272040339113,0.053594640535946404,0.0029194791321786977,0.018652251122995282,False,-1.6768631634526386e-05,-0.01567209571368573,0.9876683952885923,0.9845015498450155,False,0.01742402269383307,2.963787488972023,0.0105989401059894,0.005816899542560412,0.028244206147717783,True,-0.000587619957180382,-0.7494112782720318,0.4632918168712754,0.4968503149685031,False,0.01277728343789431,2.4472706037665226,0.0380961903809619,0.003102928070869625,0.022950568510262136,True,-0.00013748231768339323,-0.15554134788764132,0.8781255730518843,0.8834116588341165,False
186,186_17Networks_LH_DefaultB_PFCv_4,0.016586561010189453,0.005851933321940021,0.027966609615814014,0.06269373062693731,False,0.01658808232640115,0.005865973389128139,0.06269373062693731,2.8278482062576558,16,0.012123834912792484,0.5080790303001489,0.02528520423860852,0.06825664680836518,0.015659148719084835,0.01327855893476622,0.0011261672865095326,0.025548063344668498,0.18988101189881013,False,0.013279339443073763,0.006441619573443365,0.18988101189881013,2.0614907930639097,16,0.0558918190271723,0.2859054386500491,0.019379983219679493,0.09449360897266541,0.021678320648541933,0.11816189034943302,0.10130417915204254,0.1371882970287875,9.999000099990002e-05,True,0.11871647837702246,0.009481929308302852,9.999000099990002e-05,12.520287223937476,16,1.1097700983665536e-09,3.1230879428342195,0.15421420088974977,0.06682656604189066,0.015331065690549907,-0.0028922174911638404,-0.025346499246483856,0.019506190539204205,0.6698330166983302,False,-0.0028922255555955713,0.011840329739908437,0.6698330166983302,-0.24426900425308096,16,0.8101272711301214,-0.10324699253035045,-0.002892225555595568,0.028012685742351055,0.006426550857266889,0.008845844525841803,1.9210997931500102,0.0852914708529147,-9.918935503972394e-05,0.017296491000038012,False,0.00034264049466947136,0.3317572554382715,0.7439042087958854,0.7364263573642635,False,-0.007420657965622457,-1.6387819774356283,0.9074092590740926,-0.016105749414323505,0.0008357336590322831,False,-0.00041702150336581914,-0.3942132150772838,0.6980549787197635,0.6106389361063893,False,0.023536859846085924,6.101387061231646,0.0026997300269973002,0.016137783031878815,0.030741491849391095,True,0.0002654002930866801,0.30171972440940903,0.7663238689065294,0.7371262873712628,False,-0.00545778118225192,-0.9249602829007368,0.7927207279272073,-0.017062173685158548,0.005191874041162917,False,-0.0014767816267019698,-1.1169555941972849,0.2787014425850022,0.12428757124287572,False
187,187_17Networks_LH_DefaultB_PFCv_5,0.07325542411347456,0.05149989314495916,0.09448763453056154,0.00039996000399960006,True,0.07338688591298564,0.01128456922494352,0.00039996000399960006,6.503295292014387,16,7.279022658225712e-06,1.3665902523530435,0.10496830728053212,0.09723518029230556,0.02230728024479566,0.050585719965369244,0.03050924367389804,0.06948300933357042,0.0096990300969903,True,0.05062893452117965,0.010328342569778362,0.0096990300969903,4.901941834242055,16,0.0001595726431755996,0.7914255869153222,0.07508227787099397,0.12527825190372893,0.02874080209851507,0.108516876748771,0.0895172340869589,0.12744257130858647,9.999000099990002e-05,True,0.10894587370104888,0.009915184885381434,9.999000099990002e-05,10.987780355127265,16,7.294430013093526e-09,2.3304960021907624,0.14192128024322861,0.07702412867587621,0.01767054700591672,-0.012571547383950337,-0.037032451587734376,0.0120334277881341,0.8662133786621338,False,-0.012572209731814802,0.013114328033196008,0.8662133786621338,-0.9586621365571341,16,0.3519923457925221,-0.2667089550321447,-0.012572209731814811,0.04713831123630458,0.010814270265695763,0.00944494138866186,2.2820810387064294,0.14528547145285473,0.0014944637527174256,0.017182060593216728,False,-0.001234545692269304,-1.353171968170573,0.1927525776789258,0.0715928407159284,False,-0.00757622193855467,-2.446347177821809,0.8169183081691831,-0.013633197208518034,-0.0017426254203488807,False,-0.0004823669004425219,-0.40608967789130707,0.6894637165889578,0.5492450754924507,False,0.05500304068291426,10.314025505287843,9.999000099990002e-05,0.0445593966840228,0.06495900736144049,True,0.00031373010737612234,0.44792636577484196,0.659550760385042,0.7446255374462554,False,0.010036673737500468,2.350222183406491,0.1444855514448555,0.001847644795609593,0.017971976265343987,False,-0.0026981200978746624,-3.514461133419161,0.002475924906738176,0.00029997000299970003,True
188,188_17Networks_LH_DefaultC_IPL_1,0.03229922622025043,0.017427406883884212,0.04761828467262825,0.008099190080991902,True,0.03231046520447381,0.007994070854684598,0.008099190080991902,4.04180370574769,16,0.0009452344707071369,0.7727187466403195,0.048775390364680406,0.08131101804664828,0.018654026876934304,0.03852284317912284,0.019148651845936646,0.05779038542774902,0.0018998100189981002,True,0.03854191625250725,0.010393710299646095,0.0018998100189981002,3.708196124517689,16,0.0019090364520270664,1.0758806332350137,0.057650505299275116,0.0677816376721427,0.01555017414950313,0.0946218984572949,0.0646352059473953,0.12451869081844345,9.999000099990002e-05,True,0.09490581809989278,0.015847188404732,9.999000099990002e-05,5.988811117532605,16,1.891814859952708e-05,1.8115628028259823,0.12604581440331888,0.09087375185479384,0.02084786847133885,-0.017153345256523754,-0.03653432828073847,0.003778428433724819,0.8849115088491151,False,-0.017155027937997103,0.010567240880815537,0.8849115088491151,-1.6234160015356018,16,0.12403538289357066,-0.2822859008096442,-0.017155027937997072,0.06077181994847616,0.013942011672129303,-0.005060808812333335,-0.5690295269521515,0.7494250574942506,-0.022091795733685866,0.011654052228937046,False,-0.0010717386900631594,-1.3289691731659952,0.20045938137933556,0.394960503949605,False,0.0046593808393423615,0.8726003404555427,0.275972402759724,-0.005591845320495401,0.014999257111966341,False,0.0002966706691734946,0.27861512888966183,0.7837157511794749,0.8029197080291971,False,0.06259557859944001,7.8171127398877065,9.999000099990002e-05,0.04768055731329884,0.07782422403128501,True,-0.003224602743739523,-3.291794495366593,0.004054064134761246,0.0028997100289971,True,0.01036232389619525,1.1381182168974313,0.09479052094790522,-0.007271797586615496,0.027510848343706065,False,-0.005815692395337598,-5.031365152813872,8.675248294667478e-05,9.999000099990002e-05,True
189,189_17Networks_LH_DefaultC_Rsp_1,-0.0014004197949756118,-0.018938102836942246,0.01642762296061224,0.6499350064993501,False,-0.0014004207104664006,0.009400249828850389,0.6499350064993501,-0.14897696720446288,16,0.8834333661800073,-0.04807048056332056,-0.006261022729910091,0.06574643598981816,0.015083266861978046,-0.008952069734196662,-0.023459378562131497,0.006873309603872093,0.9325067493250675,False,-0.008952308883983542,0.007862511581665446,0.9325067493250675,-1.1386067659168084,16,0.2716290436108893,-0.37364964835571235,-0.01972737633392412,0.05462349497017024,0.012531489185156543,0.046738226713270145,0.024801598158349387,0.07250920772725836,0.00019998000199980003,True,0.04677230401295342,0.012507807977740095,0.00019998000199980003,3.739448518572814,16,0.0017871290644876422,1.2792085761678023,0.06548908029191029,0.07072540778065593,0.016225521329293918,0.005278582797065901,-0.00854277163452175,0.019321892359207834,0.20077992200779923,False,0.005278631824370799,0.007194393231734335,0.20077992200779923,0.7337146656213968,16,0.47373771058331476,0.1915081400605749,0.005278631824370783,0.027563485409555662,0.006323497233263734,-0.007821966790980796,-1.1491200642994601,0.8626137386261374,-0.020878361083255734,0.00554694937974281,False,-5.1165217055976866e-05,-0.04940522658826432,0.9611404534726656,0.960903909609039,False,-0.006153681281891817,-1.0493345419182325,0.8309169083091691,-0.017297809184259893,0.005397615186323155,False,0.0005004107863674707,0.39233835883844287,0.6994151059462245,0.6583341665833417,False,0.02726928992869555,3.980888718164295,0.00019998000199980003,0.015066383308424386,0.04058041719759707,True,-0.002229145083098912,-2.306465478553341,0.03319076673538518,0.043695630436956304,True,0.005917349470154626,1.2092869208422365,0.20727927207279273,-0.003013891759439095,0.01563889589313593,False,-0.000528088334072613,-0.3600241791773322,0.7230187212804827,0.6337366263373663,False
190,190_17Networks_LH_DefaultC_Rsp_2,0.014107789305693858,-0.0012722852581025345,0.03409645499805746,0.07129287071292871,False,0.014108725373927156,0.009437553916774047,0.07129287071292871,1.4949557372965787,16,0.15438713855057035,0.45458650385731314,0.022738137379970977,0.06460227159558417,0.014820777547806288,-0.0038613519964510183,-0.01706907378128686,0.00964199764661371,0.5593440655934406,False,-0.0038613711875926326,0.006958409876260877,0.5593440655934406,-0.5549214915847345,16,0.5866231127922519,-0.13803042202371327,-0.0018799574588449688,0.06266426973371497,0.014376169428423052,0.08893513844254869,0.06772335539847218,0.1121322118122122,9.999000099990002e-05,True,0.0891707337889338,0.011567491669858664,9.999000099990002e-05,7.708735509296744,16,8.941973187071105e-07,2.158417222608983,0.12179241517511864,0.07070420847411223,0.016220657874825645,0.009365925787531279,-0.0051421443429456,0.024287834932213856,0.044295570442955706,True,0.009366199663382771,0.007800739582042438,0.044295570442955706,1.200680982216619,16,0.24734975275474233,0.4104659248157769,0.009366199663382771,0.022818458481264823,0.005234913398274313,0.005072755078753338,0.7939114841413476,0.22457754224577542,-0.006948621743999573,0.01741117078071577,False,2.02176607468761e-05,0.021346512693017367,0.9832040950865313,0.9839016098390161,False,-0.004259352453811041,-0.6893979380009331,0.748025197480252,-0.0158084346064691,0.0074589774751737175,False,-0.00010042742453851622,-0.09210645152387943,0.9276308225343697,0.9253074692530747,False,0.05891148092873175,7.266998476225558,9.999000099990002e-05,0.043948919990953975,0.07483854755573983,True,-0.0008691733592726272,-0.6429274619772563,0.5283769491712458,0.45635436456354367,False,0.012444758038891673,2.610651196470482,0.039696030396960305,0.0037125837973785844,0.022017859012958826,True,-0.001787343785964693,-2.381580078842066,0.028482312584997012,0.08289171082891711,False
191,191_17Networks_LH_DefaultC_Rsp_3,0.034701359924581815,0.015129244172303642,0.05588323320448033,0.0008999100089991,True,0.03471529894225951,0.010722321362600427,0.0008999100089991,3.2376663381258877,16,0.005153009712769418,1.1134224808337065,0.04974976293462419,0.06268168202874863,0.014380164082866569,0.02172008368755522,0.0015752620430904809,0.040071265585848975,0.0096990300969903,True,0.02172350022497942,0.010225391728540964,0.0096990300969903,2.124466309133674,16,0.04956481755088727,0.7377240303737493,0.03331142604438635,0.05898507855395804,0.013532105083869017,0.13404477934847764,0.10287998947504014,0.16873625572801282,9.999000099990002e-05,True,0.13485638624938234,0.017245851558170322,9.999000099990002e-05,7.819642062585966,16,7.445004510512009e-07,2.279777195008693,0.17065795130028133,0.09524821724786744,0.02185143965978221,0.013432088978204975,-0.011061667664508435,0.03682348583872009,0.039696030396960305,True,0.013432896876036448,0.012811251873697216,0.039696030396960305,1.04852336121933,16,0.30997869497691116,0.42584700376537676,0.01343289687603648,0.03154395066129758,0.0072366785901383755,0.01116723241554111,2.5500902753136963,0.05679432056794321,0.0033732597006456764,0.019788718590764403,False,-0.001872510589068352,-2.0181176214821934,0.0587355575254291,0.049295070492950704,True,0.0074341738092986,2.223678014591587,0.12858714128587143,0.0012918574175774637,0.013753083674537177,False,0.0004330167601900953,0.4830438512674786,0.6348875747155416,0.6386361363863614,False,0.0719199062716451,8.16593088712362,9.999000099990002e-05,0.05491348251264818,0.08855172449611727,True,-0.0024000533754192344,-1.839091555477908,0.08245773547154545,0.03949605039496051,True,0.010239414623271026,1.6296922459423029,0.09199080091990801,-0.0025710727088914765,0.021692182463370336,False,-0.003488057599169632,-3.5728030260643444,0.0021748485599319073,0.0006999300069993001,True
192,192_17Networks_LH_DefaultC_PHC_1,0.008517726535148255,-0.006561522470863248,0.023408276487352917,0.19978002199780023,False,0.008517932535864057,0.007885402961889495,0.19978002199780023,1.0802152505118137,16,0.2960608304065045,0.42308866995519806,0.009229650156155154,0.044694285753254376,0.010253572365903445,0.0197364191658708,0.007948427244843402,0.031056401229395836,0.013498650134986502,True,0.019738982382687658,0.006182083206818593,0.013498650134986502,3.1929337930806785,16,0.005661142925120871,0.6698704110494621,0.03341840765623434,0.06335988039860128,0.014535753459596134,0.019672973739971972,0.005156832552409172,0.03462836047655806,0.0033996600339966003,True,0.019675512312922215,0.007928646303027198,0.0033996600339966003,2.4815727125335383,16,0.02456751450253096,0.9014826335628907,0.031427909479091694,0.04401870629028085,0.010098583807617495,0.0002011266617543087,-0.008392857068074982,0.008747805302519287,0.47395260473952605,False,0.00020112666446629626,0.004493459271791494,0.47395260473952605,0.04475987258389185,16,0.9648525842027134,0.014218710781477045,0.0002011266644663022,0.014145211022106738,0.003245133967390576,0.007700528210464738,1.8107586841830536,0.059394060593940604,-0.0006688980023418037,0.015128724942495767,False,0.00048497359986096757,0.7227913583215331,0.4790951512468386,0.5656434356564344,False,0.013148477908177235,2.127388149933346,0.0065993400659934,0.002239844142705588,0.02566942574072891,True,-0.0002641286436238025,-0.2630044911513278,0.7955339686623598,0.801019898010199,False,0.01210487280792795,2.7497677323870424,0.011998800119988001,0.004103743612925616,0.020863430592304888,True,0.00013459612423418165,0.1360735904185939,0.8932733901518353,0.8797120287971203,False,0.0021755405303081495,0.727614733985539,0.3331666833316668,-0.003423304394727388,0.008067434291028255,False,0.00015530031679972592,0.18087053720151255,0.8584901296109908,0.8645135486451355,False
193,193_17Networks_LH_DefaultC_PHC_2,0.007787655916367348,-0.006571485875564793,0.021650047745597107,0.1197880211978802,False,0.007787813356270258,0.007505099035414785,0.1197880211978802,1.0376696322755254,16,0.3148525376885841,0.3741170509377694,0.012343369270460664,0.04541449811085769,0.010418800412465656,0.01959262181948573,0.004626714837934028,0.035094687445209514,0.0046995300469953,True,0.019595129409063716,0.008141071161484213,0.0046995300469953,2.4069473193858295,16,0.028522035241990023,1.0448514351007328,0.02811824072634679,0.039326531978010545,0.009022125194319403,0.07825718303614823,0.05742003817528168,0.099653387557125,9.999000099990002e-05,True,0.078417526500229,0.011181176339149088,9.999000099990002e-05,7.0133520947758115,16,2.9265995493279106e-06,2.35313596872798,0.10720671479087876,0.06196400657508529,0.014215518041983505,0.007850036269427787,-0.008541293952373104,0.023355675092702775,0.0547945205479452,False,0.007850197523166689,0.00832236768182203,0.0547945205479452,0.9432649245134088,16,0.3595717939232643,0.3837592394315285,0.007850197523166694,0.020456048262956147,0.004692939324337714,0.002227463184835615,0.4964601036717369,0.32286771322867713,-0.006423480111977444,0.010831032879866748,False,3.963497930330431e-05,0.05282444502493767,0.9584536302893407,0.9639036096390361,False,0.007539507733493825,1.630876553272791,0.058194180581941805,-0.0015943798204556489,0.015934560513939114,False,0.000482332482319889,0.644523007607422,0.527365564563922,0.5114488551144886,False,0.06862924966708152,9.955182358346095,9.999000099990002e-05,0.05554179248245218,0.08153262152373461,True,-0.0026225472397740186,-2.694927117209401,0.014810327673227723,0.005499450054994501,True,0.014083925300829508,3.051583920450935,0.004199580041995801,0.0055438422313118995,0.02286242669466753,True,0.00045727957767308276,0.472205635181858,0.642454286363126,0.6426357364263574,False
194,194_17Networks_LH_DefaultC_PHC_3,0.017093894334432598,0.003908213203720572,0.029848615164412663,0.0183981601839816,True,0.01709555957867392,0.006787858560526343,0.0183981601839816,2.518549764441217,16,0.022806200462069513,0.6640381108333233,0.026696575168768923,0.051559415391598216,0.011828541120000641,0.006431967756968537,-0.008357407744694212,0.019964268894766293,0.15458454154584542,False,0.006432056456454205,0.007500197948812451,0.15458454154584542,0.8575848931390715,16,0.40378512671020717,0.2736324515928147,0.011189891177919803,0.04767892266949565,0.010938295034380107,0.025800098908006483,0.006938529013180903,0.04382373971002547,0.006099390060993901,True,0.025805825765250607,0.009767514613520037,0.006099390060993901,2.6420053397750327,16,0.01775632442683248,0.9618469519175726,0.0377717226248692,0.05712647675962845,0.013105712589249752,0.0018151340807520046,-0.008871011871983131,0.01219084454382441,0.34196580341965804,False,0.0018151360742037952,0.005498796767912308,0.34196580341965804,0.330096955900579,16,0.7456092939729753,0.09373180829494583,0.0018151360742037696,0.019365209177359597,0.004442683674980889,0.008707063214198051,1.4689677370146497,0.05349465053494651,-0.00262461352918899,0.01971618197989003,False,-8.758540950239278e-05,-0.10420952538627636,0.9181554487946451,0.9113088691130887,False,-0.001957858601904781,-0.31079140353867063,0.632936706329367,-0.014497574878232621,0.009590462038272489,False,-0.001073997305178348,-1.352633639260089,0.1929213922852812,0.266973302669733,False,0.020157197168580637,3.2926871480178552,0.00029997000299970003,0.00818914308929566,0.0318529396207104,True,-0.0005157737323778612,-0.5152847683268569,0.6126245063632826,0.5973402659734026,False,0.0011504488296052466,0.27346776478236673,0.417958204179582,-0.006637973964399694,0.009334095255241957,False,-0.000121851709353385,-0.11788369502570219,0.9074653131044615,0.9086091390860914,False
195,195_17Networks_LH_TempPar_1,0.23237494639097986,0.2248807426508547,0.24963139687236588,9.999000099990002e-05,True,0.2366985174537787,0.006410997114528255,9.999000099990002e-05,36.92070254054324,16,6.478092398896265e-17,2.144619068184807,0.28897194491490746,0.1628595550386076,0.0373625443370153,0.21731962211781886,0.19688383458712785,0.24337045913262761,9.999000099990002e-05,True,0.22084113947377518,0.012233508628808377,9.999000099990002e-05,18.05215054606019,16,4.616341363481628e-12,2.5685416126148017,0.27130568989953074,0.1311057327337871,0.030077717889759496,0.12767183958781855,0.11451305058058898,0.14182848024029016,9.999000099990002e-05,True,0.12837239175921195,0.007140118689328573,9.999000099990002e-05,17.979027708751374,16,4.911905998010336e-12,2.631386317769082,0.16651633800758373,0.08105045948382722,0.018594250643028453,-0.04894618772378185,-0.07724874165599982,-0.01729879526317433,0.9989001099890011,False,-0.04898533127751982,0.015448702081219415,0.9989001099890011,-3.1708379784907637,16,0.005930068193850118,-0.7854573684400363,-0.048985331277519806,0.06236535965638404,0.014307594753670869,0.0019943911520088954,0.5521543288026382,0.40885911408859116,-0.004717880866803202,0.00905863822019042,False,0.0001355481274348475,0.22456336727145987,0.8248483994338106,0.8235176482351765,False,0.005678964768936541,2.0117067564429902,0.24977502249775022,0.0002338139019186,0.01104561612748214,False,0.0003094042860675799,0.41122969805694676,0.68575884357663,0.6294370562943705,False,0.057464835968147894,10.453428678697492,9.999000099990002e-05,0.0464929770981062,0.06722757499419725,True,-0.0010988077387332287,-1.016640085684149,0.322795839329417,0.2415758424157584,False,0.006895883700145704,2.0452977547245577,0.2298770122987701,0.00038913717250307266,0.013331457536676571,False,-0.0015368209262735682,-1.5961668279522059,0.12785839016335207,0.0178982101789821,True
196,196_17Networks_LH_TempPar_2,0.2860671117343606,0.2559842661254909,0.33427037460834447,9.999000099990002e-05,True,0.29427756297918944,0.020438739157581945,9.999000099990002e-05,14.398029189096254,16,1.4099306674367037e-10,2.869429354706983,0.3468113259401551,0.14142851150376673,0.03244592575685783,0.1863415019480857,0.15229772315470752,0.22483700619715039,9.999000099990002e-05,True,0.18854437000326804,0.018922178995560104,9.999000099990002e-05,9.964199685855844,16,2.8873408767314565e-08,2.861509971811563,0.23594724969430922,0.10456975542306828,0.02398994718104836,0.13242209004656771,0.10779714215082797,0.16089058735838266,9.999000099990002e-05,True,0.1332043713984547,0.013905348738675036,9.999000099990002e-05,9.579362150621403,16,4.977866202858484e-08,2.206021184441844,0.16812965235379917,0.0993897721080726,0.022801577507401364,-0.12242439376746976,-0.14537058772773395,-0.10115541746839453,1.0,False,-0.12304157477626154,0.01164252142344293,1.0,-10.568292752161899,16,1.2662212887475191e-08,-1.6925006106365073,-0.12304157477626161,0.07269809771589315,0.016678087438485437,0.005770994942279679,1.9702981740193029,0.3180681931806819,-0.00012209493323221536,0.011098591939074469,False,-0.0010349401478033189,-0.7704308357831199,0.4510387109491675,0.2171782821717828,False,0.004421664028760317,1.1241697408627649,0.34036596340365965,-0.0026529539136246017,0.012317852635163272,False,-0.0009131935790999514,-0.9224338949897052,0.36850214227842626,0.1857814218578142,False,0.03599215673834274,8.188190306261031,9.999000099990002e-05,0.027810660191564557,0.04471271932874052,True,-0.0006436835001567221,-0.7401380761942781,0.4687609587357488,0.45065493450654937,False,-0.0002921160693331514,-0.08672456029449103,0.5218478152184781,-0.007038636984458566,0.005941075818061529,False,-0.001232828499420412,-1.0803814815135049,0.2942360526294079,0.12238776122387761,False
197,197_17Networks_LH_TempPar_3,0.15966390665377372,0.14118892197343577,0.18185036426525356,9.999000099990002e-05,True,0.161041791767462,0.010686247361495602,9.999000099990002e-05,15.070004120223102,16,7.12533332879358e-11,1.6757367954619025,0.20271150618515899,0.15467661797191817,0.03548524982464413,0.1606529920538183,0.13699273684110944,0.18795777950047726,9.999000099990002e-05,True,0.16205691593376753,0.013314247333851675,9.999000099990002e-05,12.171691862876498,16,1.6742762057885098e-09,2.3825113795747987,0.20533824710502532,0.11103051863185895,0.025472147913957,0.1390289218869758,0.11654889508484156,0.1611076184485654,9.999000099990002e-05,True,0.13993522132666625,0.01178231019509718,9.999000099990002e-05,11.8767218830222,16,2.3891439332298696e-09,2.262126639803371,0.17730061210964626,0.10296692403276193,0.02362223244137046,-0.06137383674950001,-0.08037073984192536,-0.04402553966946364,1.0,False,-0.06145107130091774,0.009526738543222517,1.0,-6.450378691733392,16,8.016999673364007e-06,-1.3490036967687926,-0.06145107130091771,0.04555293024630602,0.010450558922410804,-0.004362920936805867,-1.2586536575209397,0.6968303169683032,-0.010880219672932808,0.0023937703257848678,False,-0.0008482979990110894,-0.8901688541197479,0.3851187105471673,0.2091790820917908,False,-0.0009798640265044323,-0.3257269200771226,0.5483451654834517,-0.0067654436025703785,0.0047101935804134175,False,0.0011524184791250848,0.8744980054316664,0.3933659914157169,0.09919008099190081,False,0.03291662016166059,8.399146308219379,9.999000099990002e-05,0.02561139666767292,0.04028109121827379,True,0.0007303358827723418,0.7540326446322883,0.4605806940724081,0.3427657234276572,False,0.000909540098771673,0.29711466380221946,0.46565343465653436,-0.004825214980644121,0.006832214617239334,False,-0.0027085797746716697,-2.6483969772971423,0.01634415315072559,0.0005999400059994001,True
198,198_17Networks_LH_TempPar_4,0.1939974025690923,0.17253166041568782,0.2197561052566994,9.999000099990002e-05,True,0.19648757671349154,0.01234784906522886,9.999000099990002e-05,15.91269667093633,16,3.14101829590829e-11,1.999993408508927,0.24656374353825888,0.15220834815048853,0.03491898989217029,0.14892124483260458,0.12987467415392343,0.17028260255721858,9.999000099990002e-05,True,0.15003703229469392,0.010521770556545292,9.999000099990002e-05,14.259675354863177,16,1.6282051386658384e-10,2.0803908996667433,0.19493957143323887,0.11751008156270216,0.026958661598896885,0.07048137837703204,0.05325112271642707,0.0880367802460386,9.999000099990002e-05,True,0.07059843581940448,0.009229388221736835,9.999000099990002e-05,7.649308288184552,16,9.870835312149303e-07,1.517803435923237,0.09778271545761508,0.08413610234229592,0.019302145663866507,0.0012299815281750259,-0.015555277549655003,0.01854546605647151,0.46485351464853514,False,0.0012299821484366433,0.0089203080007131,0.46485351464853514,0.13788561430147003,16,0.892051185850904,0.018275597264667553,0.0012299821484366227,0.06730188516544874,0.015440111376103696,0.004356358600552254,1.367360687046208,0.30826917308269175,-0.002178988050587807,0.010069441983982541,False,-0.0007530768946657789,-0.8848104833496097,0.38792574056467405,0.24447555244475552,False,0.0035054027937030975,0.9626564168882552,0.33496650334966505,-0.0034896118017630953,0.010402560971107182,False,-0.0004407105160047073,-0.5415198200924958,0.5947893084220254,0.5534446555344466,False,0.024448247502367747,4.599008527240117,0.00019998000199980003,0.0146899861475168,0.035038912235417795,True,0.0012851041525039784,1.6858219153492855,0.10908637587478694,0.13538646135386462,False,0.005837431225302136,2.2651657308939908,0.2535746425357464,0.0009775226046706371,0.010798439192586972,False,-0.002056070286771263,-2.115202801186184,0.04861859120490508,0.006399360063993601,True
199,199_17Networks_LH_TempPar_5,0.07127206516056564,0.05436255252064178,0.08801916657808609,0.00039996000399960006,True,0.07139311472234433,0.008956003599086503,0.00039996000399960006,7.971537073703981,16,5.807718572462301e-07,1.2365935766366045,0.10144336152972029,0.10811582293153922,0.024803470860858778,0.10199121668422191,0.08504531039769649,0.1198810706136086,0.0012998700129987,True,0.10234708505523991,0.009129000730925164,0.0012998700129987,11.21120351196069,16,5.474096881146633e-09,1.0808739475954792,0.14180965206277663,0.16498019982398315,0.037849053616731014,0.09686853958541028,0.0691516350356912,0.12633678432598522,9.999000099990002e-05,True,0.0971732460623866,0.015165583966423007,9.999000099990002e-05,6.407484622915325,16,8.672208458089889e-06,1.6875932681589967,0.12969607404612582,0.09764281283484195,0.022400797563691174,-0.00026223740274799616,-0.02491241860039278,0.02427280836401863,0.519048095190481,False,-0.00026223740875921676,0.0129413427628898,0.519048095190481,-0.02026353938412031,16,0.984083691987657,-0.00601334130974136,-0.0002622374087592366,0.04360926733601542,0.010004652069449494,0.009961877374123046,2.1363017454611235,0.09199080091990801,0.0015455702979273748,0.019300636535396945,False,-0.001200459104761265,-1.4913490328593653,0.15318747060123225,0.13138686131386862,False,0.005882521282838511,1.2426251961586674,0.24467553244675533,-0.0028053208140861913,0.015010982774093932,False,-0.00045926864906116856,-0.4014472568672855,0.6928168872459193,0.5587441255874412,False,0.03609052955330585,6.164316174069257,9.999000099990002e-05,0.024978582881828405,0.046999057932250496,True,-0.005151754436352533,-4.163973139394978,0.0005830779034706509,9.999000099990002e-05,True,-0.0010927064900891226,-0.24650846951877006,0.5508449155084492,-0.009523859362328732,0.0073852093844525455,False,0.0002951703513156512,0.283202833139993,0.7802527004008858,0.7681231876812319,False
200,200_17Networks_LH_TempPar_6,0.10912794735039648,0.08347141240262927,0.1368894442068114,9.999000099990002e-05,True,0.10956426753892376,0.01392499147540549,9.999000099990002e-05,7.868174837481062,16,6.874840743804026e-07,1.447307651686341,0.14641212526135414,0.13433509696169835,0.030818584854041094,0.10158966833891828,0.07395732534232131,0.13131103970871616,0.0011998800119988001,True,0.1019413325835296,0.015163993404073652,0.0011998800119988001,6.722591461701908,16,4.8983264260301e-06,1.1603136596104722,0.13712918198845828,0.1561482815736511,0.03582287260984628,0.10059445156128066,0.07066886645480876,0.1317409591131313,9.999000099990002e-05,True,0.10093583998267922,0.016214375525899917,9.999000099990002e-05,6.225083403394111,16,1.2146008343683409e-05,1.9074955853058546,0.1322077745722694,0.09557349748631913,0.021926064064400192,-0.021309427375963096,-0.04486826974412398,0.0013113084233505206,0.8935106489351065,False,-0.021312653733045427,0.012157414899470625,0.8935106489351065,-1.753058023377441,16,0.09872710559010987,-0.2974233072877572,-0.021312653733045462,0.07165764488129181,0.016439391187877662,-0.004745615366521506,-1.1226464439406458,0.670932906709329,-0.012497135812559419,0.0035998539842340845,False,-0.0014512964457725009,-1.329115966636009,0.2004119130022637,0.05269473052694731,False,0.006366247870956736,1.559357750496046,0.23397660233976603,-0.0014948771172440508,0.014165577962705006,False,-0.0006461436410447123,-0.6800285219893502,0.5051392931405875,0.47925207479252074,False,0.023763396261962656,6.627736463792986,0.0025997400259974,0.017280149758899667,0.030797809813988764,True,-0.0016631699978778551,-1.425695200193089,0.17106840485645716,0.067993200679932,False,0.0021655983345141862,0.6433988161849582,0.42025797420257976,-0.004256324052932859,0.008575651472332147,False,-0.0015157209031755714,-1.6120388702484085,0.1243485848573166,0.0720927907209279,False
201,201_17Networks_RH_VisCent_ExStr_1,0.01843200106099514,0.0072546216659431255,0.029484995477360793,0.0096990300969903,True,0.018434088841057746,0.005865043576905204,0.0096990300969903,3.143043798284074,16,0.006286279551465467,0.7601556388242139,0.030311675510433612,0.04984189780877034,0.011434515563300591,0.00947213968241695,-0.006789863658548699,0.025017781407253203,0.1121887811218878,False,0.00947242298230762,0.008475752580292017,0.1121887811218878,1.1175907853106848,16,0.28024273320739096,0.41225902579484375,0.012913059111488956,0.04438568960064039,0.010182775553081875,0.021327455691850378,0.007685794581110252,0.03604940867526256,0.005499450054994501,True,0.02133069024609459,0.007401612293528945,0.005499450054994501,2.8818978082307165,16,0.010840527093806498,0.9823362874350069,0.030674910411214132,0.04699367611602898,0.010781088693434278,0.005105536815529577,-0.009570442457387213,0.022167281173289484,0.2673732626737326,False,0.00510558117739237,0.008292020381409219,0.2673732626737326,0.6157222175718636,16,0.5467375986903024,0.1421795779361506,0.005105581177392332,0.03590938481815698,0.008238177870897893,-0.0016685926192045223,-0.37925270094479463,0.6112388761123888,-0.010298996308372721,0.00635601070189485,False,-9.865870719106813e-05,-0.13099260979960856,0.8972341023216112,0.9111088891110889,False,0.0036082730113611468,0.7208985592758766,0.23737626237376264,-0.006178601757953401,0.01283075502135844,False,-0.0008341108275872833,-1.1502526092294603,0.2650928189426506,0.28247175282471754,False,0.012159582032786201,2.6997701038959727,0.0105989401059894,0.00342799800293842,0.020549248626008973,True,0.0003722425760970647,0.4475516496882139,0.6598161706037854,0.6868313168683132,False,0.0048206121560819565,0.9262009366164665,0.22057794220577942,-0.0052172404515039425,0.014456617936651091,False,-0.0016771710902493088,-2.1438615131597576,0.04595070488421025,0.0663933606639336,False
202,202_17Networks_RH_VisCent_ExStr_2,0.0074968582850309705,-0.011741323286257687,0.02625934895546651,0.13908609139086092,False,0.007496998738119873,0.009963434179329064,0.13908609139086092,0.7524512736455611,16,0.46270709993488934,0.31216128624058703,0.012756642231874352,0.05091833812480763,0.011681467908372146,0.0033503055715475715,-0.009168098525803815,0.016466570015415582,0.3785621437856214,False,0.0033503181068532495,0.006765874943221159,0.3785621437856214,0.4951788401306455,16,0.6272052598044352,0.13435820193092188,0.0037574056853857778,0.05046843395775963,0.011578252813717405,0.030661611079823087,0.016062045220987725,0.047681682369540075,0.00039996000399960006,True,0.03067122518191885,0.008338650744750218,0.00039996000399960006,3.6782000015084706,16,0.0020338860301953297,1.3512937724570695,0.04411001457710837,0.04845504651074852,0.011116350054995575,0.002490263931047723,-0.010615254047996434,0.016495263939341788,0.30396960303969606,False,0.0024902690787864494,0.007023530784654712,0.30396960303969606,0.35456085480927735,16,0.7275485668401387,0.11874052443823473,0.002490269078786431,0.0209723604520697,0.0048113894641095166,0.007872996214413642,1.420128560707461,0.11588841115888411,-0.003025611125127848,0.018275131979935584,False,-0.0014972586372363071,-1.4965267762079444,0.15184531477159244,0.12158784121587841,False,0.004062889207150559,0.7585434655423168,0.23757624237576241,-0.0060900062405599,0.01437520214696954,False,-0.0013696593518522826,-1.3465512091401421,0.194836978810959,0.17668233176682333,False,0.018437358254737853,4.122655874588363,0.0010998900109989002,0.00956145649306808,0.026680295093083204,True,-0.00035808241776178834,-0.34810750121341344,0.731797402872751,0.7107289271072893,False,0.00243917067154659,0.5793738604747586,0.35926407359264073,-0.0056890782784578845,0.010293170752331264,False,-0.0007863509748950647,-0.7128920933489348,0.48505260728811816,0.45735426457354267,False
203,203_17Networks_RH_VisCent_ExStr_3,0.018968126566439276,0.0036495921639340323,0.03313211981210712,0.007099290070992901,True,0.018970401903960873,0.007794335980822957,0.007099290070992901,2.43387017837508,16,0.02703065332700395,0.8947602452902622,0.026935750136699098,0.042842919297272866,0.009828839771741106,0.02994028481761269,0.016937780474832145,0.04363202998957056,0.0020997900209979003,True,0.02994923599576069,0.007089907911387885,0.0020997900209979003,4.224206628644063,16,0.0006450193895809663,1.108265606861936,0.04118507069378561,0.05406670529356738,0.012403752872887145,0.03271179093553879,0.012758180037114063,0.05290652674089234,0.0011998800119988001,True,0.032723466305949155,0.010470322010017156,0.0011998800119988001,3.1253543372058656,16,0.00652387068728037,1.110419718188857,0.04644756627091771,0.05647039329514681,0.012955196719765355,0.0009817187203419603,-0.009741152022671335,0.011656310442291007,0.45065493450654937,False,0.000981719035726365,0.005586278541600555,0.45065493450654937,0.17573757348753433,16,0.8627050263674639,0.02847025674882676,0.0009817190357263614,0.03448226843851063,0.007910774919342625,0.000617179166578876,0.13584640811056078,0.461053894610539,-0.00789224822490719,0.009267010493731905,False,0.0009803541702778065,1.0700472556229605,0.298737624285201,0.21897810218978103,False,0.015504164706322265,3.3566515303521975,0.0029997000299970002,0.006839090552626576,0.02452808650832922,True,0.00027597751414079223,0.28272447825654773,0.7806135694437325,0.7499250074992501,False,0.02202749110667471,3.512680467962545,9.999000099990002e-05,0.010176759668676776,0.034157201073642854,True,-0.00043576202498845257,-0.49746221276478236,0.6248853061067985,0.6076392360763924,False,0.003646674494796682,0.821271077258946,0.265973402659734,-0.005137367729136951,0.011935076705663657,False,-0.0013863395904180568,-1.5739878124509694,0.13290250166805842,0.09669033096690331,False
204,204_17Networks_RH_VisCent_ExStr_4,-0.0005885618857374135,-0.012722027423170254,0.011560742799494967,0.5047495250474953,False,-0.0005885619536977059,0.0063315950031919005,0.5047495250474953,-0.09295634881905725,16,0.9270922593199881,-0.020096812591323777,-0.00013603068705298401,0.06359093176020526,0.014588760277280304,-0.0012240205839106736,-0.022137841530858834,0.024451167312919655,0.7154284571542846,False,-0.00122402119519787,0.012154680430979236,0.7154284571542846,-0.1007036920590807,16,0.9210367919933119,-0.048923779982649046,-0.006953411363911355,0.05342620628773899,0.01225681232342166,0.032889851756403375,0.013076651382136739,0.05499841131986988,0.0004999500049995,True,0.03290171890817073,0.01108236940090459,0.0004999500049995,2.9688343456125144,16,0.009048653443916954,1.1104701636350958,0.04652453836797624,0.058464732889965766,0.013412729601497864,0.008640508569141253,-0.006748808727465809,0.02487637363945654,0.052594740525947405,False,0.008640723607588708,0.00836530897131209,0.052594740525947405,1.0329234266446248,16,0.317001073046923,0.39021520501160756,0.008640723607588757,0.02214348261322026,0.00508006331416195,-0.0028809790038412915,-0.48581105434536775,0.685031496850315,-0.014183357011751439,0.008738115210530525,False,-0.001092484920538972,-0.8489450670517591,0.4070610342120798,0.28187181281871815,False,-0.002249779203701469,-0.4281557967367802,0.6424357564243576,-0.01235511612062677,0.007754018945850223,False,0.0008231965497836268,0.8383672096451639,0.41281953280370687,0.41655834416558346,False,0.019280256972886278,3.7622001516793513,0.0017998200179982,0.009935527360590992,0.02927050829636149,True,-0.00012596704935079433,-0.09504944232307863,0.9253257035269953,0.9131086891310869,False,0.008215284358255567,1.900388120329589,0.09909009099090091,-0.0004936012577306735,0.01591693945916736,False,-0.0017025120346204432,-1.99034777324695,0.06195970534285024,0.10468953104689531,False
205,205_17Networks_RH_VisCent_ExStr_5,0.014919040367328001,0.0052675195968761935,0.02565813875444258,0.022297770222977704,True,0.014920147397394628,0.0054036886984928645,0.022297770222977704,2.7611041697416767,16,0.013912698010755663,0.6577460155941645,0.023491529702111477,0.04860874119885075,0.011151610034658555,0.006029541180534448,-0.01162934267729631,0.022656665733319765,0.24787521247875213,False,0.006029614250855534,0.008994038436135617,0.24787521247875213,0.670401210053781,16,0.5121633162222197,0.29586367218720866,0.007374502615125334,0.04437366496361595,0.010180016912154387,0.042204688170995375,0.0231063943474667,0.06275043330861815,9.999000099990002e-05,True,0.04222977381900585,0.01050528856112461,9.999000099990002e-05,4.019858528710903,16,0.0009898338799896238,1.5948202374193037,0.062249114590748784,0.0482860175506288,0.01107757215206433,0.01012283196487848,-0.0053073483678635945,0.026738262661918966,0.065993400659934,False,0.010123177754163392,0.0084126460669222,0.065993400659934,1.2033286166604409,16,0.24635234598838734,0.3583282586177616,0.010123177754163389,0.02825112870866837,0.00648125342537085,0.011837970085768227,2.1701238027253784,0.025997400259974,0.0015218680650784825,0.022581873046775794,True,0.0015760744933812408,1.676433244023967,0.11093485084507348,0.11638836116388361,False,0.005559577609199652,1.1102127760432967,0.17218278172182783,-0.00376212149860292,0.015302373682328627,False,0.0006876013771488395,0.6671007657131537,0.5131695841969205,0.48665133486651335,False,0.030708159725971167,5.8979212870046425,9.999000099990002e-05,0.021017881067973275,0.040620830177148654,True,-0.00015284404628810122,-0.17266136078231628,0.8648442270842222,0.8915108489151085,False,0.010355529033868304,1.537242807034208,0.06769323067693231,-0.002250299968396167,0.02375981749231729,False,-0.0019517598567238346,-1.6521903375364022,0.11583228643122714,0.08289171082891711,False
206,206_17Networks_RH_VisCent_ExStr_6,0.01987845538511253,-4.4509283334013644e-05,0.04006031920966168,0.026497350264973504,True,0.01988107434975965,0.010539638201620124,0.026497350264973504,1.886314688364121,16,0.07753786185005343,0.6500265722472135,0.028429474956592343,0.06000216963865418,0.013765441781477787,-0.015279200775950706,-0.029658451819809712,-0.0014521459469258359,0.9673032696730327,False,-0.015280389939249633,0.007515352322259124,0.9673032696730327,-2.0332233651896616,16,0.05896463372362292,-0.6322142741467504,-0.02624134843868897,0.058084406533079516,0.013325476751222488,0.028085631958439005,0.00627992140529649,0.05209806655943819,0.0026997300269973002,True,0.028093020129757507,0.011927891235232604,0.0026997300269973002,2.3552377847625188,16,0.0316064083225599,1.0386079992446693,0.03920953019178603,0.05450682388914203,0.012504723003480985,0.004823973220876747,-0.00621344747589883,0.016775908173991664,0.3016698330166983,False,0.004824010640505453,0.0060173646165022415,0.3016698330166983,0.8016816244234074,16,0.43448257477840607,0.12031411796036613,0.004824010640505434,0.040095133657502925,0.009198454512674294,0.017466110450673297,3.0026992894765243,0.005599440055994401,0.006370525364514579,0.02836538006551046,True,0.0006420416760348779,0.6946591212042702,0.4961385265930888,0.5693430656934306,False,-0.015111672762207583,-2.8276523525510613,0.9966003399660034,-0.0257431484738927,-0.005374758456398747,False,-0.00029776931469508615,-0.3316782847708807,0.7439628539669789,0.7459254074592541,False,0.012671736163057576,3.0069502242861224,0.0287971202879712,0.004746892129245215,0.020812508694564056,True,0.0012071705798728997,1.4545562892546295,0.16300877637303224,0.2633736626337366,False,0.0010274150372107625,0.14020668432598318,0.44245575442455753,-0.013067698226522496,0.01449021222622846,False,0.000701403141519285,0.8779559145309624,0.39153623859122194,0.49935006499350065,False
207,207_17Networks_RH_VisCent_ExStr_7,0.003942008924360688,-0.013510806855929541,0.020670833025697367,0.4096590340965903,False,0.003942029343414044,0.008860560852378518,0.4096590340965903,0.4448961424779163,16,0.66235453876144,0.15916676421082634,0.0023117482624454046,0.04717221768428941,0.010822048938343147,0.007294805323001916,-0.005173840200891681,0.01966344494982958,0.0826917308269173,False,0.007294934722839422,0.006620848370043633,0.0826917308269173,1.1018126854929544,16,0.28684209331655597,0.3771813123519252,0.012690918368142304,0.037564233567575225,0.00861782621119046,0.0395783017618991,0.02192320443764746,0.05805280014722523,0.00019998000199980003,True,0.03959898691096545,0.0094870135826978,0.00019998000199980003,4.1740202610424415,16,0.0007163887764089189,1.5028159686052973,0.055420305060171385,0.051002029842288674,0.011700668105156947,-0.007414637903227161,-0.019737144691541374,0.0056999879419312545,0.8669133086691331,False,-0.007414773785534297,0.006734305016950899,0.8669133086691331,-1.1010451363385818,16,0.28716603929422013,-0.26169708293041766,-0.0074147737855343385,0.02833342161290274,0.006500132712388117,-0.0005118460972048012,-0.09711474570061034,0.5286471352864713,-0.010692647645664834,0.009518164201210858,False,-0.0006362645974558759,-0.852150010249951,0.4053265964074795,0.51994800519948,False,0.0045802444392525,0.9772892632008773,0.21537846215378462,-0.004286320196382913,0.013393936271253617,False,0.00017867460471383776,0.15569839357323018,0.8780035645489369,0.8552144785521448,False,0.009280106081877494,1.7645777343142655,0.0484951504849515,-0.0005019347194560399,0.019444402418762836,True,-0.0002623388335552112,-0.32898898711751673,0.7459609390295158,0.7244275572442755,False,-0.004251185304827074,-0.7598622343381365,0.7541245875412459,-0.014734596103819919,0.006728793656431455,False,-0.00026330129469094576,-0.3173118861742621,0.7546581013333916,0.7445255474452555,False
208,208_17Networks_RH_VisCent_ExStr_8,0.018467135814116346,-0.006645994329867121,0.042460831028467705,0.0402959704029597,True,0.01846923555765308,0.012961076642525375,0.0402959704029597,1.4249769573196869,16,0.17337867869020437,0.5747694031861313,0.027880925547477942,0.06502827960299548,0.01491851048746129,0.01430946414038807,-0.004634781926837617,0.03314054241637166,0.1468853114688531,False,0.014310440932665987,0.009998581089579555,0.1468853114688531,1.4312471744196007,16,0.17160222963173383,0.3948876421218532,0.018260105964286736,0.07426292012390057,0.017037082319595557,0.014362027524932425,-0.0023021147111582816,0.032226869698032116,0.074992500749925,False,0.01436301512193381,0.009145938029222702,0.074992500749925,1.5704255895941714,16,0.1358793307481923,0.48661873597874233,0.021073768046887653,0.06008447315409705,0.013784323502873239,-0.0037119017166240913,-0.020537276591154483,0.012509102316665284,0.6616338366163383,False,-0.0037119187645575295,0.008741217262288763,0.6616338366163383,-0.42464552169083364,16,0.6767503017113613,-0.09533479885034896,-0.0037119187645575126,0.03893561227715271,0.008932442064262643,0.009041766603920663,1.3827110288206148,0.11768823117688232,-0.0034868319336507085,0.02157720364710057,False,0.0018792658271418238,1.6444465855984962,0.11743500491195294,0.18418158184181582,False,0.00904774445709658,1.383977399686838,0.11848815118488151,-0.003267485683562871,0.02161323990789534,False,0.0012124571403148295,1.4540589160174202,0.16314499609082111,0.3321667833216678,False,0.0003390119049596684,0.05907738983162907,0.4764523547645235,-0.010698694980747016,0.011164212792279558,False,0.0015606132733024137,1.4378879937622835,0.1676247941014721,0.12288771122887711,False,-0.007158307493367491,-0.9282721338850665,0.8025197480251974,-0.022136929961371402,0.0071278909657441865,False,-0.0025033979841602863,-1.6579118320430952,0.11466012424052585,0.08769123087691232,False
209,209_17Networks_RH_VisCent_ExStr_9,-0.0022066620779505504,-0.023935487995539868,0.018951759501669194,0.6140385961403859,False,-0.0022066656596365472,0.011417758684679851,0.6140385961403859,-0.19326609718923332,16,0.8491826584824486,-0.06748389624330094,-0.004705019252044996,0.06742347728527445,0.015468006521506388,0.0038007527760146502,-0.014680545511474873,0.021459227341355285,0.26177382261773824,False,0.003800771077712185,0.009595647895776247,0.26177382261773824,0.3960932204885491,16,0.6972683743925039,0.15699350950629506,0.007947204413963824,0.05440704093180667,0.012481831223096118,0.02523026784605437,0.006183511100676666,0.04559601510711003,0.0463953604639536,True,0.025235623472119235,0.01047381653617795,0.0463953604639536,2.409400946154828,16,0.028382967886180326,0.5667577972780153,0.03648857275739161,0.08892941409623939,0.02040180679756784,-0.0019435285518899746,-0.01566910895964185,0.012133017836983324,0.6017398260173983,False,-0.0019435309989944143,0.007440360009470157,0.6017398260173983,-0.26121464506027575,16,0.797259512717381,-0.061582979184082315,-0.0019435309989943898,0.03155954818595023,0.007240256907703127,-0.007436818528092482,-0.9699670211559045,0.8503149685031497,-0.022398309193367976,0.0069367222087963355,False,0.00021660172596594222,0.1984744302524657,0.8448983425520634,0.8474152584741526,False,0.006076970015936229,0.8624949446472772,0.1934806519348065,-0.007306546305546241,0.01958440161698341,False,-0.0009856745292008962,-0.7920991906923629,0.43861790894733665,0.3671632836716328,False,0.0009653690253565738,0.18034570429400584,0.46625337466253375,-0.008934890909763417,0.011294914875319867,False,-0.002173048432581612,-1.9315982909672509,0.0693086959134588,0.029197080291970802,True,-0.00100693114574779,-0.1419914863231736,0.5588441155884412,-0.014274975628184437,0.012452202589132932,False,-0.0012603693590984748,-1.4752304891209052,0.15742842140388857,0.2638736126387361,False
210,210_17Networks_RH_VisCent_ExStr_10,0.02939653912437468,0.015400828094694795,0.04239359674502914,0.020997900209979003,True,0.029405011254466214,0.007098467444394165,0.020997900209979003,4.1424450396948815,16,0.0007653485770628162,0.6266098200514475,0.04605784653456702,0.09306337483397842,0.021350202434008324,0.017595354581455187,0.0009985702575144857,0.034827077029797586,0.041995800419958006,True,0.017597170738914314,0.008714749759116033,0.041995800419958006,2.019239935203746,16,0.06054080448139799,0.560800611673047,0.02632281544723629,0.062015308824697385,0.014227287585227474,0.025754837317237628,0.008256835810788204,0.04273507566495083,0.0053994600539946005,True,0.025760534079151243,0.009115803479687084,0.0053994600539946005,2.8259202972676984,16,0.012172231196390007,0.9621821774557399,0.038343389812392624,0.053742016060878375,0.012329264054289928,-0.002439803196246599,-0.023301862871320415,0.01850684174527423,0.6348365163483651,False,-0.0024398080373536266,0.010906769284685511,0.6348365163483651,-0.22369667622651795,16,0.8258245593384499,-0.08404169403442388,-0.0024398080373536422,0.029030924059601507,0.006660150748074027,0.008339439766097821,1.127924558634208,0.1314868513148685,-0.005931619714741259,0.022382729887300952,False,-0.0013166961847851891,-1.1207150865119788,0.27713954253750306,0.23837616238376164,False,0.011103787686518084,1.780879283118336,0.0420957904209579,-0.0009889298731908054,0.023076047548643293,True,0.0003312261414595707,0.41595166795726324,0.6823625041213692,0.7537246275372462,False,0.011549867589639183,1.8005072416585972,0.027497250274972504,-0.0007901937346352526,0.024131246956488373,True,-0.0019989616065763578,-1.5428619471751917,0.14026222312122524,0.0765923407659234,False,-0.00535366188418751,-0.8763108872831314,0.7582241775822418,-0.016346956521130614,0.006836619505541854,False,-0.0010013126935825812,-0.7976364132633397,0.43547835544179647,0.35596440355964404,False
211,211_17Networks_RH_VisCent_ExStr_11,0.0053763898083388694,-0.012827178330275666,0.022045665878054878,0.31526847315268475,False,0.005376441611769923,0.00922388464800376,0.31526847315268475,0.5828825724672841,16,0.5680973325259501,0.17770037258395918,0.007108639331536204,0.0652261507736155,0.014963905247280909,0.015082627106493732,0.00047197926318636374,0.03086788776305039,0.050294970502949704,False,0.015083770956319017,0.007986095722471227,0.050294970502949704,1.8887540896706754,16,0.07719088464524466,0.4655293696911226,0.02629786296286375,0.06706255751898066,0.015385205848453706,0.02055647039026295,0.006569320035427799,0.034572670197826554,0.0046995300469953,True,0.02055936663006162,0.007398553730713678,0.0046995300469953,2.7788358885214755,16,0.013413998638361464,0.8978416302966872,0.03133989605986711,0.046178533507573324,0.01059408215370626,-0.0016940822945614232,-0.011857071262252728,0.00842405271136234,0.5996400359964004,False,-0.0016940839151881753,0.005379325271642392,0.5996400359964004,-0.3149249821569064,16,0.7568884513043085,-0.05814101665911025,-0.0016940839151881597,0.029137500727255124,0.006684601112497261,-0.006174454411962247,-1.007025552456103,0.8218178182181782,-0.018256889221285134,0.005311630368068096,False,0.00010905822744114677,0.14259408944952848,0.8881947921016468,0.9308069193080692,False,0.0030094115951248158,0.5190694161089229,0.3210678932106789,-0.00816383801417487,0.01385176445912865,False,-0.0003754451096089145,-0.40348942905334284,0.6913410384419626,0.6692330766923308,False,0.00973970660759221,2.0666804492505206,0.0663933606639336,0.0007498676043413846,0.018767829526847565,False,-0.00011440494717178259,-0.13911880385967343,0.8909009703243836,0.9124087591240876,False,-0.0041262250645568415,-0.7682796727090963,0.7266273372662734,-0.014267191029473542,0.0061404479652104335,False,-0.0019370954112353516,-2.110169405354728,0.049101469205479815,0.07749225077492251,False
212,212_17Networks_RH_VisCent_ExStr_12,0.003821421818693259,-0.010484643995793052,0.01833339423542338,0.25107489251074894,False,0.0038214404206010524,0.00764610678308074,0.25107489251074894,0.49978904676784186,16,0.6240268116065313,0.14324987503491735,0.008093502842208411,0.05285447812493856,0.012125648887378333,0.012310490359480395,-0.00321828250649221,0.029566780879777814,0.1394860513948605,False,0.012311112293473607,0.008691143346867016,0.1394860513948605,1.4165123968311397,16,0.17580067067093477,0.3595911195844796,0.018041494931870374,0.07173961237517472,0.016458195820640342,0.040718280008097456,0.017598626357021144,0.06256248749974991,9.999000099990002e-05,True,0.040740805762594284,0.011806251135740985,9.999000099990002e-05,3.450782580700822,16,0.003288134095623347,1.7380312599530605,0.05671156688836446,0.04487089047951746,0.010294088268784099,0.0002828117132682961,-0.014397391836935777,0.015240569964607719,0.48665133486651335,False,0.00028281172080828914,0.0077718679028191675,0.48665133486651335,0.03638915693686755,16,0.9714222010494029,0.01029923084307402,0.0002828117208083068,0.027459499172064177,0.0062996411542771856,-0.0023728963145446948,-0.4392822725874842,0.6442355764423557,-0.012864765479326709,0.00811567964674636,False,0.0006913881648394303,0.7543088089740844,0.46041898770917006,0.5202479752024798,False,-0.0034014401449390416,-0.6497070264752686,0.7142285771422858,-0.0135204080808126,0.006371398808875604,False,-0.000988512876583205,-1.0959286827516135,0.2875570134998784,0.2802719728027197,False,0.010367778549849414,1.8861819965902176,0.0761923807619238,0.00024108025776584094,0.02134544897843467,False,-0.001014240180514592,-1.1680213792246072,0.258036861551602,0.24977502249775022,False,-0.001406089820659428,-0.23687227712708211,0.5813418658134186,-0.012688617763440876,0.010242174934328515,False,-0.0017761100098210138,-1.786830686513135,0.0908180300074283,0.11998800119988001,False
213,213_17Networks_RH_VisPeri_ExStrSup_1,0.0148927407069901,0.003711705786271074,0.026396848626698492,0.034896510348965105,True,0.014893841892351507,0.006043078647686687,0.034896510348965105,2.464611626071245,16,0.025417893160703118,0.6127215196560961,0.022432087318472974,0.05082719000480558,0.011660557095530953,-0.0018411333501890028,-0.014514923779975084,0.010262402093288055,0.6671332866713329,False,-0.0018411354305340015,0.006682730649723577,0.6671332866713329,-0.27550645492649906,16,0.7864535424428347,-0.09805001567755808,-0.004100314186297377,0.04143489496464973,0.009505816836164761,0.0361938144895019,0.0224016347289356,0.050389590488130326,9.999000099990002e-05,True,0.036209631461741866,0.00729665642068377,9.999000099990002e-05,4.9624964331743415,16,0.0001411618484962181,1.6192871836845868,0.05218591585466184,0.041322224825355934,0.009479968533473377,0.004836519277974815,-0.004808140360937966,0.01355171043900723,0.17618238176182383,False,0.004836556990326072,0.004830348191448316,0.17618238176182383,1.0012853729444902,16,0.33159226883145926,0.21792789301323723,0.004836556990326095,0.022193382056111065,0.0050915110314724765,0.004304448414966674,0.8394500839413253,0.1987801219878012,-0.005434920183650378,0.014027184901804867,False,-0.0007943227153588526,-0.8818771059568654,0.3894681328123003,0.3347665233476652,False,-0.009831458648329948,-2.307243767301135,0.9833016698330167,-0.017977781414996424,-0.001699319551965413,False,-0.001414957850464739,-1.6459625033332406,0.11711977841557611,0.09109089091090891,False,0.026470313033256334,6.315228701774807,9.999000099990002e-05,0.018181846614302066,0.03420782384041781,True,-0.0002885695537687964,-0.29558269716571245,0.7709314742008685,0.7308269173082692,False,0.002927196892250661,0.5360750214834952,0.27917208279172084,-0.007575314706084388,0.01334821211534219,False,-0.00045772177648222467,-0.6109591635570094,0.5488648120624187,0.5232476752324767,False
214,214_17Networks_RH_VisPeri_ExStrSup_2,0.013206118743451126,0.0007205654792657218,0.027209634795871684,0.046795320467953205,True,0.013206886546420486,0.0070081673273899815,0.046795320467953205,1.8844993176467242,16,0.07779697999682364,0.6919936482294938,0.018093158755993103,0.044334841316060095,0.010171110156558827,0.01835091512323695,0.0057800501123983945,0.030596258434958005,0.026197380261973803,True,0.018352975467002576,0.006627409264204442,0.026197380261973803,2.769253374184924,16,0.01368131874402272,0.6158647356557923,0.03196968537610434,0.06569379154522446,0.015071189398087374,0.03852853104311474,0.020310218923116415,0.05436181681935457,0.0007999200079992001,True,0.038547612571138,0.00904028121829085,0.0007999200079992001,4.263983789923052,16,0.0005936113407916831,1.3745397848281036,0.05369116386642286,0.05719686624283775,0.013121861044196981,0.0029597852980526376,-0.008007157669187102,0.014634619688763536,0.31566843315668436,False,0.002959793940995737,0.006010028090731789,0.31566843315668436,0.49247589134568387,16,0.6290723118066398,0.1151571484277194,0.0029597939409957423,0.025702216331394384,0.00589649282176678,0.00609252721994156,1.3457903364288117,0.15758424157584242,-0.002616164797273785,0.01443053827150239,False,-0.0006820475720543444,-0.5857478184078373,0.565317696788463,0.5007499250074993,False,0.01143977383748719,1.7790893564638264,0.0321967803219678,-0.0006727160847893606,0.023974920210000698,True,0.00039801133928202883,0.31316916646035486,0.7577518212303341,0.716028397160284,False,0.027778368020517398,5.720043099477152,9.999000099990002e-05,0.018245165261989212,0.03676175257745466,True,-0.0014591923849801543,-1.1151821005160387,0.2794405011450207,0.13908609139086092,False,0.004378964358388168,0.704536144005525,0.2405759424057594,-0.008013517430944422,0.01593564185231173,False,-0.001002001323092755,-1.1026100788089286,0.28472103647001096,0.33186681331866813,False
215,215_17Networks_RH_VisPeri_ExStrSup_3,0.0003997127820301994,-0.016433689014073525,0.015546490982055822,0.6368363163683631,False,0.00039971280331761293,0.008397536574479099,0.6368363163683631,0.04759881660204709,16,0.9626250555504029,0.014726725853066109,-0.004342915205930412,0.055431374390386486,0.012716829435224378,0.0012932748605496635,-0.007202580341337156,0.010796833391089689,0.38706129387061294,False,0.0012932755815769292,0.004709713840162273,0.38706129387061294,0.27459748627368125,16,0.7871394947484676,0.07110611258376465,0.0024673353247769672,0.035701747504083614,0.008190542604110838,0.0167759833484509,-0.0042261716274534355,0.03993684407691295,0.0913908609139086,False,0.01677755738947817,0.0116889041257261,0.0913908609139086,1.435340491205883,16,0.17045060166712597,0.47831764147931377,0.0226506705349102,0.06995953505398987,0.016049818075654376,0.007023667648163581,-0.006369603193998067,0.02005290772857034,0.1546845315468453,False,0.007023783148555928,0.007013344746157475,0.1546845315468453,1.0014883629389773,16,0.33149715699160953,0.2396527270062699,0.007023783148555942,0.029308171187103448,0.006723755601293391,-0.001968669444735966,-0.3924836813918917,0.6418358164183582,-0.011807207623005633,0.007466173829985117,False,-0.0002870050041161899,-0.338524924555461,0.7388844278773475,0.764023597640236,False,0.003256334464328024,0.8249358176432611,0.26987301269873015,-0.0038642640044564327,0.011096473317041652,False,0.0009570026247459292,1.3164294034749162,0.204547297933636,0.23527647235276472,False,0.008934659042735313,1.1973668704413112,0.07689231076892311,-0.005478421638046815,0.023214619397239164,False,-0.0014833030196605501,-1.3797820801527543,0.1845538197518911,0.10838916108389161,False,0.00959899859534989,1.8442744233047252,0.0527947205279472,-0.00038488498198671254,0.019808275295871987,False,-0.0017270770880866708,-1.366293010621523,0.18867426247946628,0.0907909209079092,False
216,216_17Networks_RH_VisPeri_ExStrSup_4,0.0020547233578725095,-0.011136017397152349,0.016148770341210577,0.38966103389661033,False,0.00205472624948385,0.007222879447387758,0.38966103389661033,0.2844746703099088,16,0.7796955101662031,0.11585964148284048,0.002255560426938974,0.03444400406229245,0.007901996469391432,0.011926579473278673,0.0029536666451768097,0.022176441794607763,0.0527947205279472,False,0.011927145013545156,0.005025524019299272,0.0527947205279472,2.3733137017636228,16,0.030494205949205804,0.5012604650676391,0.020305306662434918,0.05180749027397173,0.011885453401195215,0.027618403288288164,0.010215671139068978,0.04873144553070024,0.0032996700329967,True,0.02762542872410827,0.010270183205706577,0.0032996700329967,2.6898671786846355,16,0.016102609217178432,0.9977430553245243,0.04158267162423987,0.05932040072064061,0.013609033264821565,0.012240675754014423,0.0021043059852408463,0.02245894409741434,0.041495850414958506,True,0.012241287166035036,0.005375369308289526,0.041495850414958506,2.2772923056946737,16,0.03685218833011427,0.43121296838027623,0.012241287166035023,0.028388031120714672,0.006512660992699102,-0.008775530718211333,-2.33179351205878,0.954004599540046,-0.016093641939934105,-0.001789346363628298,False,-0.0005273087332970325,-0.5579198993998147,0.5837723114145661,0.5652434756524347,False,0.004642925287634622,0.7771228359791456,0.19658034196580343,-0.007143449688099274,0.015630264297380018,False,0.0005834679296097624,0.6344512181944277,0.5337677969493281,0.5049495050494951,False,0.01920188905341704,3.09373499428319,0.0004999500049995,0.007664569089197603,0.031421334935337795,True,-0.0006204963434786555,-0.5440006305643944,0.5931161832773497,0.48755124487551244,False,0.006356198298906747,1.4498302159441325,0.10638936106389361,-0.002125204281603935,0.014482020693050027,False,-0.0015014466835848318,-1.8992546765125322,0.07367776297005325,0.08849115088491151,False
217,217_17Networks_RH_VisPeri_ExStrSup_5,-0.003241344821873098,-0.01647387037281152,0.009717016137072971,0.7383261673832616,False,-0.003241356173475919,0.006836502006359072,0.7383261673832616,-0.4741249502246799,16,0.6418164574942344,-0.15070238959265306,-0.007411665821845099,0.04963519917741111,0.011387095645097272,0.021012988300424872,0.004210461740550988,0.036813699231690616,0.0022997700229977,True,0.021016081851416513,0.008613914745323298,0.0022997700229977,2.4397828946271667,16,0.02671313268578222,1.1035699698253822,0.03128073866306966,0.04122036613044212,0.009456600546228626,0.013022893823108854,-0.0007227662047673242,0.02727357812482658,0.025697430256974303,True,0.0130236301072398,0.007224211071375486,0.025697430256974303,1.8027754143069503,16,0.09028949717300173,0.6489060840269362,0.021803166028058325,0.044018782654092724,0.010098601326677436,0.006053132601002794,-0.0044444763296031566,0.016277526629398232,0.0638936106389361,False,0.006053206532390202,0.005427337327412856,0.0638936106389361,1.1153179113846767,16,0.28118636361524163,0.37304906406121824,0.006053206532390205,0.016226301351601448,0.003722568832582534,-0.011246322750551064,-2.0680523450781965,0.9824017598240176,-0.021588888239115818,-0.0009092005377579935,False,-0.0007137211202547709,-0.645374860389195,0.5268260311210284,0.46415358464153583,False,0.010866322011354934,2.3083507968494748,0.021597840215978402,0.0020721075960540222,0.019845652835424176,True,0.0003422119082927227,0.3897870464855041,0.7012676546834268,0.7121287871212879,False,0.006005759627985837,1.2863326110447877,0.1264873512648735,-0.0026832929527660435,0.014909735121572995,False,-0.0001630328563736152,-0.14653958937497663,0.8851241768504399,0.8658134186581342,False,0.0047665759233951055,1.1717100772067834,0.17988201179882013,-0.0029112742194811903,0.012788982572714701,False,-0.0017312478421564845,-2.2633531099874813,0.036209809879369975,0.0321967803219678,True
218,218_17Networks_RH_VisPeri_ExStrSup_6,-0.00013298069644035663,-0.015557970028734379,0.01578182869346591,0.634936506349365,False,-0.00013298069722422756,0.008209989823701518,0.634936506349365,-0.016197425341542393,16,0.9872771496753354,-0.006580705418537793,-0.0032736632891266874,0.042484102398818946,0.00974652152965714,-0.0021476632853636717,-0.013613149836519263,0.009747665105478575,0.6662333766623337,False,-0.0021476665873747486,0.006078282011054925,0.6662333766623337,-0.3533344756739923,16,0.7284501207086044,-0.12694237864169344,-0.003383410684796492,0.034543282777992394,0.007924772568811462,0.043216511208888975,0.02402509486433856,0.06427023445259944,0.00039996000399960006,True,0.04324344608021446,0.010679229151303982,0.00039996000399960006,4.049304071252582,16,0.0009304620728615389,1.4421294384118555,0.058777888214775705,0.056564094850552714,0.012976693330863613,0.00783615234270243,-0.005080510985781779,0.020751713621038666,0.06969303069693031,False,0.007836312742330919,0.006818435925569035,0.06969303069693031,1.1492830361498094,16,0.26733001554873487,0.35242354507361817,0.007836312742330917,0.022235497179094496,0.005101172903318769,-0.0024172389300218585,-0.5581228498276201,0.6888311168883112,-0.01063828757652045,0.005737306709839323,False,-0.0007244373165815866,-0.7735844499566267,0.44921765240618156,0.4163583641635836,False,-0.0036915998579681673,-1.0091483362416485,0.7736226377362264,-0.010423835162094665,0.0035891075503002613,False,-0.0001038389842709651,-0.11457810973160519,0.910047954187542,0.901009899010099,False,0.0180022591612811,2.8290659560714855,0.0006999300069993001,0.006191287797716719,0.030235643454300982,True,-0.0005994015060489028,-0.7601967358653783,0.4569795551460619,0.44685531446855314,False,-0.0008806775576753745,-0.21059403545509034,0.5683431656834317,-0.008796555509815566,0.0071794875743571036,False,-0.0006038513103761021,-0.5343397383958743,0.5996448881122692,0.5297470252974702,False
219,219_17Networks_RH_VisPeri_ExStrSup_7,0.0008660859844067432,-0.014640527516049821,0.015200706392129955,0.40855914408559146,False,0.0008660862009586302,0.007869521252085258,0.40855914408559146,0.11005576746223733,16,0.9137337511430661,0.0402650858557699,0.0028722574771896645,0.04700031817911942,0.010782612487212587,0.015373119155840576,0.0030023086196139985,0.028419825849980627,0.0273972602739726,True,0.015374330384990703,0.006688966145527295,0.0273972602739726,2.298461384091627,16,0.03535226944568638,0.6182048552015841,0.02486121181953534,0.05193134903542477,0.011913868549850262,0.06270710712888222,0.031395416103789445,0.1021701719673544,9.999000099990002e-05,True,0.06278949349563831,0.01884093611376174,9.999000099990002e-05,3.3326100739642013,16,0.004219172562602802,1.7021974398949564,0.08228881529821543,0.0645570534063726,0.014810403783744019,0.007012380936371378,-0.0038291960644385938,0.019134077983199417,0.10088991100889912,False,0.007012495880835591,0.006062719643126755,0.10088991100889912,1.1566584459806888,16,0.26439021719974576,0.3085081561478795,0.007012495880835595,0.022730341941022265,0.005214698077528432,-0.0017218061129938417,-0.3640808911107045,0.6258374162583742,-0.010368817078131282,0.007531555527251164,False,-0.0005870904229902464,-0.6956156520616639,0.49555331564147853,0.48275172482751727,False,0.008804893387408702,1.6437787796784369,0.04559544045595441,-0.0010239134568723722,0.019514768805694083,True,-0.0011770418611042179,-1.38558997744766,0.18280209700288244,0.19518048195180482,False,0.033747494633568874,5.182469164553304,9.999000099990002e-05,0.021738962076085257,0.04647225609185774,True,-0.002506868834536442,-2.440988089509731,0.025208169735309243,0.0065993400659934,True,-0.0022112770040378553,-0.4252725192913264,0.6691330866913309,-0.01218502186790296,0.007593532837478565,False,0.00040898950905173345,0.5150061318787158,0.6128153011096156,0.6432356764323568,False
220,220_17Networks_RH_VisPeri_ExStrSup_8,0.03662771092443998,0.024259255775641128,0.0489853088195331,0.0029997000299970002,True,0.03664410390260813,0.006531934443360517,0.0029997000299970002,5.6099926017866855,16,3.9105284281483464e-05,0.9797105714595528,0.053413771004418596,0.07636601350446783,0.017519565030896713,0.029099384586864268,0.01462332155145994,0.04450410411215011,0.0093990600939906,True,0.02910760229826903,0.007887874296202144,0.0093990600939906,3.6901706600831323,16,0.0019831087308240392,0.7614890116381761,0.04542516793314199,0.07672783627152394,0.017602572866531968,0.12919969972565437,0.09127856632252591,0.1700313848753874,9.999000099990002e-05,True,0.12992587813767573,0.020953491660914276,9.999000099990002e-05,6.200679115454242,16,1.2710368118307808e-05,3.591737142409566,0.16409752839867114,0.06372400252031953,0.01461928880336863,0.049357886344402656,0.02876968251613442,0.0712779794066805,0.00039996000399960006,True,0.04939802694487564,0.011220781454251138,0.00039996000399960006,4.402369580610677,16,0.0004450465900231919,1.1761599820792012,0.04939802694487558,0.04199941138751415,0.009635325785598187,0.010305026199501341,2.056420048482884,0.0580941905809419,0.0006748138984881283,0.019609815870613008,False,-0.0026610242500016115,-3.2934931285697098,0.004038896077922125,0.0024997500249975004,True,0.006085002133864242,1.1759545476530338,0.18248175182481752,-0.004017824982995151,0.016239619019777506,False,-0.0019849339571626915,-2.068761853904644,0.05324238950844619,0.0352964703529647,True,0.04159760510304948,7.275530757121072,9.999000099990002e-05,0.03062553004638324,0.05236675144569524,True,-0.004227766805971532,-4.184264211449805,0.0005573679926590435,9.999000099990002e-05,True,0.01919071151920999,3.407277677807386,0.004399560043995601,0.008294729272332612,0.02983540995121308,True,-0.0026493511053150855,-2.795850659362713,0.011942419253948929,0.0058994100589941,True
221,221_17Networks_RH_VisPeri_ExStrSup_9,0.042811321611428116,0.026130313829323095,0.05842716863379465,9.999000099990002e-05,True,0.042837505406940646,0.008532260318042908,9.999000099990002e-05,5.020651481572063,16,0.00012553181999755354,1.6333382912659582,0.05428284520193518,0.047492312376293595,0.010895483697017358,0.023355324453804525,0.008021433857381046,0.03873303175443923,0.0244975502449755,True,0.02335957239630171,0.008036005855947097,0.0244975502449755,2.9068635358216315,16,0.010293300191344487,0.7266693972831197,0.031090518408957473,0.064983007325067,0.014908124314596335,0.15294997504102875,0.11964505680185523,0.1905712848978029,9.999000099990002e-05,True,0.15415968914684827,0.018722109478811727,9.999000099990002e-05,8.234098263409612,16,3.806801690303615e-07,2.2885537674963548,0.19367866213161886,0.10715157447375313,0.024582257093282225,0.014451738330885146,-0.016601879268785955,0.044268299809246306,0.05349465053494651,False,0.01445274455203255,0.01622878368947546,0.05349465053494651,0.8905624000278783,16,0.3863597363309825,0.39203249312266314,0.014452744552032552,0.036866190444857914,0.008457684135918969,0.017521669919306846,3.048646557615847,0.004299570042995701,0.0059377695433681715,0.028286331351174098,True,-0.004104848419158237,-4.426174693590037,0.00032603871545549244,0.00039996000399960006,True,0.017126443171176176,2.750529703691299,0.005699430056994301,0.00461979245336766,0.028460832611500494,True,-0.0005569285475284645,-0.606204434683804,0.5519480362717809,0.5980401959804019,False,0.02623499334009513,5.790942725681994,0.0051994800519948,0.017749708020986698,0.03507815515512625,True,-0.0013194427052912903,-1.1033950417645768,0.28438920400230955,0.12438756124387561,False,0.01071279063305357,2.5335309524589333,0.0715928407159284,0.00268298520792259,0.01880531889211053,False,-0.002016656420296997,-1.6142693220549378,0.12386195289449263,0.0352964703529647,True
222,222_17Networks_RH_VisPeri_ExStrSup_10,0.030958489936941884,0.014755798506069583,0.04726901295541577,0.0040995900409959,True,0.03096838612399032,0.008519846867533577,0.0040995900409959,3.6348524340268336,16,0.002228909579296206,0.9677825670501033,0.046874008676618895,0.0663912385125399,0.015231194705929844,-0.003572961604825671,-0.021822574130233023,0.014851290729239191,0.7947205279472053,False,-0.003572976809149809,0.009701355039000489,0.7947205279472053,-0.3682966755454326,16,0.7174793995494652,-0.11833867589420717,-0.012009607907678561,0.06285248907303544,0.014419349906281888,0.09336485059149742,0.07193695134600686,0.11581511461671502,9.999000099990002e-05,True,0.09363756535958959,0.011483241908574186,9.999000099990002e-05,8.15427961067974,16,4.324439079596579e-07,1.883735431085354,0.12696095710512015,0.08602748096907233,0.01973605767955551,-0.00467796016898252,-0.027101407367150724,0.01580316652357946,0.7098290170982902,False,-0.0046779942925168376,0.011300735718939239,0.7098290170982902,-0.41395484407947397,16,0.684403096190057,-0.12786075740462424,-0.004677994292516834,0.036586630546172984,0.008393548696601387,0.006744721727531625,1.1383470945708716,0.18498150184981502,-0.004584992321467081,0.017929599826810857,False,-0.00024778172172901225,-0.14556556320395816,0.8858820480573659,0.8363163683631637,False,-0.014062712695397592,-2.0460453827633773,0.9864013598640136,-0.027031072216574595,-0.0005066876696687134,False,-0.0006078222216404121,-0.6676397363381588,0.5128333574719285,0.5072492750724927,False,0.03478438316098381,6.498037697139249,9.999000099990002e-05,0.02474263466452557,0.044957860164254675,True,-0.0013891197417542696,-1.3851163671205862,0.18294444047941422,0.10978902109789021,False,-0.005264760466403323,-0.8695044296956131,0.7802219778022198,-0.016917419104182187,0.0064250197308677,False,-0.001430912326950411,-1.050406149242936,0.307430275860657,0.18088191180881913,False
223,223_17Networks_RH_VisPeri_ExStrSup_11,0.011110861344902521,-0.0036159966155876505,0.024969544583036792,0.0628937106289371,False,0.011111318595308063,0.007547492399319402,0.0628937106289371,1.4721867883311854,16,0.16036748713106785,0.4266230107531906,0.019678754885397644,0.05311072286610512,0.01218443546272353,0.0054522611609563515,-0.010422296124290801,0.024853107052213236,0.18938106189381063,False,0.005452315188651678,0.009340335053152907,0.18938106189381063,0.5837387157552986,16,0.5675349579354717,0.29807880625127736,0.00788960277167345,0.03809577929192267,0.008739771163627388,0.07037040473561983,0.048418200603821175,0.09346026409140734,9.999000099990002e-05,True,0.07048690902659692,0.011973533330639816,9.999000099990002e-05,5.886892956335923,16,2.2956479266729498e-05,1.8741788268358042,0.09638185421863754,0.06747784101982762,0.015480478417564848,-0.005845296677994083,-0.021076278254326127,0.009690433174420025,0.7867213278672133,False,-0.005845363252403833,0.008031814504966475,0.7867213278672133,-0.7277761767019584,16,0.4772666500516579,-0.18719881210613226,-0.005845363252403851,0.031225429192840194,0.007163604753698696,-0.0006624919020231043,-0.13468773580465743,0.5447455254474552,-0.010452346435843038,0.008292332091905422,False,0.001161680748976293,1.2095846397892713,0.24208571274770527,0.27417258274172585,False,-0.010031253848972028,-2.793643166365167,0.9413058694130587,-0.016734826566439275,-0.003079259362538684,False,0.0008273113617480491,1.0087837854088484,0.32644763963318624,0.3691630836916308,False,0.016677112953620992,3.147689433143401,0.0211978802119788,0.0063356006829793496,0.026313275644934134,True,-0.0019421364315744991,-1.8758217411814355,0.07699402880876899,0.036696330366963306,True,-0.0008246190229761042,-0.16841066257657883,0.5502449755024498,-0.009735592193774498,0.009029007791163713,False,-0.0006533556498386908,-0.7300519156417247,0.4747533705051485,0.5498450154984501,False
224,224_17Networks_RH_SomMotA_1,-0.0014591948556819622,-0.018361680291050602,0.016378066966637524,0.6906309369063094,False,-0.0014591958913466527,0.009099326612045157,0.6906309369063094,-0.16036306350571625,16,0.8746022475679749,-0.06332366603167681,-0.0062749409076949475,0.052713791180146456,0.012093373088692844,0.005057237332925887,-0.019239460742982627,0.030872010884032457,0.3702629737026297,False,0.0050572804476305576,0.01311918761233457,0.3702629737026297,0.3854873180467164,16,0.7049532502681674,0.19640298326383412,0.0040057518574387165,0.05568739027711026,0.012775563507759635,0.03531741815512764,0.02068389780168915,0.04948630377123958,0.0035996400359964,True,0.035332113195314194,0.0076584455757401715,0.0035996400359964,4.613483616993572,16,0.00028766908358847804,0.9731932399791106,0.050908478975212834,0.07282420531452174,0.01670701850577147,-0.004523958216363312,-0.020304633479479108,0.009680094806564331,0.690930906909309,False,-0.004523989079483751,0.007938769835949643,0.690930906909309,-0.5698602142358986,16,0.5766871785143909,-0.11864910083741961,-0.0045239890794837425,0.0381291476088201,0.008747426380536438,0.0015227210302743207,0.2912639437418287,0.39956004399560047,-0.008391926728339038,0.011641747711563075,False,0.00040262891793097877,0.3663649796674612,0.718363614069516,0.724027597240276,False,0.004857611011316227,0.8376971358469684,0.23307669233076692,-0.006295441219203862,0.015980531874126198,False,-2.3369914665172652e-05,-0.017351742549149906,0.9863468966657384,0.9854014598540146,False,0.015179811753542341,2.234750387422193,0.011998800119988001,0.0015021616716384982,0.027206345318266316,True,-0.0030116171545033874,-4.220384295825585,0.0005143946800418127,0.0035996400359964,True,-0.002513534750443688,-0.29112219058583855,0.6495350464953504,-0.018331622575698994,0.013961050830526716,False,-0.0008147548643667515,-0.5997533611368907,0.5561459739448587,0.48765123487651235,False
225,225_17Networks_RH_SomMotA_2,0.03173183714667887,0.01691951829662969,0.04709351639413543,0.006399360063993601,True,0.03174249394831995,0.007808936554484406,0.006399360063993601,4.064893308691479,16,0.0009005011507347165,0.8723650648144922,0.04254887779953192,0.06709905661380956,0.015393579315079491,0.03174318138825392,0.01205606721316397,0.051027200138508866,0.0025997400259974,True,0.03175384962812497,0.01012694630236622,0.0025997400259974,3.1355799349607985,16,0.0063854718225432846,0.9809384075751589,0.048186946884602226,0.06399699001496648,0.014681916429790547,0.03253287359713962,0.013571216574457725,0.0518784660631376,0.00039996000399960006,True,0.032544358357424856,0.010100035070948024,0.00039996000399960006,3.2222025100720892,16,0.005323359583993824,1.2707710543372002,0.048595747572837085,0.04964773183174013,0.01138997083318751,-0.03258410447084255,-0.052918771964306645,-0.014109255180112794,0.9941005899410059,False,-0.03259564359632365,0.010197827599372211,0.9941005899410059,-3.196332089231464,16,0.005620863856587322,-0.6024857878389817,-0.03259564359632374,0.054101929463330416,0.012411833851643314,0.013051258406760585,2.090730038661546,0.061993800619938005,0.0013302136876100564,0.025565298483754825,False,-0.000170175049045839,-0.1827097356746135,0.8570678929115417,0.8897110288971103,False,0.008908771162182463,1.7197887327896222,0.10868913108689131,-0.0011169036630677167,0.018371554780833813,False,-0.0011869200146546592,-0.9289236258765307,0.36521920166790206,0.2655734426557344,False,0.009421629288815266,2.2877910226394604,0.08949105089491051,0.001556719070905136,0.01714255581348481,False,-0.0008842643053332051,-0.6869407516223422,0.5008752782191777,0.4246575342465753,False,-0.011466786284177188,-1.400460127501339,0.9073092690730927,-0.02701014118050651,0.003528322306529948,False,-7.052054168551104e-05,-0.051662642140393185,0.9593665196626356,0.953004699530047,False
226,226_17Networks_RH_SomMotA_3,0.04661105370573237,0.029207547280948806,0.06379615388808499,0.024197580241975804,True,0.04664485335116682,0.009256209266130893,0.024197580241975804,5.0393041049583385,16,0.00012090470771967362,0.6623004368193157,0.06754391896377718,0.14104095202667197,0.03235701351500164,0.03995005959435341,0.022535701396179206,0.05825600830374902,0.007099290070992901,True,0.03997133349846012,0.009440516228010768,0.007099290070992901,4.2340198918213785,16,0.0006319308053987169,0.8501538337554913,0.059349243501022685,0.09524570337799078,0.021850862938479595,0.08602786093953718,0.06355338379972696,0.10952086932874089,9.999000099990002e-05,True,0.0862410331220451,0.011979514225653609,9.999000099990002e-05,7.199042590338402,16,2.118930797545956e-06,1.6833851503125747,0.11417470231785555,0.09239160395380815,0.02119608762454119,-0.05061670679105017,-0.0699565730369139,-0.032352001821593174,0.9986001399860014,False,-0.0506600008917705,0.009980382849728662,0.9986001399860014,-5.075957671618559,16,0.00011231624078427437,-0.7447270816436526,-0.050660000891770675,0.06802492099516663,0.015605987171593136,-0.003720040415139457,-1.040501247726415,0.6652334766523348,-0.01052446046386385,0.002969446117137663,False,-0.0006761707970243605,-0.7928240835042691,0.43820610006981847,0.413958604139586,False,0.008676605724081085,1.9053397287129619,0.11098890110988902,-0.00023946631953642616,0.017048934843621456,False,-0.0010618963964724268,-1.0939379750647857,0.28840597270366436,0.30256974302569745,False,0.03413794087124926,8.96289530649756,9.999000099990002e-05,0.026777821914750637,0.04117745839295501,True,-0.0005316982813024889,-0.4458948602715596,0.660990225860682,0.5144485551444855,False,0.0024554810828227255,0.4991272909053937,0.39046095390460955,-0.007305115947199609,0.011237306347261104,False,-0.002075369840737972,-1.6601831998952674,0.1141976038413604,0.023297670232976703,True
227,227_17Networks_RH_SomMotA_4,0.019593981162530687,0.0038978621751960566,0.03513480731353489,0.030096990300969902,True,0.019596489274157435,0.00819998812982024,0.030096990300969902,2.3898192246025887,16,0.029510861378651904,0.6216313906909714,0.030713949749628627,0.06649254362163719,0.015254435691878235,0.0018165165359970337,-0.01067400743665938,0.013480903551576958,0.42045795420457954,False,0.0018165185340071007,0.00642082782390544,0.42045795420457954,0.28291033240978763,16,0.780873026894658,0.0670089326284974,0.003012018695975645,0.05954426016307364,0.013660390143091193,0.029636994592277702,0.0054976537545041075,0.052999400302897674,0.0036996300369963003,True,0.029645676400520578,0.01231509535993175,0.0036996300369963003,2.4072632435291896,16,0.028504093242457812,1.0025424298048267,0.042231248944737794,0.058611259260723,0.013446345056376525,0.014546727210516594,-0.0017286765620667408,0.030795070933226323,0.0382961703829617,True,0.014547753405233024,0.00849006398551488,0.0382961703829617,1.7135033882021768,16,0.10592479334024058,0.4262959025616188,0.014547753405233036,0.03412595175748896,0.007829030266475717,0.016983876247613255,2.6613608520110574,0.0031996800319968005,0.00497057236791514,0.029177483984682073,True,-0.00037437405703285003,-0.274569889123924,0.7867731845811702,0.7135286471352865,False,-0.0018870324132905694,-0.3285088800286411,0.6379362063793621,-0.012973371378598176,0.009004228970620044,False,0.000335323455011933,0.44204292521030786,0.6637233301153825,0.7001299870012999,False,0.011197902429711262,1.9925378530567628,0.048995100489951,0.0006996860503947363,0.021972271952297524,True,-0.001930529807200497,-1.6228361613397817,0.12200783265261042,0.0364963503649635,True,0.015538261641378656,2.690502066145105,0.009799020097990201,0.004408372140874801,0.026452831773782305,True,-0.0028645211143497927,-2.80390975901227,0.01173795399780441,0.0034996500349965005,True
228,228_17Networks_RH_SomMotA_5,0.00032084491001468555,-0.014164000109488444,0.015325313424865513,0.5008499150084992,False,0.00032084492102410034,0.007694996280946662,0.5008499150084992,0.04169526654854053,16,0.9672575116474461,0.014632955097409547,8.281825187250735e-06,0.045407336677389394,0.010417157466950962,-0.013467116148846395,-0.028296656795042716,0.0017532850918905909,0.9428057194280572,False,-0.01346793038395608,0.007953538575441553,0.9428057194280572,-1.6933255878762603,16,0.10976914462161545,-0.5726726005686855,-0.01961275331920164,0.05069807202524943,0.011630935399495194,0.08524724885944045,0.055273530313948833,0.1164219472662193,9.999000099990002e-05,True,0.08545465385983053,0.01613974569876543,9.999000099990002e-05,5.2946716419681366,16,7.259863819137942e-05,2.0403758915604584,0.10628933199316205,0.07264315854568719,0.016665483528434395,0.0005346318075334585,-0.016138973838356354,0.016653181042095108,0.45955404459554045,False,0.0005346318584716122,0.008600038606805216,0.45955404459554045,0.062166216096815864,16,0.9512004374257584,0.02246634365308284,0.0005346318584716307,0.02379701239895564,0.005459409063433265,0.000611920318735511,0.12487051631909081,0.4557544245575442,-0.008303074899386852,0.010129608258011808,False,1.951003475052747e-06,0.002541936462286996,0.9979997905155631,0.9988001199880012,False,-0.01965081325695881,-4.08578942166797,1.0,-0.028776006654725923,-0.010574185380117503,False,0.0006542509355872324,0.934978855102383,0.36217398404012424,0.39436056394360564,False,0.030506301178629375,6.2908130514520595,9.999000099990002e-05,0.021046542975578866,0.03955933449645894,True,-0.0014340181176864903,-1.6092398019900014,0.12496156328404581,0.050094990500949906,False,0.0011080027402780546,0.1902173498361184,0.41915808419158085,-0.009810424400113303,0.0125233135112659,False,0.0002886264686148582,0.26757115055187763,0.7920713100895045,0.7382261773822618,False
229,229_17Networks_RH_SomMotA_6,0.007903656269793526,-0.008491051154449833,0.025010084323455466,0.19458054194580543,False,0.007903820850588926,0.008741199787512307,0.19458054194580543,0.9042032035328076,16,0.37930102018239675,0.23575641202423486,0.014062446903139578,0.07039163168872867,0.016148947842215978,-0.00011201510363680198,-0.014989825586371127,0.014536056429708932,0.761023897610239,False,-0.0001120151041053008,0.00763883568356008,0.761023897610239,-0.014663897581456675,16,0.988481617684162,-0.005096473644976417,-0.00802622081672759,0.049280197622169834,0.011305652702776404,0.011459845477428923,-0.005152264093046393,0.027757956906050055,0.08789121087891211,False,0.011460347183380933,0.008623858504143997,0.08789121087891211,1.328911783266612,16,0.20251832219392246,0.39289753633563634,0.01815153329731702,0.05632908389355638,0.012922778119696676,0.005674631220033999,-0.006167647049535447,0.017981117697463935,0.23607639236076391,False,0.005674692131642143,0.006374481797608625,0.23607639236076391,0.8902201483689218,16,0.38653796529464374,0.1697558580518329,0.005674692131642144,0.033428549664008905,0.007669035253397123,0.005701534856677998,0.7820570526653682,0.18118188181181882,-0.00847912305894989,0.019080080332197626,False,0.00032521346308756507,0.29467650794925937,0.7716125786134731,0.8015198480151985,False,-0.0011736699249677608,-0.2394205429369149,0.5735426457354265,-0.010531728492189604,0.008296814064812362,False,0.001511894362505534,1.635366963893839,0.11933821305163482,0.14388561143885611,False,0.008839116792036514,1.4656279221881912,0.0690930906909309,-0.0023638737917038096,0.02067900738911181,False,-0.00039807368673958754,-0.30622770578292574,0.7629450250004646,0.6970302969703029,False,0.0042194926939055485,0.5454484816345546,0.2615738426157384,-0.010877759288828058,0.018552289713370775,False,-0.0001002499134262343,-0.0863307618797785,0.932156570821291,0.9316068393160684,False
230,230_17Networks_RH_SomMotA_7,-0.009266479866660682,-0.029008442869230024,0.009125336612472255,0.8668133186681332,False,-0.009266745110606928,0.010118517621481906,0.8668133186681332,-0.9158204252106414,16,0.37335840450305385,-0.32156090388126674,-0.016595785040037832,0.06287914323771542,0.014425464791032652,0.0060642486332907666,-0.011111919439609467,0.02269357492513172,0.21487851214878512,False,0.006064322972737602,0.008807272580901748,0.21487851214878512,0.6885585653256456,16,0.5009639110226161,0.2580264780952046,0.00913872355008984,0.04844860172441292,0.011114871519608754,0.035678829453687694,0.011871403840698869,0.05978707290767568,0.0004999500049995,True,0.03569398049289174,0.01244272072109907,0.0004999500049995,2.8686636381997714,16,0.011141976312234422,1.2851504357153882,0.04599007872513892,0.054078828644961094,0.012406534160444106,-0.013914518047208595,-0.02549845307406732,-0.001896863811163985,0.9869013098690131,False,-0.013915416165839816,0.006208560425125736,0.9869013098690131,-2.2413273308132458,16,0.03953716972918601,-0.5469180563962626,-0.013915416165839812,0.025443329221073608,0.00583710004536291,-0.014533271706154137,-2.255131546555802,0.9921007899210079,-0.026677138079538247,-0.002517152804189016,False,-0.000404278772613236,-0.3690593188119623,0.7163889777204323,0.6639336066393361,False,0.0008864370952088099,0.17138792892497032,0.4370562943705629,-0.008941736208051889,0.010960981883924182,False,-0.0011795104766240097,-1.3550724276407748,0.1921575539766848,0.20337966203379662,False,0.028555569566311268,4.015828785810038,9.999000099990002e-05,0.015583995280859315,0.042317211827007234,True,-0.0016393687961855008,-1.4893211407687017,0.15371579407454056,0.09249075092490751,False,-0.008982129814776764,-1.7517703322548273,0.943005699430057,-0.019056651881236224,0.0006044836361930519,False,-0.001764312809706101,-1.598353084927578,0.12737002997533617,0.0654934506549345,False
231,231_17Networks_RH_SomMotA_8,0.013868636999827318,0.0008464132903396748,0.028178578610615214,0.04999500049995,True,0.013869526262803947,0.007089550142758774,0.04999500049995,1.9563337565177115,16,0.06811411474432262,0.5175738179272026,0.022102883335884133,0.05499032104675191,0.012615644858718387,-0.0031080735075458576,-0.02118728535222959,0.014999423801765452,0.7832216778322167,False,-0.003108083515725845,0.009551418643344484,0.7832216778322167,-0.32540543261514193,16,0.7490908302096198,-0.14038042357086983,-0.008723748062805514,0.04768030209094439,0.010938611495364087,0.023187107862645866,0.006896843281237029,0.039169898504095316,0.0136986301369863,True,0.023191264657773412,0.008526105108099659,0.0136986301369863,2.720030349583903,16,0.015137587198155663,0.8537936607300698,0.031632124357259504,0.05650253947355872,0.012962571558876857,0.005369984683928461,-0.007953289426127417,0.018449972391794273,0.09509049095090491,False,0.005370036302430903,0.006999590829571205,0.09509049095090491,0.7671928878676858,16,0.4541397151411716,0.3157304719700775,0.005370036302430906,0.01700829276605215,0.0039019699668092207,0.013367133573426986,2.0022863344366195,0.008799120087991202,0.0004327588827309483,0.026082989243794635,True,-0.0008941988359465728,-1.0250879977633462,0.31890140009481094,0.3681631836816318,False,-0.0006802408739131269,-0.116729478622606,0.547045295470453,-0.011336513230419613,0.010423565860075685,False,-0.0016232055099226813,-1.3070575006790313,0.20764523879921312,0.11358864113588642,False,0.01211537991222107,2.168495118129762,0.036396360363963605,0.0013700877670004205,0.02282338642616814,True,-0.0011981305821766803,-1.191199024599231,0.24904664633495383,0.25807419258074193,False,0.008726754434385654,1.9416308772876985,0.09469053094690531,-0.00016814910791101807,0.017292415261068596,False,-0.0018964584063449698,-1.948874654428554,0.06707075354404832,0.06419358064193581,False
232,232_17Networks_RH_SomMotA_9,0.014101997614895664,-0.005625144406523623,0.03334217038781799,0.054094590540945904,False,0.014102932530654248,0.01029239873801466,0.054094590540945904,1.3702279604234047,16,0.1895365628546805,0.64049953528935,0.0184662618551138,0.04747937936269463,0.010892516660211394,0.0031531297141245127,-0.01146942841436961,0.01962471826618306,0.41575842415758424,False,0.0031531401638973024,0.008334342067924416,0.41575842415758424,0.3783310233968545,16,0.7101573672016054,0.13974871555677154,0.002157226234752435,0.048007640981167055,0.011013708187088895,0.027341957407164722,0.010506870242682551,0.04514503124231354,0.000999900009999,True,0.02734877392249133,0.00913880679840272,0.000999900009999,2.9925978878633632,16,0.008611424207119649,1.234662639927337,0.04157062675854304,0.04517953910797331,0.010364897120389441,-0.007138409120610013,-0.024101465524619756,0.01025696721819401,0.8966103389661034,False,-0.007138530374680947,0.009154388733332582,0.8966103389661034,-0.7797932317084618,16,0.44689500301426627,-0.3017628059849682,-0.007138530374680942,0.023656097547808928,0.005427080979444181,0.009275877640267573,2.030105571776583,0.0570942905709429,0.00044908211818104016,0.017780309200705637,False,-0.0002438441332330626,-0.4025690966941659,0.6920059924636811,0.8245175482451755,False,0.001138723118198256,0.21925469214657817,0.4106589341065893,-0.00844431033294306,0.010966788947453574,False,-0.000220852823913264,-0.3169184126483314,0.7549517587878299,0.8083191680831917,False,0.026768002911555927,4.971253747123061,9.999000099990002e-05,0.01660215240507294,0.03690624228542646,True,0.0020788958794879823,1.8775713226221427,0.07674194128619961,0.07689231076892311,False,-0.00667892581156667,-1.2434358584922949,0.8469153084691531,-0.017164232825074104,0.0032693543107967615,False,-0.0006580527731598642,-0.7159275487039574,0.48322122979194565,0.5232476752324767,False
233,233_17Networks_RH_SomMotA_10,0.00521634441101138,-0.007974777069609957,0.018860031336699095,0.32896710328967105,False,0.005216391724460618,0.007087394182818852,0.32896710328967105,0.7360098210857402,16,0.4723780399693558,0.1344114359829221,0.007893770248117762,0.0821717325550463,0.018851488327531477,0.01595763128316219,0.0026493273888821907,0.02946665338778283,0.025197480251974803,True,0.015958986005791233,0.007171701743453458,0.025197480251974803,2.225271849928655,16,0.04079356612958875,0.5700059788048968,0.02813599649719537,0.058521309536948604,0.013425709174485368,0.020820894887992904,-0.0035740597083554057,0.04526143507449498,0.023397660233976603,True,0.020823904357194004,0.012810450570550243,0.023397660233976603,1.625540354143809,16,0.12357952759000625,0.9337565870477545,0.0230346232471901,0.04817178444509614,0.011051365280326242,0.0006468659076872275,-0.009393513412985896,0.01061611116236229,0.45225477452254775,False,0.0006468659979111372,0.005244218904445998,0.45225477452254775,0.12334839748255551,16,0.9033674153258172,0.021751831146970414,0.0006468659979111372,0.029738461720324235,0.006822471019749792,0.00891603069584512,1.0649159049734507,0.06429357064293571,-0.006905054456022717,0.024873405177991574,False,-0.000800693485847953,-0.6613727272027655,0.5167505995174461,0.43455654434556545,False,0.011012334839162608,1.8993787216132314,0.043795620437956206,0.00047078183292521234,0.022558496998193275,True,0.0008945455401538833,0.8129969741138395,0.4268429815009391,0.38446155384461556,False,0.012827558904055946,2.307638704483021,0.027497250274972504,0.0026696560675317127,0.02394255240274126,True,-0.0005114053920882004,-0.4126120464522556,0.6847638536336548,0.6173382661733826,False,-0.002664347869350274,-0.42619306710828725,0.666033396660334,-0.014717933240661911,0.00935752106375853,False,-0.001590865689713382,-1.248472241026713,0.22785338902458052,0.17938206179382063,False
234,234_17Networks_RH_SomMotA_11,0.0023065843310672227,-0.012656983776833438,0.017182147364197393,0.42615738426157385,False,0.0023065884216778667,0.00791200611184833,0.42615738426157385,0.2915301617656385,16,0.774391585106036,0.07927513785628679,0.0030325236296747282,0.06510237352034863,0.014935508797886207,0.003456611159729133,-0.011918385956068627,0.01772971358350022,0.40715928407159285,False,0.0034566249265430417,0.007859425463711097,0.40715928407159285,0.43980631186123365,16,0.6659602384162235,0.10218984635800557,0.0038606911969445053,0.06743742772359203,0.01547120697155083,0.05938010094717798,0.03983055476314832,0.08042000499812259,9.999000099990002e-05,True,0.05945004031097331,0.010631267415857319,9.999000099990002e-05,5.591999334180909,16,4.049665868249502e-05,2.2547660127926363,0.08149043497750912,0.04869400153211263,0.011171170096583877,0.00582845521292108,-0.007608603393415883,0.020372366041044764,0.22597740225977403,False,0.005828521213536976,0.007428385448485892,0.22597740225977403,0.7846282686805094,16,0.4441342706341256,0.20357909421233975,0.005828521213536981,0.028630254182473346,0.006568230774172843,-0.008241464384353586,-1.5099084048116882,0.9217078292170783,-0.018972312978734616,0.001949894790331363,False,0.0003271840241255628,0.29309462012086496,0.7728020051140655,0.7591240875912408,False,-0.011368556738422504,-2.878803980837113,0.9704029597040296,-0.01862230470994997,-0.0036835964176842226,False,-0.0022345579036461803,-1.9948602421744337,0.06142521328158488,0.022997700229977002,True,0.01910893044568898,4.991713045283091,0.0022997700229977,0.011660498579077763,0.026159336878971873,True,-0.0008833476244572759,-0.8567082671749372,0.4028680460825861,0.34926507349265073,False,0.0004993507315480133,0.07036691197139482,0.46715328467153283,-0.011283645913848513,0.015311162809180158,False,-0.001066081542888981,-1.3234211518045613,0.20225997056711184,0.24997500249975002,False
235,235_17Networks_RH_SomMotA_12,0.0034227162270279283,-0.007803444658271825,0.015322877441786606,0.30386961303869614,False,0.0034227295928131933,0.0060923735155238145,0.30386961303869614,0.5618056056628551,16,0.5820335985163165,0.1450393640630428,0.005664108798508145,0.04742982092004635,0.010881147173721755,0.014328904776422364,0.00016523770235421666,0.02948605207824172,0.025597440255974404,True,0.014329885555607783,0.007794271640746166,0.025597440255974404,1.8385150295115895,16,0.08462296666099924,0.6568323553892289,0.024200453654535214,0.0488159687148778,0.011199151287326072,0.03565975749027262,0.01699100117676896,0.055558391799083964,0.000999900009999,True,0.03567488423333376,0.01009379512361395,0.000999900009999,3.534338055849189,16,0.0027562091327428023,1.2166833928339955,0.05152930507619367,0.05631326725091947,0.012919149533018762,0.0072899117346562166,-0.0054569133739845125,0.021172681092361697,0.0908909109089091,False,0.007290040874246221,0.006900437926398712,0.0908909109089091,1.0564606119210234,16,0.3064492086713429,0.3179802346726794,0.007290040874246226,0.02292608181055782,0.0052596038833456595,0.00222231262728676,0.36888536617105955,0.34296570342965704,-0.009349900023047647,0.013224316117755952,False,-0.00011095501041991935,-0.0970123834004731,0.9237885924651832,0.9203079692030797,False,0.013412139370218304,2.7945513256073897,0.0082991700829917,0.004214147193723245,0.022658440367905854,True,-0.0012464609195315408,-1.2679570834243774,0.22096960772471777,0.1725827417258274,False,0.024785242954712523,4.235746057024051,0.00019998000199980003,0.013657565250405623,0.03586555221924222,True,-0.0018447486581365316,-1.7032319757817285,0.1057284932785659,0.044295570442955706,True,0.0008728500572445694,0.15444035242987963,0.44725527447255276,-0.009657983051329883,0.012188473174824924,False,-0.00011381661008399387,-0.09321905021263138,0.9267592928557038,0.9183081691830817,False
236,236_17Networks_RH_SomMotA_13,0.004334029449708363,-0.008867226555165324,0.019363690874226198,0.23727627237276272,False,0.0043340565865446126,0.007366404693050934,0.23727627237276272,0.5883543963628725,16,0.5645080998356653,0.2097629971215286,0.006774199260516143,0.04107244250237234,0.009422664538538201,0.008662038535765273,-0.003925497114115678,0.02212450874800114,0.19588041195880412,False,0.008662255185734493,0.00680012659826856,0.19588041195880412,1.2738373411959807,16,0.22091498475339424,0.32133028204500413,0.01055717559799825,0.05107464653864448,0.01171732751784267,0.04645955363485767,0.03728458197449709,0.057036621459220976,9.999000099990002e-05,True,0.04649302448936273,0.005172434599736649,9.999000099990002e-05,8.988615243531523,16,1.1852085869880743e-07,1.9653070416603973,0.06621625058344661,0.04575165817727635,0.01049615023653494,-0.0024391500473908492,-0.014500040682793572,0.008971506123358588,0.6817318268173183,False,-0.0024391548846109347,0.0062427785889539586,0.6817318268173183,-0.39071622513199555,16,0.7011602743703489,-0.10824510673709759,-0.0024391548846109364,0.02253362722931281,0.005169568627578471,0.004220676430712589,1.0055199067924208,0.21377862213778623,-0.0037505466477331744,0.012191874781635739,False,0.001510253121918058,1.4546102535933163,0.16299400231009567,0.13858614138586142,False,-0.0006610433851216325,-0.12038139042326852,0.5436456354364564,-0.011334639304518722,0.009067471317837755,False,-0.00020130514031152405,-0.19605257112205532,0.8467653687959229,0.8329167083291671,False,0.0227666264351555,4.5319837441454265,0.00019998000199980003,0.013460793853233888,0.032556817918902546,True,-0.0005170358009562108,-0.6333614383574165,0.5344630735004007,0.5364463553644635,False,-0.0023569017584323592,-0.46999953983939047,0.6518348165183482,-0.011878500313868239,0.007024889085567408,False,0.0004132133174789055,0.5294790843365023,0.6029429588520733,0.6503349665033497,False
237,237_17Networks_RH_SomMotA_14,0.014642088404710473,-0.006408795220906618,0.03616251268862507,0.06059394060593941,False,0.014643134915449907,0.011215460804130054,0.06059394060593941,1.3056204440621482,16,0.21014396243895078,0.5532593530888035,0.02116732958423317,0.057381771300697514,0.013164281173742258,0.011236894591691355,-0.001985482793966198,0.023986924883814528,0.028397160283971604,True,0.01123736758017902,0.006858502102472077,0.028397160283971604,1.638457991596828,16,0.12083832867745309,0.47288789464327774,0.02372424652533426,0.05005729740329626,0.011483931619354177,0.0029695985093217887,-0.020982903859414384,0.02558224119471963,0.7494250574942506,False,0.0029696072385179454,0.01229686306089068,0.7494250574942506,0.24149307216102725,16,0.8122406723310711,0.15456184802379835,-0.00641321241328478,0.040173424332515896,0.009216415625337617,-0.00024357678183024395,-0.010869860404343474,0.010460625458452654,0.5175482451754825,False,-0.00024357678664735241,0.005744716549910287,0.5175482451754825,-0.04240014011677518,16,0.9667043374266152,-0.008989330360664856,-0.0002435767866473329,0.02709621038216445,0.006216296989935391,0.010727134709085782,1.6626529852473741,0.047995200479952004,-0.0021275395565644186,0.02269622982708755,True,-6.976841378371786e-05,-0.06866532312961364,0.9460130660687601,0.9525047495250475,False,0.009680307819809544,1.5897344194407108,0.05799420057994201,-0.0016935693918365285,0.021220058946864035,False,0.0004752451203316663,0.3496002719976795,0.7306956010230294,0.6785321467853215,False,-0.0034804151802471364,-0.725890008457505,0.6933306669333067,-0.013466500021061735,0.004895123642007714,False,-0.0016816742578405156,-1.4841362463189276,0.15507344048336652,0.1541845815418458,False,0.001885799817678014,0.350606869894038,0.3882611738826117,-0.008442738865519678,0.01219356564991102,False,8.560488057938787e-05,0.08650151241966988,0.9320227381843468,0.938006199380062,False
238,238_17Networks_RH_SomMotA_15,0.008537197016564767,-0.008718746350795158,0.029749675922985188,0.19638036196380362,False,0.008537404433230911,0.010252304022946869,0.19638036196380362,0.8327303222887611,16,0.41725411125514406,0.28191785229887917,0.013232355197995534,0.0656641145922127,0.01506438103813314,-0.0027177003198299394,-0.016454687858484675,0.010833972620239322,0.7866213378662134,False,-0.0027177070107426843,0.007268367491587559,0.7866213378662134,-0.3739088610871933,16,0.7133806431451375,-0.12379576331712772,-0.008196942530626342,0.04433832397194453,0.010171909132614374,0.014476851170821429,-0.003487633179329598,0.030846671868559668,0.025997400259974,True,0.014477862647073072,0.0089784430571201,0.025997400259974,1.612513723700883,16,0.126397524240104,0.615986203979467,0.022393976734026145,0.045880860001329585,0.010525791167817529,-0.012358392668062898,-0.02479361629983223,-0.0006281272027719166,0.958004199580042,False,-0.012359021890957056,0.006274427201627036,0.958004199580042,-1.9697450450540257,16,0.06643129782133345,-0.4181192937035157,-0.012359021890957089,0.029558602238816362,0.006781208424806085,0.011262202851779028,1.65579609299023,0.0314968503149685,-0.002027550402448194,0.02389231155723539,True,-0.0007941807175668729,-0.6514626432640634,0.5229791626297211,0.46695330466953305,False,-0.004430111971885149,-0.766772348121096,0.7809219078092191,-0.015192781650975424,0.00687514320322264,False,8.415665460552602e-05,0.05337551050905143,0.9580206498718655,0.9391060893910609,False,0.007754068942044142,1.696613796076536,0.10468953104689531,-0.001096298104072721,0.016700522359040428,False,-0.0007288041821448368,-0.8061797050808059,0.4306620685786147,0.42905709429057093,False,-0.011583759195889332,-1.73324188691035,0.9658034196580342,-0.024101686693909607,0.0012931443072544827,False,-0.001192930833592812,-1.094591757723192,0.2881269579313585,0.2526747325267473,False
239,239_17Networks_RH_SomMotA_16,0.003780479454314579,-0.012203528085205454,0.021750108898385637,0.37976202379762025,False,0.003780497464704526,0.008958088640560437,0.37976202379762025,0.4220205466138374,16,0.6786260138681863,0.14265925620310466,0.004317244668139176,0.05782204377806368,0.013265286607240228,0.0008227273154381851,-0.017230071600987534,0.01883482587432422,0.5512448755124487,False,0.0008227275010675468,0.009491501908740575,0.5512448755124487,0.08668043361081881,16,0.9320010453892656,0.030891860356918644,-0.0017293242472464717,0.053761011724660045,0.012333621958436758,0.027774974672857635,0.009515453541281606,0.04709027606590093,0.0020997900209979003,True,0.02778212030814405,0.009956520788578475,0.0020997900209979003,2.7903442274749266,16,0.013099624595466774,1.121730982792362,0.04069193985305976,0.05181984547391942,0.011888287878458331,-0.010822773656658785,-0.026291954091321693,0.004222784301696872,0.9825017498250175,False,-0.010823196252283531,0.008130313281636483,0.9825017498250175,-1.3312151546151758,16,0.20177634114977916,-0.5326105883156923,-0.010823196252283555,0.020321030955299624,0.004661964229616466,0.00044464232233095693,0.07940758462914031,0.46305369463053697,-0.010110245382217057,0.011276787464967667,False,-0.001088809008358113,-1.0260110614100715,0.3184779033929316,0.3003699630036996,False,0.001503420337317623,0.23406135723689206,0.39746025397460255,-0.010602598811239683,0.013548207843710918,False,-0.0003563294443675587,-0.31064658503558124,0.759637715224199,0.7363263673632636,False,0.015197698820241934,2.837391970312058,0.014498550144985502,0.004713872212569588,0.024972167998924565,True,0.0006036315713280381,0.5994621289761166,0.5563358869592266,0.5305469453054694,False,-0.010923852986934041,-2.5484787605567236,0.9538046195380462,-0.01918688178091727,-0.00284554978750049,False,-3.0507435317976356e-05,-0.04699807372454825,0.9630322844441804,0.9778022197780222,False
240,240_17Networks_RH_SomMotA_17,0.014387068811132702,-0.0014027374760081802,0.03149273789936189,0.013098690130986902,True,0.014388061583426502,0.008687051096838143,0.013098690130986902,1.6562653336600464,16,0.11714506971019781,0.6704472186638251,0.02392992183606913,0.043025181434737034,0.009870653573764265,0.022639408005914196,0.006000249511701788,0.040505607122807374,0.0026997300269973002,True,0.022643277084309292,0.009089391302462644,0.0026997300269973002,2.491176397937055,16,0.02409804628394086,0.954632574699837,0.03492652724895331,0.04766940561168769,0.010936111671578807,0.0318890621001397,0.011969668967699727,0.04814795437346095,0.0011998800119988001,True,0.031899878159930554,0.009675075761008182,0.0011998800119988001,3.2971192110444476,16,0.004546811833961472,1.045918431152756,0.0451816232597809,0.05771803228093615,0.01324142473329574,0.007933798070482249,-0.0047354557567593995,0.021310191082987498,0.09469053094690531,False,0.007933964541477446,0.006835290588425152,0.09469053094690531,1.1607355150215235,16,0.26277563396905435,0.3067326284948162,0.007933964541477455,0.025866059898520165,0.005934081113958912,0.012650634562501331,3.0504000375858413,0.019098090190980903,0.00444663652477142,0.020390199392224598,True,-0.000992239595841199,-0.8210615063220844,0.42235291971482225,0.3458654134586541,False,0.009240800726862114,2.2055821165796274,0.0638936106389361,0.0014371402977827353,0.017304971065069865,False,-0.0002520126168461397,-0.2726125689406507,0.788253832262092,0.7741225877412259,False,0.02067967730636691,3.1814146455646064,0.0011998800119988001,0.008835335363266725,0.03355571471505328,True,0.0009628549387610116,1.045053558087197,0.3098304124144791,0.3197680231976802,False,0.005303977659876594,1.2493138176346965,0.19688031196880312,-0.0028067182607624227,0.013501603533515386,False,-0.001214234692921165,-1.2566564900599224,0.22494203443294022,0.20607939206079393,False
241,241_17Networks_RH_SomMotA_18,0.0019313323572383756,-0.016086064044526675,0.01921397018406543,0.4216578342165783,False,0.0019313347585624074,0.009130593822772856,0.4216578342165783,0.21152345576313075,16,0.8351496282976234,0.0662515193007784,0.003096951810562054,0.060347636103778496,0.013844697224101952,-0.00025894534195330807,-0.016891413788076515,0.017828238526292364,0.5631436856314369,False,-0.0002589453477409689,0.009097960685459285,0.5631436856314369,-0.02846191104725574,16,0.9776457363463457,-0.014941151495007972,-0.001359144565821598,0.037628920948605996,0.008632666514181798,0.0356211503206023,0.01665023841049685,0.05433062393520752,0.0029997000299970002,True,0.03563622796083948,0.009786353833617412,0.0029997000299970002,3.6414203457905177,16,0.0021981980089783187,1.0777677581052567,0.04722264572917406,0.06621427547369604,0.015190596600505516,0.00032278104655600635,-0.016466533895169194,0.01835246922208524,0.4814518548145185,False,0.000322781057765935,0.009285120532911409,0.4814518548145185,0.03476325984372824,16,0.9726985211524072,0.009501909644139975,0.0003227810577659438,0.03397012493851707,0.007793281142444564,0.00266634254244051,0.37551877650302795,0.34166583341665835,-0.012042697511351766,0.0155592381522197,False,0.0008124527849128811,0.5695922497965556,0.5759945325445738,0.45545445455454453,False,-0.000520498288119399,-0.14876013514723427,0.5303469653034697,-0.00698260049908153,0.006191159341534601,False,-7.986432381524094e-05,-0.09108501373787856,0.9284310263240017,0.9219078092190781,False,0.022163408840622966,3.1811408027765444,0.00029997000299970003,0.00928737880318993,0.03537182816543149,True,-8.397943510792663e-05,-0.07876809362711365,0.9380861464149409,0.9288071192880712,False,-0.002546463142178799,-0.341542340075123,0.6452354764523548,-0.01641754976498699,0.011844376297353777,False,-0.00014927352096007665,-0.13476698018956776,0.8942916439204892,0.8893110688931107,False
242,242_17Networks_RH_SomMotA_19,0.020357937129803633,0.006650782721113294,0.03296381203142961,0.007799220077992201,True,0.02036075024855214,0.006981819773973735,0.007799220077992201,2.916252625776922,16,0.010094536140867857,0.8459594577364721,0.029354185338094446,0.045657939603627684,0.01047464972118403,5.4036859701707964e-05,-0.015715698361608334,0.01612676586159267,0.51004899510049,False,5.403685975430352e-05,0.008260400154274537,0.51004899510049,0.006541675795977113,16,0.9948614056704553,0.0024154401324962523,-0.0003539973756271676,0.04937631891766166,0.01132770444032225,0.029784630216999963,0.011771412817644506,0.049160694487586094,0.0023997600239976003,True,0.029793442463399628,0.009832230158892978,0.0023997600239976003,3.030181554126079,16,0.007961753709850958,1.1057063120294082,0.041157501707823875,0.05264771629474272,0.012078214470367533,-0.0018851644667748216,-0.014312678356064593,0.010006399345969443,0.6291370862913709,False,-0.0018851666999737304,0.006442286135228982,0.6291370862913709,-0.2926238699124042,16,0.773570421068712,-0.08028999331581431,-0.0018851666999737317,0.02347947262317706,0.005386560442739928,0.00948964337835759,1.9325196896199806,0.0730926907309269,8.559317566093731e-05,0.018537742702684597,False,-5.766158041973653e-05,-0.0537081805695413,0.9577592725121366,0.9505049495050495,False,-0.007927210769485887,-1.736658989567948,0.9139086091390861,-0.016340419256862197,0.0008085880482475642,False,0.000906225868506658,1.2656069994350485,0.2217911953631279,0.22817718228177183,False,0.02486106552445821,4.524513890449577,0.00019998000199980003,0.01385606499669252,0.03479758848525155,True,-0.0003708105698976354,-0.39474490235440246,0.697669453785615,0.6912308769123088,False,-0.0072264809674627865,-1.6721686730236067,0.8809119088091191,-0.015428013508893326,0.0014474984221622897,False,-0.0008052540772506882,-0.8309164374420894,0.41690696108928127,0.41405859414058593,False
243,243_17Networks_RH_SomMotA_20,0.004725520187469475,-0.013279117521981852,0.02707198699717371,0.3645635436456354,False,0.0047255553624149255,0.01062857228990325,0.3645635436456354,0.44460866742224897,16,0.6625579623352477,0.13468728775215155,0.005746405920357266,0.0725265406300307,0.016638729543731606,0.0025272127625900966,-0.0171224349421985,0.023418874709053294,0.19358064193580643,False,0.0025272181428818673,0.010796194751471673,0.19358064193580643,0.23408415659946963,16,0.8178886065445249,0.09136860519615493,0.012032984013428316,0.05957960082801771,0.013668497847674812,0.03342004615392775,0.017796598194698386,0.04831945611308657,0.0015998400159984002,True,0.03343249677609471,0.008001442486512477,0.0015998400159984002,4.17830870276825,16,0.0007099888116400011,1.1782629188333722,0.04717567202607451,0.0596751805389141,0.013690425337193243,-0.01449047229965881,-0.03030225045976523,0.002652152409827948,0.9926007399260074,False,-0.014491486633902356,0.00868751771957836,0.9926007399260074,-1.6680813900665843,16,0.11474832862270676,-0.552537523156473,-0.01449148663390236,0.026227153861184033,0.006016921750399672,0.0020316279217943377,0.33115925876388325,0.39376062393760625,-0.00977874505673867,0.013983403287683953,False,0.0011604832245675032,0.903255476218512,0.3783199510126186,0.3431656834316568,False,-0.006691049553793046,-1.07501407091658,0.8089191080891911,-0.019517179315384655,0.004580590053119234,False,0.002142604235927792,2.6140017301482867,0.01757396764649256,0.0342965703429657,False,0.017898819896159535,2.9105775588771405,0.010498950104989501,0.005945297106802662,0.029883533828012978,True,0.000333348678271173,0.23168107835448595,0.819399110171835,0.7825217478252174,False,-0.010830222211197957,-1.7284444689400864,0.9041095890410958,-0.023619353616714956,0.00034400239012657573,False,-0.0026705138449317476,-2.236911640831058,0.038184987153700625,0.025197480251974803,True
244,244_17Networks_RH_SomMotB_S2_1,0.3071938395438081,0.2971112888985658,0.3381209198967212,9.999000099990002e-05,True,0.31744388103060833,0.010716165838329041,9.999000099990002e-05,29.622897388839498,16,2.0927835480797187e-15,3.6244885488836607,0.36860626261083157,0.12010388509496767,0.02755372093976763,0.30810777172965376,0.29556891968817967,0.3404495509772114,9.999000099990002e-05,True,0.31845335945817554,0.011781460761986752,9.999000099990002e-05,27.03004032281593,16,8.819099444628405e-15,3.252194304413466,0.370321823938569,0.1349464360137089,0.03095883565130183,0.10330998437226428,0.08699165265736228,0.12109181461176949,9.999000099990002e-05,True,0.10367989697821514,0.009025997125179883,9.999000099990002e-05,11.48680810998473,16,3.865313163036148e-09,2.3928099895865054,0.13624451486577704,0.07410165177331614,0.017000084822596136,-0.0675581380900851,-0.09974962472979382,-0.034969895839298,0.9997000299970003,False,-0.06766120121691259,0.01701693822446549,0.9997000299970003,-3.9761089994224177,16,0.001085200006476239,-0.940342117833296,-0.0676612012169126,0.07195381333425242,0.01650733689086293,0.0023793421582472486,1.1900121420990124,0.38506149385061494,-0.0015601389513042491,0.006069743781359656,False,-0.0005840427685679794,-0.5581559497973241,0.5836144962717565,0.27407259274072593,False,0.000877120182731456,0.33723277557758385,0.45155484451554845,-0.004024175765271785,0.006058278370639372,False,0.0016045831325599482,1.74213909865364,0.09854465848899467,0.004899510048995101,False,0.058050500207295554,9.695736591004428,9.999000099990002e-05,0.046884796914518634,0.07003472555130696,True,-0.0011215147016042327,-1.424055250470624,0.17153593127712413,0.20527947205279473,False,-0.0006603711476145529,-0.26938766152669824,0.5214478552144786,-0.005325120011640613,0.004072011140744153,False,-0.0008072790180916005,-0.9228442416545297,0.36829397295732186,0.1695830416958304,False
245,245_17Networks_RH_SomMotB_S2_2,0.2684820193249074,0.25938718789128923,0.2916705421703051,9.999000099990002e-05,True,0.27522720173664456,0.00854121022630048,9.999000099990002e-05,32.223443100504944,16,5.560688296597307e-16,3.2451799753443367,0.3264147017371497,0.12226855435648443,0.028050330126985545,0.2175818404954883,0.20052101923981724,0.2431720356777727,9.999000099990002e-05,True,0.22111637218257887,0.011123851052945067,9.999000099990002e-05,19.877681850480894,16,1.0518123698024018e-12,3.2553707770983364,0.2709463435679487,0.10149098646914977,0.023283629142067247,0.11660832383125007,0.09711364178059688,0.13824659688723723,9.999000099990002e-05,True,0.11714120542339423,0.011097165129817059,9.999000099990002e-05,10.555957675050413,16,1.2872492150542836e-08,3.253299700982883,0.1536224885838179,0.06271701101957886,0.014388269109224791,-0.08864865760122945,-0.1126285509112552,-0.0646582627755761,1.0,False,-0.0888819763818461,0.01257650234164368,1.0,-7.067304880748722,16,2.663213180601448e-06,-1.425092194613572,-0.08888197638184614,0.062369281593004054,0.014308494507638743,0.00253467484039099,1.3788099978824302,0.36226377362263773,-0.000857898702603646,0.00612641940297236,False,-0.00021489143752943468,-0.23767071886303046,0.8148207770422129,0.6804319568043196,False,0.00447139264778563,1.7194599522758722,0.2910708929107089,-0.0008528857205950267,0.009069210779713443,False,0.0005137805774138881,0.5351449655256981,0.5990993788887159,0.42115788421157885,False,0.048505842046936976,14.237842206789908,9.999000099990002e-05,0.04212542722419561,0.055003698583902624,True,-0.000899329957268633,-0.9714083903256834,0.34421860181454766,0.20557944205579443,False,0.00680818396254701,2.3690938865946314,0.23267673232676733,0.0014198241810255523,0.012366627492090412,False,-0.0019143028848346423,-2.4209628574757414,0.026270250758298353,0.0010998900109989002,True
246,246_17Networks_RH_SomMotB_S2_3,0.2499599561932255,0.23194643932435033,0.2782897708246359,9.999000099990002e-05,True,0.2553700989451802,0.01201752741346935,9.999000099990002e-05,21.249803737411003,16,3.750704782773222e-13,2.868815449391397,0.3069222727054021,0.12925618896170765,0.029653403447962162,0.25762636472833095,0.23945548036974226,0.2863753382511431,9.999000099990002e-05,True,0.26356435888394886,0.01226284364215777,9.999000099990002e-05,21.49292338506666,16,3.144787084794913e-13,2.702395286890996,0.31584829103912443,0.13815501755971232,0.031694934741361744,0.07127173956354343,0.04919904781520472,0.09342891262630658,9.999000099990002e-05,True,0.07139278746294779,0.011820717828528416,9.999000099990002e-05,6.039632152511641,16,1.718725950439279e-05,2.1263439700778246,0.09220501325597075,0.0619099920700539,0.014203126264672072,-0.07209709009291428,-0.09014709375390123,-0.05481096465884145,1.0,False,-0.07222240113912462,0.009379477687977377,1.0,-7.700045092244245,16,9.071882989437867e-07,-1.6929813602982557,-0.07222240113912454,0.04265989149839256,0.009786850314942268,0.01559189995158001,7.339521860377434,0.033596640335966405,0.011601393247683042,0.019683072225768268,True,-0.0012476830705790945,-1.3139952649813664,0.20534839182744213,0.0608939106089391,False,0.00799988570442287,1.8424508740024574,0.19358064193580643,-0.0004945726528207072,0.016234151446739488,False,0.0007255362541023067,0.5712241552354159,0.5749113668253522,0.31656834316568344,False,0.03391131045072806,7.872315552619663,9.999000099990002e-05,0.02547750358068604,0.041972164733727654,True,-0.0010800606874112532,-0.9118880581594966,0.37387930445465095,0.26547345265473454,False,-0.00011488245415876907,-0.0330333604458424,0.5093490650934906,-0.006760879418185828,0.00638552590913885,False,-6.263190985907116e-05,-0.0698579421741435,0.9450769847463297,0.9364063593640636,False
247,247_17Networks_RH_SomMotB_S2_4,0.06278320497105319,0.04703087716755643,0.08098642009452091,9.999000099990002e-05,True,0.0628658921157462,0.008924414957297998,9.999000099990002e-05,7.0442591941937,16,2.772552308485092e-06,1.7074471765025203,0.09177027337119602,0.07186633371955045,0.016487267690857364,0.06256348981760033,0.049225716958605455,0.07661299660938564,0.0008999100089991,True,0.06264531052828218,0.007345485827846241,0.0008999100089991,8.528409419945786,16,2.3952574506406904e-07,1.2898931040846853,0.09003196376952301,0.09238801108470408,0.02119526336383898,0.05319142798997496,0.040891583665472304,0.06472424321553795,9.999000099990002e-05,True,0.05324167865536425,0.006159217533568662,9.999000099990002e-05,8.644227674244187,16,2.0018266485316137e-07,2.103536808027999,0.07506350526821319,0.05060293630716243,0.011609109768912962,-0.01789430175872907,-0.028927795470829572,-0.006380704251707119,0.9999000099990001,False,-0.01789621208023472,0.005909784234755559,0.9999000099990001,-3.0282344277455575,16,0.007994200433825052,-1.0249954941842214,-0.017896212080234727,0.017459795854495964,0.004005551879189383,0.015773761504789596,3.1662087851708214,0.012898710128987101,0.006788713883333577,0.025647374033904984,True,0.00048041904363617567,0.7025421269228628,0.49132761370296785,0.6076392360763924,False,-0.010093567398681093,-2.3107064488538214,0.9265073492650735,-0.018711743122184644,-0.0020868790608090616,False,0.0001849479988540821,0.19441818997936183,0.8480258518618307,0.8375162483751625,False,0.035017300134246025,6.287186487686485,9.999000099990002e-05,0.024979402675753055,0.04642685860176037,True,0.00027944444046300814,0.18826975560785278,0.8527714577656282,0.8036196380361964,False,0.003428304274756081,0.6997338449896645,0.31896810318968105,-0.004796328934957891,0.013861016427188186,False,-0.0013500713623365555,-0.9976236191899185,0.33168507222173865,0.17428257174282571,False
248,248_17Networks_RH_SomMotB_S2_5,0.16128727859570596,0.14824240048853876,0.17708836260904687,9.999000099990002e-05,True,0.16270807493093362,0.0077720644670294745,9.999000099990002e-05,20.934987817094303,16,4.725271666534519e-13,1.6818086693783842,0.21099982846970838,0.15884248712201207,0.036440965752921654,0.1845714276723087,0.16660082929820716,0.2062720212511353,9.999000099990002e-05,True,0.1867112465486415,0.010327728909904074,9.999000099990002e-05,18.078635504228753,16,4.513988530605868e-12,2.1744504147799,0.23454229415458205,0.1321072715338919,0.03030748664858538,0.042693895278771085,0.02756275748325834,0.057898554622556324,0.00019998000199980003,True,0.042719864050979425,0.007981896176161336,0.00019998000199980003,5.35209467877648,16,6.480233539103505e-05,1.5514944073204056,0.06084239704091249,0.05723702181713485,0.013131073364743345,-0.02091633890401253,-0.035136416400950984,-0.007344844400458589,0.9673032696730327,False,-0.020919389957185897,0.0071645139845118696,0.9673032696730327,-2.9198616964680504,16,0.010019132040671185,-0.432303687962799,-0.020919389957185838,0.04839049617126116,0.011101541191490488,0.0017816671022037249,0.6536624522019807,0.42915708429157085,-0.0032968431342397246,0.006944820742648298,False,-0.0013451223513218909,-1.3421795881741274,0.19622309270261445,0.10698930106989302,False,-0.008427864845921333,-2.7676334693284748,0.8600139986001399,-0.014136384715973489,-0.0024339773314166462,False,-0.00044045901716658145,-0.43411923658803475,0.6693607655451219,0.535946405359464,False,0.027300193431174402,4.9689366213326975,0.00019998000199980003,0.016607647163951397,0.037938070777320816,True,-0.0008033448576216645,-0.6853025466360597,0.5018839790568373,0.42775722427757223,False,0.010965025632588277,2.9804343176530104,0.10188981101889812,0.004040946657373608,0.017947257361389548,False,-0.0017468226284840863,-1.8466418011525956,0.08130753559210584,0.013798620137986202,True
249,249_17Networks_RH_SomMotB_S2_6,0.2065226420875717,0.190612177305995,0.22686461726809692,9.999000099990002e-05,True,0.2095363232672974,0.009506265989999764,9.999000099990002e-05,22.041916719742726,16,2.1268586141965205e-13,1.9681864491427408,0.2623678561494737,0.16420977464013384,0.03767230595778586,0.17430645902732858,0.15419705818189822,0.19767392534287392,0.00029997000299970003,True,0.17610465788560847,0.011480471964478312,0.00029997000299970003,15.33949635785822,16,5.4597731363299896e-11,1.2789328625816636,0.2285602655258893,0.22488055122734948,0.05159113669303884,0.091885620934244,0.07273181246975202,0.11210683186412851,9.999000099990002e-05,True,0.09214553464133585,0.010200439962099066,9.999000099990002e-05,9.033486298994298,16,1.1080982018268775e-07,2.191996885279421,0.12300559050569086,0.07714262249014463,0.01769773135127623,-0.0573518407704531,-0.07724949051047356,-0.03979088543307709,0.998000199980002,False,-0.05741484636266379,0.009754314981197923,0.998000199980002,-5.8860972270564,16,2.299130966447152e-05,-0.794458369507048,-0.057414846362663786,0.07226916924330352,0.016579684498168306,-0.005128848919570485,-2.0498841696340557,0.7142285771422858,-0.009805255285265272,-0.000322625284016491,False,-0.0002165765137966416,-0.3709175776757546,0.715028287916141,0.6877312268773123,False,0.0015653223986634036,0.5372977834172123,0.42785721427857215,-0.004014082865080005,0.006933154707086709,False,0.0007562504268953504,0.5180282957092779,0.6107474145122493,0.35606439356064395,False,0.03537335563193628,8.308056434390465,9.999000099990002e-05,0.027038655187886243,0.04354045513878937,True,0.00021660373075410076,0.23399711890547512,0.817627983716523,0.7943205679432057,False,0.00654355453543209,2.039248534196,0.23827617238276172,0.0003598457934046189,0.01266001452305738,False,-0.0006498656897973154,-0.6701546813869006,0.5112661041105095,0.33736626337366266,False
250,250_17Networks_RH_SomMotB_S2_7,0.06194210604942969,0.04560995894320836,0.07950815618312469,9.999000099990002e-05,True,0.062021509253498565,0.00887657095664028,9.999000099990002e-05,6.987102289437821,16,3.064448614095418e-06,1.6470457001410324,0.08998677000596929,0.07523504141848306,0.0172601022398034,0.07000955203710336,0.05317219536601219,0.08696517544984413,0.001999800019998,True,0.07012426973333427,0.008806151829188981,0.001999800019998,7.9631002387330545,16,5.887933515392214e-07,1.0662259997240826,0.09631402482712188,0.12114825284443576,0.0277933153334426,0.04685295034628347,0.02729074232110677,0.06585880532389461,0.00019998000199980003,True,0.046887279422361976,0.01015133142752755,0.00019998000199980003,4.61883052061692,16,0.0002845222284079274,1.6283570357459174,0.06410518541527326,0.06233004378037232,0.014299492736058357,-0.01681901839831989,-0.027344314532008297,-0.005515389647276239,0.9739026097390261,False,-0.01682060458537995,0.005636746102759737,0.9739026097390261,-2.984098321750668,16,0.008765384169997259,-0.4777732886890078,-0.016820604585379928,0.03520624736375502,0.008076867075784389,0.0033247340782095033,0.9086307258302743,0.3284671532846715,-0.0037562203570279235,0.010160646346391425,False,0.0019894316043908085,1.6553871609381348,0.11517610003234512,0.031096890310968902,False,-0.0048262072376867565,-0.8862599479596887,0.7477252274772522,-0.014967230657942893,0.00602566355033287,False,0.0014899090495358457,1.6050281622160067,0.12588869942265268,0.14128587141285873,False,0.036760324240436966,6.537930829267323,9.999000099990002e-05,0.026364676819848113,0.04774708282974308,True,-0.0006756071351420084,-0.6680064553759554,0.512604657899907,0.5251474852514748,False,0.002317558723228302,0.371145701218383,0.37716228377162286,-0.0095069820156458,0.014151811573273325,False,0.0013189276803583958,1.0959973753125054,0.287527751484171,0.22857714228577142,False
251,251_17Networks_RH_SomMotB_S2_8,0.2921015224101263,0.28383703377051156,0.317772131643411,9.999000099990002e-05,True,0.3008622843975054,0.009075139041053283,9.999000099990002e-05,33.15236086593188,16,3.551411795311772e-16,2.3636718356803064,0.3568371757954674,0.17720027571383282,0.04065253129495484,0.25348812240333574,0.23720088739371908,0.280046351805162,9.999000099990002e-05,True,0.25913695705394024,0.011465272015878943,9.999000099990002e-05,22.601902222210335,16,1.4405658577925013e-13,2.5199122199903856,0.31376691114756633,0.14972595683498635,0.03434949026677044,0.06897772342620279,0.044397740912273866,0.09531973481544563,9.999000099990002e-05,True,0.06908743376862822,0.013430883288852228,9.999000099990002e-05,5.143923320811781,16,9.801326703458041e-05,2.6152385654681707,0.0928319344484212,0.049707431439480344,0.011403666862509017,-0.07050378588170057,-0.09793107035214199,-0.044230462796012684,1.0,False,-0.07062095522761035,0.014185950184924202,1.0,-4.978232286664955,16,0.00013674486393638153,-1.4763574246116562,-0.07062095522761039,0.04783459211863043,0.010974008055294589,-8.09108754890601e-05,-0.04103239781685523,0.5033496650334967,-0.003861060121860051,0.003741450236875533,False,0.0008373647434575243,0.8084402938762708,0.42939329043206864,0.16108389161083891,False,0.004122384935022355,1.7324190966223028,0.3224677532246775,-0.00023539163576668335,0.008816146261711972,False,0.0001297773468347907,0.1323838040013754,0.8961493614747239,0.8243175682431757,False,0.03799573077119091,9.402824213754002,9.999000099990002e-05,0.030290030460223574,0.04567134985189213,True,-0.002094102978750344,-2.0240290019632345,0.05806903581170237,0.009599040095990401,True,0.00041488209216562473,0.17570400260499636,0.48175182481751827,-0.004104870745379284,0.0049929645339958665,False,-0.0035253223629161798,-3.012165544992239,0.007484683941287442,9.999000099990002e-05,True
252,252_17Networks_RH_SomMotB_S2_9,0.29804270533464466,0.2820151768280127,0.33203867065351444,9.999000099990002e-05,True,0.30737011461581853,0.013053350366268987,9.999000099990002e-05,23.547220138217554,16,7.615001003048924e-14,2.76102110008845,0.35977977084560175,0.15462105936336915,0.03547250380569102,0.2943617712902587,0.28923201671885296,0.317351262661131,9.999000099990002e-05,True,0.3033351648549414,0.007456997467429435,9.999000099990002e-05,40.67792247212692,16,1.3955360410784997e-17,2.7356514559661265,0.35631858096613706,0.15253178540248713,0.03499319148669862,0.08567558533302087,0.05999149735556277,0.11215253803983351,0.00019998000199980003,True,0.08588614177858496,0.013786993328508296,0.00019998000199980003,6.229504847949145,16,1.2046579768913831e-05,1.529210308050292,0.11512872080111354,0.09723674475312097,0.02230763915672174,-0.0839975699633818,-0.11273234285604064,-0.05651558559399184,0.9998000199980002,False,-0.08419596135843285,0.014780815916471235,0.9998000199980002,-5.69629997655324,16,3.3087182323776604e-05,-1.3317384944138853,-0.08419596135843274,0.06322259340824156,0.014504257663951877,0.00975095907665941,3.7990503052353315,0.14488551144885511,0.004853393926672746,0.014628459747061664,False,0.00032928802949702755,0.31539492109924094,0.7560891343212448,0.6114388561143885,False,-0.0034353447597389496,-1.0779041922378474,0.665033496650335,-0.009254786072982402,0.0028526629691438135,False,-0.00018877268021765084,-0.25397188086644884,0.8023957438824243,0.7358264173582642,False,0.044819711090016666,6.786650658812068,9.999000099990002e-05,0.03210623666629597,0.057061707552747754,True,-8.81610629581067e-06,-0.007571846110947071,0.9940418877152591,0.9913008699130087,False,0.0025690335574968933,0.9220247563032297,0.4126587341265873,-0.0028040035056981654,0.007852994648867205,False,-0.00035223970299544773,-0.337811978091295,0.7394126772920003,0.6267373262673732,False
253,253_17Networks_RH_SomMotB_S2_10,0.32351571777252125,0.31430341223901165,0.35752702409678194,9.999000099990002e-05,True,0.33556884206393456,0.011299366791372839,9.999000099990002e-05,29.698021867928404,16,2.011043361769188e-15,1.859626556249332,0.392289803440303,0.248741299881507,0.057065167856233404,0.37261741796903486,0.3742931599169111,0.4083393880087313,9.999000099990002e-05,True,0.3914590934649448,0.00892500336001154,9.999000099990002e-05,43.860946340802116,16,4.22310663756887e-18,3.0003333692845753,0.4446801847551773,0.1715081441327943,0.03934666675100308,0.13508213788013723,0.10611690650949653,0.16435380751874704,9.999000099990002e-05,True,0.1359128750685397,0.015418715047040026,9.999000099990002e-05,8.814799070732633,16,1.5414407055507125e-07,2.1551714647858393,0.174410224532688,0.10340660256079681,0.02372310161354671,-0.11240405450584652,-0.14367968455618496,-0.08261303148500396,1.0,False,-0.112881072037509,0.016080582812612997,1.0,-7.0197127400736585,16,2.894181884847086e-06,-1.4391311826567443,-0.11288107203750912,0.07843695793535793,0.01799467226731452,0.00820747026591776,3.4892305728138027,0.203979602039796,0.0038674828761241582,0.012745498603548842,False,0.0005867346786745177,0.625247374406642,0.5396553777955546,0.3344665533446655,False,-0.0035795056102966858,-1.809610542569181,0.6353364663533647,-0.007528836654300157,-5.1713306653179545e-05,False,0.001049717023097955,1.0280550120993697,0.31754157231155133,0.06629337066293371,False,0.05247592899185106,9.800892892211952,9.999000099990002e-05,0.041847341042340475,0.062253307953380285,True,-0.003482334288564795,-2.945682279920225,0.008647183617580219,0.00019998000199980003,True,-0.003395622451658563,-1.3189736043669844,0.6137386261373863,-0.00811073244519789,0.0015696434054339183,False,0.000700313571886462,0.5719905650528749,0.5744030286909176,0.3818618138186181,False
254,254_17Networks_RH_SomMotB_S2_11,0.347702447802875,0.3387220809474162,0.38453144646487025,9.999000099990002e-05,True,0.3628278524162099,0.012055562498136059,9.999000099990002e-05,30.096302223335307,16,1.6307571087145415e-15,2.382186032442243,0.418879047282326,0.20453227554707243,0.04692292209484757,0.3605894991695714,0.35818554054456725,0.396615341590784,9.999000099990002e-05,True,0.3775633403261509,0.010145845590618336,9.999000099990002e-05,37.2135902280315,16,5.716606048442073e-17,2.4406612718713143,0.4320751550473512,0.20579540260670715,0.04721270331620543,0.08481323564460264,0.05793854017562307,0.11205055939245345,9.999000099990002e-05,True,0.08501747980741005,0.014096809232815278,9.999000099990002e-05,6.030973279364667,16,1.747012306372525e-05,1.9760119743490665,0.11907004259163181,0.07865526049461023,0.01804475430915121,-0.08670781553599616,-0.1102839724277134,-0.06248171437226178,0.9999000099990001,False,-0.08692609792043426,0.012505364851952552,0.9999000099990001,-6.951104501909983,16,3.2646034076068998e-06,-1.288453950795622,-0.08692609792043446,0.06746542852133543,0.015477630795114094,-0.0005966743700185621,-0.26070405849688894,0.5271472852714728,-0.005177238649421217,0.0035397522626545515,False,-0.0006144294836290422,-0.7300734400823802,0.4747405339215715,0.2963703629637036,False,0.0038438788143383544,2.1860409242079677,0.35206479352064796,0.0003121423140771672,0.006972855028311319,False,-0.0008575991988292562,-0.7664567166756561,0.4533400171117765,0.17148285171482852,False,0.042475298289355666,7.200605360102071,9.999000099990002e-05,0.031393653436405496,0.053826111698738424,True,-0.003602441326238976,-2.764043935082347,0.012783265077237552,0.0005999400059994001,True,-0.0012639080156897338,-0.4375246581002029,0.541045895410459,-0.006993600832840755,0.004082145418362128,False,-0.0029813375593093273,-3.566592648658781,0.002205087503113563,9.999000099990002e-05,True
255,255_17Networks_RH_SomMotB_S2_12,0.3249741084597625,0.3147183336793213,0.3592334638725463,9.999000099990002e-05,True,0.3371985747350192,0.011620208556565505,9.999000099990002e-05,29.018289395890353,16,2.8942937515632782e-15,2.0698950044388105,0.3940560564409172,0.22233718623436866,0.05100764874667344,0.41054010767862603,0.418902046720123,0.45527682658698476,9.999000099990002e-05,True,0.43626064211417315,0.009468897371097282,9.999000099990002e-05,46.073014102551,16,1.9331772516877126e-18,2.986688055101157,0.4884482378206008,0.18497717742683645,0.04243667490868279,0.10224393908199765,0.07193578852162764,0.13356941135082057,0.00019998000199980003,True,0.10260247061497578,0.01605572448986234,0.00019998000199980003,6.390398058945235,16,8.948512077720284e-06,1.6402190844425637,0.13073595553197573,0.10148919297561458,0.02328321768643168,-0.11076077507552447,-0.1457260003608215,-0.07736856485681352,1.0,False,-0.11121707438596914,0.0178036357362629,1.0,-6.246874292054818,16,1.1664097387461919e-05,-1.3277438955732412,-0.11121707438596921,0.08376395083176207,0.019216768251966346,0.0028183559328754113,0.9722804039197396,0.392960703929607,-0.002605876092155923,0.008380643471382067,False,-3.932660417204694e-05,-0.03506546997548423,0.9724134739065498,0.9562043795620438,False,0.0024675042394865583,1.1623536881219372,0.38346165383461656,-0.0015816106860377808,0.006445145923058951,False,0.0001741766402884902,0.20013614643519967,0.8436178611934987,0.7165283471652835,False,0.03139086673762375,3.8625122502964797,9.999000099990002e-05,0.015037721787139769,0.04563184599152495,True,6.311041219292213e-05,0.050856727401703654,0.9599998031301172,0.9483051694830517,False,0.00206796160543428,0.7524979295039413,0.4336566343365663,-0.003103381828120146,0.007324023242305963,False,-0.0013276362235045496,-1.0932959039322394,0.28868018164752307,0.05679432056794321,False
256,256_17Networks_RH_SomMotB_S2_13,0.0008443707074264965,-0.01726196088710813,0.019656632141087947,0.6185381461853815,False,0.0008443709080946279,0.00970599807806167,0.6185381461853815,0.0869947532756211,16,0.9317551271332328,0.02328465875569017,-0.004968361609688135,0.0736145227675539,0.016888329764249553,0.02652099411959559,0.012139669790452912,0.04060670990284995,0.021997800219978002,True,0.026527214708143128,0.007524082083903367,0.021997800219978002,3.5256413224005194,16,0.002807310991191079,0.6947645966893573,0.04075181209814382,0.0813016916536807,0.018651887255647284,0.04725534012816631,0.028867546441971283,0.06583668653343032,0.0012998700129987,True,0.04729056211495359,0.009649384902138647,0.0012998700129987,4.900888771104189,16,0.00015991377371754134,1.160517363801797,0.062042627397418525,0.07365445070007291,0.016897489860190337,-0.00598469507118053,-0.018982163622481403,0.005800929013570464,0.7843215678432157,False,-0.005984766523142848,0.006462611676671851,0.7843215678432157,-0.9260600547524953,16,0.3681731159727372,-0.18686843786247986,-0.005984766523142845,0.032026631097259756,0.007347413076579601,0.00826905670848608,1.0136702642637967,0.13758624137586242,-0.006655554206765374,0.02390617214350471,False,-0.002212663418246199,-1.9099215608634514,0.0722105586460207,0.060193980601939805,False,0.009735852159806734,2.159352494466749,0.097990200979902,0.0009952657164667544,0.01831628110283912,False,-0.0017726631188373625,-1.5033169602534509,0.15009992403470018,0.0806919308069193,False,0.015536378047250712,3.5415770564280282,0.0183981601839816,0.007187461625183421,0.02404950491043629,True,-0.0011006441310169612,-1.2420381550430548,0.23016254783399967,0.3260673932606739,False,-0.0030670128605522397,-0.3769478656104197,0.6528347165283471,-0.018128940711593246,0.012896272824233739,False,0.0006789033087979387,0.5177149906967832,0.6109616343825169,0.5437456254374563,False
257,257_17Networks_RH_SomMotB_S2_14,0.03409066606484371,0.012569564458567023,0.058633732749866725,0.0005999400059994001,True,0.034103881704432314,0.012220528087869362,0.0005999400059994001,2.7907044163079453,16,0.013089901210900113,1.251500569972491,0.04662724506297501,0.05362984483934105,0.012303530211181786,0.036518980420304804,0.02306399822394013,0.04989544111249369,0.006799320067993201,True,0.036535227764596216,0.007066353396165935,0.006799320067993201,5.170308604211546,16,9.297857034199412e-05,0.877911118594239,0.05087309620392653,0.0797947589129356,0.01830617317503567,0.029876007915188494,0.01594904199437611,0.04189025439392145,0.00039996000399960006,True,0.029884901546328158,0.006720623206878753,0.00039996000399960006,4.446745580936613,16,0.00040591040737264587,1.2396819184150953,0.04368460931747064,0.04714445246347719,0.010815679159834432,-0.010761975783074177,-0.02412180246692313,0.0030726937755474505,0.9513048695130487,False,-0.010762391296401538,0.007064837688182145,0.9513048695130487,-1.523374176650166,16,0.14718454999064012,-0.4029347961268697,-0.010762391296401505,0.026710007176974734,0.0061276958981936296,0.025635943191539907,5.303428309277272,9.999000099990002e-05,0.016435611384037013,0.034972738184540476,True,-0.0016619401165665632,-1.5074958626779642,0.14903402574037053,0.0837916208379162,False,0.0033386859638080786,0.944867916051498,0.27917208279172084,-0.0030713746586815654,0.010428053351689916,False,-0.0007939042365777542,-1.1073008563233264,0.2827422952061976,0.1952804719528047,False,0.011722142938599517,3.001175305444748,0.013498650134986502,0.004573336493074672,0.019515539742679996,True,-0.0009500611966829991,-1.1405397523149168,0.2690102677472998,0.24087591240875914,False,-0.0028766492071081746,-0.5181844007607596,0.7057294270572942,-0.013386007091498606,0.007833587553755496,False,0.0014338018852098164,1.5089516544573043,0.14866417684285374,0.07749225077492251,False
258,258_17Networks_RH_SomMotB_S2_15,0.007826352806214803,-0.012031471731280602,0.027505342838621938,0.30216978302169784,False,0.007826512604815315,0.010478065383421477,0.30216978302169784,0.7469425240654175,16,0.4659338292123954,0.16643457242934404,0.012232454424643607,0.1002523535832985,0.022999467269563464,0.025289888020720477,0.007200281254201502,0.044986411109204,0.0022997700229977,True,0.025295281713028545,0.009991019627639089,0.0022997700229977,2.531801823614865,16,0.022204698520713453,0.96686428044291,0.036494880002757614,0.04804445781898029,0.011022154548954612,0.09040365228530717,0.06992859853222207,0.11237871427997095,9.999000099990002e-05,True,0.09065115135251588,0.011252872068134995,9.999000099990002e-05,8.055823509201238,16,5.066470875331592e-07,1.8646480535240544,0.125342750984834,0.0878980144280865,0.020165187485784688,-0.04975958215265214,-0.06846104834608167,-0.03036930644282141,0.9999000099990001,False,-0.04980071177998731,0.010064709803315306,0.9999000099990001,-4.94805242805739,16,0.00014534523998137772,-1.227017516244108,-0.04980071177998722,0.040586797760171295,0.00931124999360577,0.0008184404157024417,0.13850594344380815,0.45335466453354667,-0.01079752959129993,0.01156757011277094,False,-0.0005013992705806018,-0.5392495930746423,0.5963224577278987,0.5983401659834017,False,0.013242700940732202,2.7896507266318413,0.024897510248975102,0.00410443538851575,0.0222836565468742,True,-4.709618265345164e-05,-0.045425198204690785,0.9642685624320094,0.9567043295670433,False,0.02999876586487914,6.322825314640745,9.999000099990002e-05,0.020886976199024784,0.039026101547777164,True,-0.0007656531818363817,-1.028050918697715,0.3175434455348841,0.35606439356064395,False,-0.00465987839709439,-0.8906323668648244,0.7532246775322468,-0.01466236379792694,0.005480787960311536,False,0.0003308759369140833,0.41049086257721695,0.6862908870206981,0.7038296170382962,False
259,259_17Networks_RH_DorsAttnA_TempOcc_1,0.0071618569175885575,-0.00776203730283798,0.022567585513926302,0.20377962203779623,False,0.007161979370476457,0.007983365579684352,0.20377962203779623,0.8971127902124244,16,0.3829591927676596,0.30602524694335614,0.009075696858450166,0.046283310823505494,0.010618119718533827,-0.00045183950489350596,-0.013609273053009609,0.013338699031397724,0.5962403759624038,False,-0.0004518395356425343,0.007131553173648428,0.5962403759624038,-0.06335780224034648,16,0.9502663762551518,-0.018748949075099868,-0.002490745679524673,0.05070721025821311,0.011633031853916839,0.027600570339942475,0.01641820516199799,0.03918776432706782,0.0005999400059994001,True,0.02760758217162494,0.005996466211258348,0.0005999400059994001,4.603975274602862,16,0.00029335329250448086,1.1823998266697395,0.041031251043795645,0.04701296447029478,0.010785513745383321,0.004202361423546562,-0.0035341648442740498,0.01228291436396396,0.20637936206379362,False,0.00420238616148762,0.0042302207676274935,0.20637936206379362,0.9934200582738183,16,0.335292486001637,0.19492826077310366,0.004202386161487606,0.02155862954309738,0.0049458888178732585,0.00041615813983791005,0.08047101175010389,0.47205279472052797,-0.009437599770871483,0.010116586996097696,False,0.00031809555515019796,0.3881059231069425,0.7024894004326427,0.6787321267873213,False,-0.00014553725710471986,-0.026339515882649187,0.5128487151284872,-0.010523813031134858,0.010600734351579015,False,-0.0008603662989530438,-0.9619034735932215,0.3488429826792756,0.22967703229677033,False,0.02248294423923396,4.8052545808761025,0.00019998000199980003,0.013843737053606033,0.03139673923121084,True,-0.0015120025594432547,-1.7731891797953345,0.09311854831201297,0.0735926407359264,False,0.0038588459571745346,0.9687598688833944,0.22667733226677333,-0.0038625011816760166,0.011298698662477201,False,-0.0013342657438943997,-2.136597605131491,0.04661397310242931,0.10628937106289371,False
260,260_17Networks_RH_DorsAttnA_TempOcc_2,0.012911966469868651,-0.003949016845877617,0.029408162265781457,0.06269373062693731,False,0.012912684097843352,0.008786470510899062,0.06269373062693731,1.469609905573117,16,0.16105624831132342,0.5800195733420479,0.017289719410714163,0.047994172521497624,0.011010618310529727,0.018957119054674284,0.009370723314403757,0.028215072889559163,0.010798920107989201,True,0.018959390432679215,0.004967898264311003,0.010798920107989201,3.8163805746349544,16,0.0015193127808331328,0.7311425623508495,0.030540043676878525,0.05290378165333677,0.012136959892528216,0.04724828843809418,0.028920976789422355,0.06666088945125968,0.00039996000399960006,True,0.04728349464510153,0.009959724399354691,0.00039996000399960006,4.7474701858381865,16,0.00021855110468052425,1.4364056835604917,0.06443278113114378,0.0597423703322839,0.013705839732947787,0.016866003284870076,-0.0007798284250168471,0.03408662389509391,0.004199580041995801,True,0.016867602803931504,0.009144090624456085,0.004199580041995801,1.8446451918158715,16,0.08368330691613916,0.6708753157147639,0.01686760280393147,0.025142679136972608,0.0057681261856806325,-0.0063668144699049155,-1.6933099069009365,0.8538146185381462,-0.01332118822424899,0.0008885694816610261,False,0.00044027625075021077,0.5333833943455514,0.6002930898993464,0.6116388361163884,False,0.01369976975591617,2.237204601589209,0.001999800019998,0.001849846406592295,0.025284651112983433,True,-0.0004035133172874049,-0.5584909336333522,0.5833905746805049,0.5928407159284071,False,0.028881934234420748,4.874125224156705,9.999000099990002e-05,0.017591068719785583,0.04015725782074049,True,-0.0026032795851807576,-2.9485307473272844,0.008593972063098894,0.0032996700329967,True,0.010280581688658561,1.9441765164142961,0.042695730426957304,-4.975915394357254e-05,0.020138073482746075,True,0.0005912878389403098,0.5680579593167563,0.5770138596598913,0.5141485851414859,False
261,261_17Networks_RH_DorsAttnA_TempOcc_3,0.023022603950705434,0.011231366545529566,0.03479420561745586,0.019598040195980403,True,0.02302667288071398,0.006178674286169994,0.019598040195980403,3.7267983088630556,16,0.001835503520248126,0.6109383673007536,0.03862484123542232,0.07841960587272521,0.01799069143113147,0.02230381367410105,0.0060241557260733375,0.03871078561328915,0.019998000199980003,True,0.022307513197542716,0.008481495543924907,0.019998000199980003,2.630139116623255,16,0.018190862416865364,0.6598274362454656,0.03200610939023258,0.0626650213643966,0.014376341864327475,0.07626280517177401,0.048094322567534036,0.10556477611025368,9.999000099990002e-05,True,0.07641117180964656,0.015325655737327016,9.999000099990002e-05,4.985833762632436,16,0.00013466228524275237,2.1015243470708214,0.10111124718171467,0.06388473984697877,0.014656164475124554,0.011567000764520314,-0.009968306376619478,0.031444762744188136,0.07589241075892411,False,0.011567516676846376,0.010853986910081123,0.07589241075892411,1.0657389558948636,16,0.3023604797094362,0.34731468388049913,0.011567516676846388,0.03330557910078578,0.007640823871390813,0.008976652770945358,1.4531708004052417,0.08599140085991401,-0.003067043800390797,0.02074706281415042,False,-0.0003707713596826569,-0.35674845112557485,0.7254279801187269,0.744025597440256,False,0.013299204211722798,2.2367721885591756,0.023997600239976002,0.0019195417230133682,0.024712612134941404,True,-0.0002114239643939856,-0.25648904778876247,0.800481846067035,0.8096190380961904,False,0.05144309140759051,7.980388737134327,9.999000099990002e-05,0.03907983296627309,0.0635894017946841,True,-0.0008237878117410881,-0.9773780931684399,0.34133598614304145,0.48255174482551744,False,0.011864350834621064,1.757300134076972,0.0484951504849515,-0.0007139482665317131,0.0250904054802002,True,-0.0012525496623981935,-1.4653624530592013,0.16007211005242863,0.24337566243375663,False
262,262_17Networks_RH_DorsAttnA_TempOcc_4,0.14995753007165538,0.13385996647578824,0.1695798846647677,9.999000099990002e-05,True,0.15109698872256264,0.00947801412891109,9.999000099990002e-05,15.941840417990795,16,3.055402305427427e-11,1.6823159581092106,0.19854568805134354,0.14887738221376315,0.03415481389729859,0.042031554624987325,0.024121223717506867,0.058679083795613575,0.0015998400159984002,True,0.042056332598911235,0.009122369224328696,0.0015998400159984002,4.610242313668915,16,0.00028959401590595337,1.1000083950983397,0.06014335428584699,0.07535272677032742,0.01728710111116259,0.0512711372888345,0.03733643743259717,0.06458604873011999,0.00029997000299970003,True,0.051316134265132055,0.007217321555609502,0.00029997000299970003,7.1101355079915685,16,2.4718009470289574e-06,1.3962765554708931,0.07376492603680672,0.07100394888924395,0.01628942304213376,0.024084488528209626,0.007151199701564386,0.0409772855392298,0.032396760323967606,True,0.024089146986548335,0.008915302155638068,0.032396760323967606,2.7020000630392844,16,0.015707523856142644,0.45386958536708755,0.024089146986548335,0.05307504129642252,0.012176249549229143,0.006978001516889129,1.6948769895163294,0.2181781821817818,-0.0005665835935757511,0.014857729108424502,False,-0.0015462230200373466,-1.6114998242457388,0.12446643439543086,0.022797720227977204,True,0.00505020945597085,1.3082126364183435,0.24977502249775022,-0.0020924632388288882,0.012682207053639028,False,-0.0001970857035159181,-0.2150107872518083,0.8321761860096274,0.8123187681231877,False,0.030682187701714613,5.219465486287254,9.999000099990002e-05,0.019835334658900864,0.04216479472894382,True,-0.0016553228185431149,-1.5107808467124613,0.14820054227278948,0.09309069093090691,False,-0.00029738690926652006,-0.06447538326466423,0.5101489851014899,-0.009325902900457586,0.008113775123761687,False,-0.00015553388192200135,-0.10348801610764435,0.918719972254858,0.8647135286471352,False
263,263_17Networks_RH_DorsAttnA_TempOcc_5,0.05036437410134816,0.03353538305660354,0.06688184782036241,0.0007999200079992001,True,0.05040702328624994,0.008668397135687024,0.0007999200079992001,5.815033909640421,16,2.6333808421368686e-05,1.0701353391792476,0.07383045589015824,0.08985325935500005,0.020613751435589252,0.02023889718529138,-0.0009300813033751362,0.042137200451184,0.0683931606839316,False,0.02024166123616068,0.011449010756043392,0.0683931606839316,1.7679834238496162,16,0.09612432325215911,0.5017779520521471,0.028506012854129494,0.07926044188398297,0.018183592441718962,0.05702348961250998,0.03219885310764659,0.08251309796690855,9.999000099990002e-05,True,0.057085417829075905,0.013206426203381225,9.999000099990002e-05,4.322548504035134,16,0.000525392872005914,1.7623824397819137,0.07759544067430799,0.05773448386011754,0.013245198984406969,-0.011491857110091708,-0.0314807599360769,0.007999340694017172,0.8316168383161684,False,-0.011492363032378905,0.010388675969421427,0.8316168383161684,-1.1062394347659055,16,0.2849790487442139,-0.22318951220147984,-0.011492363032378865,0.05149150118668841,0.011812960532841022,0.007495592591073551,1.767721070230587,0.17498250174982502,-0.00028464383302573564,0.015847438141197746,False,-2.080472644002536e-05,-0.02177599454051359,0.9828662251593181,0.981001899810019,False,0.009814884551388615,2.1831038823545366,0.10368963103689631,0.0015267952117471821,0.018516853320838557,False,-0.0005974569425384988,-0.4404933419224055,0.6648241960848609,0.6048395160483951,False,0.042608536786238216,6.983438277920952,9.999000099990002e-05,0.03096100984343103,0.05473651779326161,True,-0.002411011085433938,-1.7486325095597723,0.09738777226593445,0.0198980101989801,True,-0.003056326958551937,-0.5168711557508388,0.6377362263773623,-0.013992561997015263,0.008424221059978797,False,-8.558388745660949e-05,-0.08911569460585038,0.9299740300675555,0.9277072292770723,False
264,264_17Networks_RH_DorsAttnA_SPL_1,0.025791905454865354,0.007753573970342092,0.04391414117620514,0.025997400259974,True,0.025797626856278868,0.009432560152416482,0.025997400259974,2.7349549262794683,16,0.014680941907667226,0.6614176625987728,0.04206561557685242,0.08758832311446087,0.020094139425795927,0.007107090601877008,-0.009588068831391164,0.025214703172585385,0.30046995300469953,False,0.007107210266964642,0.009316969775871934,0.30046995300469953,0.7628242269680982,16,0.4566683850460206,0.2404021389916372,0.007683597336418967,0.0631740506284594,0.014493121186504037,0.05816311394925143,0.041090232914866985,0.07508651522695285,0.0025997400259974,True,0.058228834992694774,0.008888807527756806,0.0025997400259974,6.550803897020539,16,6.6767084612238065e-06,1.0834821888049706,0.08084057909429453,0.1014490195593181,0.023274001272649933,0.013347317734444586,-0.012811209753168313,0.039225167926229654,0.09399060093990601,False,0.013348110431359077,0.013666438140980062,0.09399060093990601,0.9767073390786111,16,0.34325140550761357,0.3173736415350515,0.013348110431359084,0.04205803092782954,0.009648774030458796,-0.00853156528149649,-2.504845154984729,0.8354164583541646,-0.015079907149102508,-0.0019351040844975285,False,-0.0018141684922705107,-1.6534194007914353,0.11557963024301025,0.0907909209079092,False,0.0015812746678395384,0.2618515137634174,0.41505849415058493,-0.009914081665692442,0.013006850533557648,False,-0.0003380589814986234,-0.29750152541266073,0.7694898893024523,0.7530246975302469,False,0.03905196570304009,3.6601456243336696,9.999000099990002e-05,0.019284919324251158,0.060143065590546094,True,-0.004347648480550781,-2.6150080204201247,0.017536770617766182,0.0006999300069993001,True,0.007971896705137196,1.812754143376251,0.19808019198080193,-5.576868105082953e-05,0.016641829690825678,False,-0.0002420159640893094,-0.23812259402565952,0.8144756508266693,0.8401159884011599,False
265,265_17Networks_RH_DorsAttnA_SPL_2,0.013589332269622459,-0.0016072628886437677,0.03039058389733993,0.13438656134386562,False,0.013590168876099267,0.008408668296220943,0.13438656134386562,1.6162094159674503,16,0.12559253217344732,0.42827510780240047,0.01703907049581987,0.06593831029027059,0.01512728584542724,-0.0008539259734442113,-0.01672432734010261,0.014004055269922027,0.6107389261073892,False,-0.0008539261810022727,0.008251518157251312,0.6107389261073892,-0.10348716014783964,16,0.918862386197953,-0.035114207470747366,-0.0031951108978019883,0.050670426048796624,0.011624592977518706,0.05682027079427808,0.032619543245453186,0.08162911665036225,9.999000099990002e-05,True,0.05688153842037018,0.01290486371982876,9.999000099990002e-05,4.4077597141122675,16,0.00044009467088850255,1.7620906236627532,0.07748852395010296,0.06249698264327409,0.014337791137802485,0.002989811265959851,-0.013377988749581286,0.019066343974322858,0.30686931306869314,False,0.0029898201746201038,0.008466528227137313,0.30686931306869314,0.3531341412217812,16,0.7285974326943483,0.1164310960464577,0.0029898201746201207,0.0256788802660341,0.005891139161206499,-0.007604275660706485,-2.6606866217877974,0.8665133486651335,-0.012969464270301923,-0.0021227762712209375,False,-0.00035249433714476405,-0.37452581610248803,0.7123890032793533,0.7036296370362963,False,-0.005484197739907595,-0.9235502460358124,0.8115188481151885,-0.017183328875274524,0.005306652704043864,False,-0.0004442058490859268,-0.42195274179884656,0.6780562141581818,0.6894310568943106,False,0.036209242310915185,5.095888340920446,9.999000099990002e-05,0.023159226416264087,0.04978439147057191,True,-0.0012711218686069486,-1.3861339561741675,0.18263871422026223,0.23897610238976102,False,-0.0033982567901448503,-0.5934969948718117,0.6858314168583142,-0.014079509130690329,0.008234259066519783,False,0.0011553578402570177,0.9659261313266317,0.34688065476075647,0.2840715928407159,False
266,266_17Networks_RH_DorsAttnA_SPL_3,0.03807850204120251,0.010434894098611962,0.06563700739392507,0.0018998100189981002,True,0.03809692232715599,0.014375156925922871,0.0018998100189981002,2.650191752582222,16,0.017462359936731092,1.1614326402363082,0.053071323869809235,0.06414619843921296,0.014716147189938723,0.00816434200807877,-0.006551794421548262,0.022931573942813754,0.27607239276072393,False,0.008164523417435171,0.0077297104691116504,0.27607239276072393,1.056252164949911,16,0.30654152503023807,0.2293264415137966,0.010758844473403263,0.07286646215362343,0.01671671288952503,0.08947371848300216,0.06240642875677921,0.1172835570083985,9.999000099990002e-05,True,0.0897136339328549,0.014407532123900597,9.999000099990002e-05,6.226856422136955,16,1.210603498220616e-05,1.6079021226799641,0.11824365140049835,0.09688901990558003,0.02222786560563811,0.029107710602577747,0.002258649275748922,0.05952228032012508,0.0023997600239976003,True,0.029115935372233556,0.015182981290960351,0.0023997600239976003,1.9176691859304738,16,0.07318242238984167,0.7411175688291347,0.02911593537223354,0.03928652699224603,0.009012947421151756,-0.006313034087139876,-2.307354870589814,0.7665233476652334,-0.01182867230956951,-0.0013336336484643496,False,-0.0014858299181879642,-1.2707328117021905,0.2200022662039697,0.09719028097190281,False,-0.006091869873082408,-1.0593598244394287,0.8207179282071793,-0.016495510034246427,0.005468218078466334,False,-0.0012273601250988506,-1.3024644518663984,0.2091769237270656,0.23647635236476353,False,0.05542818767022623,6.131679390755806,9.999000099990002e-05,0.038284663621158455,0.07267437275814094,True,-0.0047346931375908665,-3.6467479340464553,0.001844941706074493,0.00019998000199980003,True,0.006292090715100581,1.150269383120579,0.2568743125687431,-0.004156065689317546,0.01661856857301907,False,0.0028943883309777967,3.060807074860891,0.006731822467631224,0.00029997000299970003,False
267,267_17Networks_RH_DorsAttnA_SPL_4,0.015518482414963347,-0.005616840286048579,0.03656668930484197,0.13738626137386262,False,0.015519728332359624,0.011087823173767934,0.13738626137386262,1.3997092205688209,16,0.18069049072744356,0.29931042125014706,0.02873418301885773,0.10930127144876566,0.02507543140240405,0.003176467222252547,-0.02466746960529985,0.030931881940600384,0.420957904209579,False,0.0031764779057760367,0.014638764423212589,0.420957904209579,0.21699084799391402,16,0.8309581999248377,0.0875588214215262,0.003744337086182031,0.08158468137206519,0.018716809549568284,0.08590942600858932,0.050217885077632585,0.12421511237678069,9.999000099990002e-05,True,0.08612171636763441,0.019456963965301124,9.999000099990002e-05,4.426266940783819,16,0.0004235153629829126,1.8646143889365057,0.11714028177328814,0.08066890946674571,0.018506717065851372,-0.0036579133716360588,-0.03637957706414011,0.0224689727037694,0.6060393960603939,False,-0.0036579296864633314,0.015661412282682675,0.6060393960603939,-0.23356320748340295,16,0.8182861285692568,-0.07094077271872007,-0.003657929686463348,0.05156314974136258,0.011829397838592362,0.0004650260096972556,0.05834065074029877,0.47525247475252475,-0.014797816758729284,0.015408682800404529,False,-6.826857322155256e-05,-0.04612480786074313,0.9637186585047367,0.9558044195580442,False,-0.01234567418858632,-2.3809906013539295,0.9335066493350664,-0.022358041652867516,-0.002400014313344049,False,0.0019287272633257417,1.662679344340073,0.11369115003755124,0.0974902509749025,False,0.04881538734456177,7.418289062677135,9.999000099990002e-05,0.035912063344346185,0.060764048749629304,True,-0.0013679964071068355,-0.958238846875996,0.3506373047369099,0.32286771322867713,False,0.0017733559759324892,0.22342635189666243,0.42845715428457154,-0.013719255763549505,0.016562673222972717,False,-0.003113255493137065,-2.175813774875495,0.04313431863841208,0.048595140485951406,True
268,268_17Networks_RH_DorsAttnA_SPL_5,0.016113217439173162,-0.008405899728424452,0.04472948484586932,0.11498850114988501,False,0.016114612179026756,0.013953387767122665,0.11498850114988501,1.1548888662720616,16,0.2650933265189221,0.4370703682891541,0.020570139085770576,0.07272194138001663,0.016683557550188487,0.030982168744468897,0.00668445527863493,0.05610974025525066,0.027197280271972803,True,0.030992087665119437,0.013070832425495485,0.027197280271972803,2.371087521913861,16,0.030629168505705778,0.6369874852607096,0.048822045529067444,0.09987244432174977,0.022912310107521042,0.07054620626157401,0.04521710760148525,0.09703983584275286,9.999000099990002e-05,True,0.07066358765157785,0.013514260492099054,9.999000099990002e-05,5.228816455986656,16,8.27424312985762e-05,1.522841997413968,0.0939918107945393,0.08155930309357609,0.018710987373184336,0.019535981979437112,0.001997336186786455,0.037744208478339834,0.0025997400259974,True,0.01953846788112534,0.009355748993621195,0.0025997400259974,2.0883916289809377,16,0.053103883547852275,0.7095099054921682,0.01953846788112541,0.027537977595354392,0.006317645339349315,-0.0025846069966542276,-0.34737096998529915,0.6202379762023797,-0.016705790562843235,0.011631656943737042,False,0.00218703432049567,2.5525911981542704,0.019991152585220582,0.06359364063593641,False,0.01369483525182454,1.7982952610849336,0.0664933506649335,-0.0008815025212566786,0.0282392140883152,False,-0.000721737360445986,-0.5827719844345802,0.5672765828609436,0.5804419558044196,False,0.018016643636139095,2.4329415591429204,0.018998100189981004,0.0039233267031581085,0.0319139037418449,True,-0.00028925653273422695,-0.29324263776727383,0.772690685556032,0.7732226777322267,False,0.011292052434502684,1.8816195842305456,0.08399160083991601,-0.0007703279878774242,0.02194128282628106,False,0.0022288406002959585,1.7131355246523796,0.10385835425950524,0.06379362063793621,False
269,269_17Networks_RH_DorsAttnA_SPL_6,0.04669602397584483,0.026204246044431362,0.06602244998497894,0.00029997000299970003,True,0.0467300089670154,0.010562631904004622,0.00029997000299970003,4.4240876129839,16,0.00042543413451856586,1.1314389142050907,0.06643929580462142,0.07891065244595154,0.01810334524109281,-0.0003738035273241724,-0.017023382555836093,0.015527370592194594,0.5421457854214579,False,-0.0003738035447345812,0.008597764476058931,0.5421457854214579,-0.04347683002662683,16,0.9658594013119159,-0.013842629553256212,-0.001175212957025353,0.058210628727501525,0.013354434108586565,0.04523326184207223,0.02635888926895276,0.0662382972852554,9.999000099990002e-05,True,0.04526414957758122,0.01052014872303787,9.999000099990002e-05,4.302614988556022,16,0.0005476681382979655,1.9668729120007602,0.06396757876603526,0.04180632720702689,0.009591029236632907,-0.0019889296747473396,-0.011484484185733149,0.0077967464694873555,0.569043095690431,False,-0.0019889322973835823,0.005032963219896027,0.569043095690431,-0.39518117071093384,16,0.6979279103664529,-0.04117128321425985,-0.001988932297383576,0.048308727397029676,0.011082782148142475,0.010605868603084387,1.8569901958171586,0.07899210078992101,-0.00045642706085824057,0.0213624569325602,False,-0.0012407676700919937,-1.216549277662009,0.23948795841316323,0.1775822417758224,False,-0.009325181863732757,-1.6418830008200567,0.9339066093390661,-0.019751440130056724,0.001848747904217453,False,-0.001679525413883084,-1.79227807957365,0.08991331518109073,0.09669033096690331,False,0.03412987332474861,6.512031706172383,9.999000099990002e-05,0.024310613624356867,0.04418536266047659,True,-0.0010044162748347862,-0.8202839583697911,0.4227845203160438,0.3451654834516548,False,0.003291042734820534,0.7454901278529436,0.32896710328967105,-0.004670119093651776,0.01218120711121704,False,-0.0007550285775350387,-0.7850752382694117,0.4426206745441228,0.48505149485051496,False
270,270_17Networks_RH_DorsAttnA_SPL_7,0.03659935250002303,0.016653802179064245,0.05718201160995256,0.000999900009999,True,0.03661570741125278,0.010614618247265976,0.000999900009999,3.4495548081235934,16,0.003296668555042882,1.2014838487740576,0.05205440729519133,0.06073817996831647,0.013934294131393576,0.040014818574913416,0.017522138950480343,0.06318515456476084,0.00029997000299970003,True,0.04003619616821071,0.012118627124521279,0.00029997000299970003,3.303690736321114,16,0.004484300437992981,1.3238296785685244,0.05587353248691579,0.06012899706524338,0.013794537988623663,0.05779735253842928,0.024427395567772698,0.09653840320763601,0.0006999300069993001,True,0.057861839847413075,0.018870526997508793,0.0006999300069993001,3.0662545807571644,16,0.007383454996847833,1.2674362849608451,0.07460578181066613,0.08097069045339633,0.01857595037237201,0.046973476660195884,0.026438291598178666,0.07073682099402293,0.00019998000199980003,True,0.04700807158179783,0.011755042031145978,0.00019998000199980003,3.9989709485721923,16,0.0010342600431265333,1.2350840294821999,0.047008071581797935,0.03806062620816631,0.00873170649311961,0.01019641587317884,2.2586214025507325,0.072992700729927,0.0011739765571055379,0.018459803565723694,False,0.0013858657281168867,1.160788279895578,0.2608918938412432,0.16768323167683233,False,0.014357800451838713,2.8113405190859098,0.0230976902309769,0.004164138442757038,0.023867051785260832,True,0.0006232098021409905,0.7718038757461988,0.4502452904994676,0.5522447755224478,False,0.019489474248261716,2.708505719107793,0.013398660133986601,0.005805806590558987,0.03325474098699106,True,-0.00161371231034095,-1.3206580496646219,0.20316148286400543,0.07079292070792921,False,0.015277874039899372,2.7975767630061688,0.0192980701929807,0.004574267538733718,0.02563919764490899,True,0.0009542362218455196,1.355877195928619,0.19190602725606978,0.34626537346265374,False
271,271_17Networks_RH_DorsAttnA_SPL_8,0.0196410292612611,-0.0025806063812091095,0.042203732269599975,0.024297570242975703,True,0.01964355548616401,0.011769929685185037,0.024297570242975703,1.6689611587815687,16,0.11457158020089905,0.6209729476364868,0.028858113301273993,0.06393897249447725,0.01466860629775016,0.01922689345391743,0.0002886613091596887,0.038798748910731116,0.041695830416958304,True,0.019229263203455593,0.010073467893232648,0.041695830416958304,1.9089020193704895,16,0.07437766658472819,0.6307873636703543,0.026187410604637067,0.0637506103854827,0.014625393066281769,0.03455874992975223,0.01628979366077246,0.05280761755469144,0.0022997700229977,True,0.03457251771813101,0.009754998197614542,0.0022997700229977,3.5440824301315876,16,0.0027000537630227383,1.1000784220002666,0.048420700462192025,0.06379290966837876,0.014635097187309567,0.027922289374445537,0.012523578186688181,0.042316783035066564,0.00029997000299970003,True,0.027929549348046628,0.007844860498456155,0.00029997000299970003,3.560235309925916,16,0.002609472822423913,0.7987360622999561,0.027929549348046707,0.03496718210972425,0.008022021745087966,-0.00031071307596122554,-0.04998295035884996,0.5205479452054794,-0.011786334652399894,0.01186473326722947,False,-0.00149818022141005,-1.3751704115292438,0.18595432564844186,0.17218278172182783,False,0.006878967905424213,1.223813169385735,0.1446855314468553,-0.004043532661725204,0.01728405851568011,False,-0.0003496800786312462,-0.437951341572475,0.6666318011457091,0.7398260173982601,False,0.011413253769003226,1.9296256059041876,0.04739526047395261,-0.0003245742808770117,0.022265718136695516,True,-0.0014771248999146955,-1.7073384084302663,0.10494956561490207,0.14488551144885511,False,0.0037549928909554717,0.7767059688975566,0.3060693930606939,-0.005303233177203985,0.013011753414424244,False,-0.001329552795350692,-1.4524306168827554,0.16359160326616323,0.19868013198680132,False
272,272_17Networks_RH_DorsAttnA_SPL_9,0.016128141846395164,-0.004734765349742581,0.03811289959468216,0.0306969303069693,True,0.016129540465757135,0.011159218609081754,0.0306969303069693,1.4454005276525688,16,0.16764721879290156,0.5960051791354326,0.024690994018690526,0.05336849900724296,0.01224357336531699,0.03625897830089013,0.00933955820508403,0.06508556731325145,0.0026997300269973002,True,0.0362748809033752,0.014584983576832763,0.0026997300269973002,2.487138961266665,16,0.02429436681027461,1.0820749807357666,0.048510055891902715,0.06645101969914773,0.01524490945072713,0.0807936194794549,0.053801439655326425,0.11372545969693985,9.999000099990002e-05,True,0.08097010760864257,0.015774273177700065,9.999000099990002e-05,5.133048394464805,16,0.00010016928732707138,2.668837047471902,0.10844491238506346,0.05763526041310856,0.013222435564494235,0.02982965224551199,0.007738262121361337,0.05672466496975128,0.00019998000199980003,True,0.029838504528016653,0.012882489419281431,0.00019998000199980003,2.3162064067645876,16,0.03413909095406169,0.9387294176337915,0.02983850452801662,0.03178605460477534,0.0072922210440042835,0.00773874117689543,1.8019533541709325,0.16868313168683133,-0.0004514863927827308,0.01600131654370295,False,-0.0015547625135799558,-1.376881670024645,0.1854336464568536,0.17938206179382063,False,0.011965646119183642,1.9574930977782388,0.07269273072692731,0.0010391782352127885,0.024078671132287607,False,-0.00035118112561329065,-0.2650905123199598,0.7939517009970619,0.7677232276772322,False,0.05604037867312885,9.21627586139128,9.999000099990002e-05,0.04432382967920683,0.0673711379448874,True,-0.004178518311401043,-2.5821839658721117,0.018789474411322032,0.00029997000299970003,True,0.01670377254077361,2.7446256525936796,0.016798320167983202,0.004885394904512934,0.028158190231642132,True,-0.0011824289896512465,-0.7755356679278786,0.4480931886584814,0.31916808319168083,False
273,273_17Networks_RH_DorsAttnB_TempOcc_1,0.14977337885905065,0.13262042311067937,0.16938406556732516,9.999000099990002e-05,True,0.15090860650997892,0.009542326585644153,9.999000099990002e-05,15.81465538362643,16,3.448179533586048e-11,2.093496504368685,0.1973177250992136,0.12034763586789529,0.02760964120222034,0.0535450719963187,0.03273559162079662,0.07500347731497917,0.0136986301369863,True,0.05359633278072472,0.011050385851950293,0.0136986301369863,4.85017749595282,16,0.00017725940168621321,0.7449186542391003,0.0782320781911749,0.14017611240475508,0.03215860569845924,0.0741104159493587,0.04678802619312926,0.10178761761798902,0.00039996000399960006,True,0.07424654504025041,0.01415213312766851,0.00039996000399960006,5.246314768979434,16,7.991229726961633e-05,1.4298225028219875,0.09542450353196266,0.09618511066945018,0.022066377751653113,0.006245548997012813,-0.014341313107351364,0.025668905174274566,0.3243675632436756,False,0.006245630205378254,0.010610203387262306,0.3243675632436756,0.5886437778258067,16,0.5643186140342995,0.10398317476522226,0.006245630205378237,0.06006385378672954,0.013779593095576676,-0.0033189423762331523,-1.207300887798769,0.6104389561043896,-0.008879688929977893,0.0015899063309502842,False,0.0004471967982837627,0.3393996747575107,0.7382364745534978,0.6058394160583942,False,0.008654339992819095,1.83841785803261,0.15928407159284072,-0.00012796390725387834,0.017725262865812472,False,0.0018803079612652472,1.643784571111494,0.1175728934875785,0.08039196080391961,False,0.02155172276322775,3.2161899281393382,0.0051994800519948,0.009050679895677366,0.03417904023129498,True,-0.0006733769181698661,-0.7940257650954393,0.437523960919746,0.49945005499450057,False,0.009210682552627742,1.4251026082576788,0.19818018198180182,-0.0033326292734625284,0.02108945828545819,False,0.00013675276476518596,0.15986205759452835,0.8747699781571731,0.8693130686931307,False
274,274_17Networks_RH_DorsAttnB_PostC_1,0.024152243298612874,0.003936448086645016,0.04454311331606928,0.020597940205979402,True,0.024156941192567186,0.01081176730014002,0.020597940205979402,2.23431937831795,16,0.040081080788685344,0.7367510571723637,0.032721740877361856,0.06396706424160319,0.014675050986532764,0.007293763640698568,-0.013033328702036452,0.028947392954656426,0.3050694930506949,False,0.007293892985108766,0.01092043234782163,0.3050694930506949,0.6679124738649865,16,0.5137094510499678,0.1874794876930307,0.008815479625146996,0.07723163075158944,0.017718151246896137,0.04113120131930587,0.023536031798787955,0.05990197298424781,9.999000099990002e-05,True,0.04115441981476127,0.009554637448605921,9.999000099990002e-05,4.307271734393852,16,0.0005423797832433445,1.7087101521584613,0.05876687137351071,0.04776799356500561,0.010958729299240034,0.0055226853366820115,-0.007896314349352694,0.01874914358275533,0.1065893410658934,False,0.005522741485108627,0.007032203428537043,0.1065893410658934,0.7853500743020397,16,0.4437230476337807,0.29295809776335324,0.005522741485108664,0.01885164304135333,0.004324863522997943,0.021237607917826872,3.2483005042180007,0.00039996000399960006,0.009434494269849278,0.03430146439044932,True,0.0004405068781058419,0.45337490228741084,0.6556968481291601,0.7035296470352965,False,-0.00948440124161876,-1.693047532241567,0.9076092390760924,-0.02026751716466184,0.0009450306512966209,False,-0.0014989731932160274,-1.4848010326853145,0.15489881833146338,0.09579042095790422,False,0.014304008615611477,2.832087892708508,0.0182981701829817,0.005235694880297504,0.02428178381867927,True,-0.0026794339212572907,-1.937129975549296,0.06858499643631775,0.0168983101689831,True,0.004286450128120247,0.8054637870430407,0.25917408259174085,-0.0065339608566846695,0.013667315003684607,False,0.00012923044276680633,0.1359158776674523,0.8933962871034727,0.9125087491250875,False
275,275_17Networks_RH_DorsAttnB_PostC_2,0.027402524502168586,0.00724618136655025,0.047192672347559854,0.008999100089991,True,0.027409386430803737,0.010581458416818372,0.008999100089991,2.5903221797137848,16,0.01972458434818816,0.7352119627175926,0.04672400285759513,0.07809704229673058,0.017916690271624746,0.018755653201414205,0.0017266222675843574,0.034634767355680614,0.04789521047895211,True,0.018757852919393633,0.008608685203611587,0.04789521047895211,2.1789451554720785,16,0.04462925768570717,0.4752238469366478,0.03341089348410144,0.08380776273606244,0.01922681939214368,0.046280183970891425,0.024078878592089986,0.07057956378533786,0.0006999300069993001,True,0.04631326831953352,0.012241252979999114,0.0006999300069993001,3.7833764562503847,16,0.00162887662467976,1.196633290246324,0.06388919673263645,0.07848747057458011,0.018006260661511415,0.003403902217480942,-0.014956985009734261,0.026351143570252235,0.32296770322967705,False,0.0034039153640670963,0.010986165762053983,0.32296770322967705,0.30983651965494274,16,0.7606842150254239,0.10934463273298985,0.003403915364067144,0.031130154987846208,0.007141747352041066,-0.00021786363218025888,-0.041768197392395415,0.5144485551444855,-0.010106062664409728,0.009474177979575553,False,0.0012403245473479572,1.206120252380148,0.24338588634035502,0.27577242275772423,False,0.01080261535978417,1.33814251389717,0.05699430056994301,-0.005221968961973443,0.025033997969672164,False,-0.001241570069941268,-1.3805052708626453,0.18433496581162115,0.3094690530946905,False,0.016616304855735464,2.3352707214981563,0.0131986801319868,0.0033136351473156897,0.030680562927524163,True,-0.0016821941766036299,-1.6862194614901072,0.10900869186735465,0.10798920107989202,False,-0.01079177468673291,-1.70178509293912,0.8805119488051195,-0.02254894590468601,0.0017632733172826057,False,-0.0009390680583599695,-1.0378941858077857,0.3130616690885832,0.42675732426757323,False
276,276_17Networks_RH_DorsAttnB_PostC_3,0.027176814881915458,0.014810406415674578,0.039706553632781874,0.012998700129987,True,0.02718350859247354,0.006549708518249437,0.012998700129987,4.1503386779323375,16,0.0007527994414440359,0.7285683565817542,0.0428796514309156,0.07706603997072982,0.017680162116383027,0.022159170228120584,-0.0014728584260219567,0.04487789086380939,0.016998300169983,True,0.02216279822749344,0.01235125782456871,0.016998300169983,1.7943758070864606,16,0.0916688660826218,0.798075112424098,0.0296400310101801,0.05555102312972207,0.01274427873856574,0.05007466739512157,0.021494723916227358,0.08194034004345448,0.0007999200079992001,True,0.05011658409024237,0.01570184502830309,0.0007999200079992001,3.191764025177014,16,0.005675073616612393,1.3165132519418337,0.06346881739965148,0.07315300899589779,0.016782451243633697,0.02459954928840999,0.008292232302369666,0.04310026444193059,0.0004999500049995,True,0.024604513130072052,0.009202295713172376,0.0004999500049995,2.673736412844524,16,0.016642698951058743,0.8924497406235387,0.024604513130072104,0.027569634468022054,0.006324907924024414,0.0014166065600145308,0.23447138701968614,0.41605839416058393,-0.00993872627070218,0.012796520191178646,False,-0.0007106220495276982,-0.5949705902558543,0.559269167092077,0.47695230476952305,False,-0.004680285904535511,-0.7259043955684246,0.732026797320268,-0.017495104007751186,0.006984751089112976,False,-0.001222780652682149,-1.2748928609531816,0.21855866509783367,0.24987501249875013,False,0.02999438077996841,5.1629896866520495,0.00039996000399960006,0.01928975539818146,0.04102924701117453,True,-0.001942993593780722,-1.373905191387964,0.1863400434972757,0.05749425057494251,False,0.005923864930179646,1.290442548815187,0.203979602039796,-0.0029608097449300612,0.01433015370693162,False,-0.0019204950414737807,-1.4569078653921954,0.16236599014193112,0.056394360563943605,False
277,277_17Networks_RH_DorsAttnB_PostC_4,0.014874622256685949,-0.0007192151739462571,0.029425799287144973,0.0861913808619138,False,0.014875719427486415,0.007808252713560375,0.0861913808619138,1.9051278145304096,16,0.0748975681046767,0.4875816347226135,0.019864246210133028,0.06017787548981791,0.013805751468267865,0.02182459485772585,0.00804814769628798,0.03585232142349745,0.020997900209979003,True,0.02182806096066838,0.007280573564910181,0.020997900209979003,2.9981238107217276,16,0.00851274978087636,0.6876790999712205,0.03320523666247679,0.06459073635867439,0.014818131182965261,0.03259128542555473,0.01824352165940234,0.046982591036288025,0.0004999500049995,True,0.032602832185014134,0.007669366382711034,0.0004999500049995,4.251046378291475,16,0.0006098581009030068,1.245790201009682,0.04825530768296697,0.051585098221843435,0.01183443316534922,-0.0023314085533199815,-0.016121157752842293,0.01182773937575955,0.6149385061493851,False,-0.002331412777430943,0.00735973988867158,0.6149385061493851,-0.3167792357742901,16,0.7555068522282167,-0.0651262514838037,-0.002331412777430957,0.035798356642877636,0.008212706260585872,0.0009227319568570768,0.17185864650901084,0.4410558944105589,-0.009195381122668751,0.011324581876989984,False,-0.0014307473972022214,-1.3294449233898824,0.20030557108928743,0.15928407159284072,False,0.007974070395184482,1.0562804518743687,0.09659034096590341,-0.006760716878978146,0.02224619396203256,False,0.000583280523039504,0.6744538730944802,0.5085932481995058,0.5561443855614439,False,0.027653304362092644,4.789890715210476,9.999000099990002e-05,0.01676321446255964,0.038501349537554484,True,-0.00041383114623664544,-0.4020506635098754,0.6923806818000817,0.6488351164883511,False,-0.0012742417554258,-0.27224911224367254,0.5795420457954205,-0.01064493557134062,0.007105256674398105,False,-0.000836880727022701,-0.9475415221141713,0.35591133001692316,0.3330666933306669,False
278,278_17Networks_RH_DorsAttnB_PostC_5,0.007761956768048105,-0.01235198713601155,0.026662836640118974,0.08899110088991101,False,0.007762112654403503,0.010357156504696768,0.08899110088991101,0.7494443721965128,16,0.46446668574909755,0.44030043276100667,0.013223216278362274,0.040725999307604954,0.00934318501876618,-0.011126406102282143,-0.023779037966429908,0.002086385504382556,0.9062093790620938,False,-0.011126865274630929,0.006796837142681919,0.9062093790620938,-1.6370651585511504,16,0.12113136873345161,-0.4824338011735185,-0.014967512364194784,0.04827763092452103,0.011075648128081119,0.02270138942274524,0.005749161673266473,0.03879028387842463,0.0004999500049995,True,0.02270529037270239,0.008715380328600433,0.0004999500049995,2.6051978819779786,16,0.01913764329976031,1.3003288020304733,0.03055436127736784,0.03438824707055938,0.007889204938214576,-0.010910407618727335,-0.021961041547295612,-0.0004500447938767607,0.9477052294770523,False,-0.0109108405636932,0.00566380704677692,0.9477052294770523,-1.9264145959743082,16,0.07200731559963636,-0.39194908668106676,-0.010910840563693177,0.027837392494223283,0.006386335828105102,0.007595499269756042,1.6898404881226659,0.10158984101589841,-0.0013492586471596261,0.015992861677069592,False,-0.00043464233344041157,-0.4747058607097089,0.6407051338988701,0.6295370462953704,False,-0.013473117037434966,-2.3553101130911305,0.9937006299370063,-0.024304811844028516,-0.002580180451519502,False,0.0011662339669594025,1.3054653039698056,0.20817520056674502,0.2933706629337066,False,0.01324416063711984,3.2538860215188916,0.012898710128987101,0.005303669455944526,0.020920517290736733,True,-0.002815450557143829,-3.4663163793290406,0.0027551979839721143,0.0022997700229977,True,-0.009144507116144047,-1.4433842080247554,0.9382061793820617,-0.0213805403064245,0.0028743240778067187,False,0.0009490801870161135,0.7459492985875563,0.46532909511196135,0.3177682231776822,False
279,279_17Networks_RH_DorsAttnB_PostC_6,0.04093715064911788,0.017519128831134788,0.0648089815942247,0.006399360063993601,True,0.04096004184964204,0.012338608737597272,0.006399360063993601,3.319664535988706,16,0.0043358777482837025,0.872678411631646,0.05881134696382686,0.09121890863777422,0.020927052868006696,0.017169371907792278,-0.000727731138067751,0.036939080510865814,0.0341965803419658,True,0.01717105931070127,0.009939036641398004,0.0341965803419658,1.7276381937440994,16,0.1033019158722558,0.6081630808248913,0.025311574319086688,0.0545393526149194,0.012512185604977074,0.09640762871111734,0.07839145984551746,0.11498030966035439,9.999000099990002e-05,True,0.09670799019252035,0.00957792364027086,9.999000099990002e-05,10.096968176474782,16,2.4013231585881704e-08,2.096329476955851,0.1297331245525802,0.07832306912328085,0.017968544381912213,0.007998779574274771,-0.014597878424785573,0.03107298719272511,0.13108689131086892,False,0.007998950169395008,0.012057338118915285,0.13108689131086892,0.6634092940336834,16,0.5165138199488715,0.2657991281203619,0.007998950169395029,0.030093966921414594,0.006904029506352739,0.015396009114248129,3.404156932580134,0.018998100189981004,0.006781742716623078,0.023873025155363124,True,-0.0003673445879563086,-0.5073867606649733,0.6180436246952002,0.6941305869413059,False,0.012954551172002967,2.5437710469019863,0.013598640135986401,0.0028015170963866056,0.022380076157888902,True,-0.0010768717382697655,-1.4081264986632551,0.1761311452705605,0.24927507249275072,False,0.04944132850968034,7.985592937198831,9.999000099990002e-05,0.03753323040071722,0.06167629275939388,True,-0.0032767823469064023,-4.091267749766671,0.0006854093733736888,9.999000099990002e-05,True,0.008606423067336985,1.6365221453308092,0.10748925107489252,-7.503185322683958e-05,0.019904232435997083,False,-0.0008762055098708887,-0.7654168093778839,0.45394338477140866,0.31896810318968105,False
280,280_17Networks_RH_DorsAttnB_PostC_7,0.012175453313723194,-0.0012701034744240602,0.025695703264259948,0.015898410158984102,True,0.012176055003725353,0.007126928415565043,0.015898410158984102,1.7084575982457098,16,0.10687501447831574,0.7801130769454593,0.017472073237002186,0.032941856823442944,0.007557380258209135,-0.004689356458012402,-0.02012453350173741,0.01131543559598847,0.6316368363163684,False,-0.004689390831548791,0.00827509841959788,0.6316368363163684,-0.5666870161257449,16,0.578790426180316,-0.17668656332518612,-0.004536411298962814,0.05569893058113546,0.012778211035076665,0.03303156852587456,0.019139385348548345,0.04764806104188738,0.0011998800119988001,True,0.033043589807619116,0.00743524885286737,0.0011998800119988001,4.444180747881223,16,0.0004080738135971883,1.1324852591559296,0.04644255953780918,0.0586727780175494,0.013460458427120658,-0.006263075892076859,-0.01869460901611203,0.00523593316724913,0.8512148785121488,False,-0.006263157786059029,0.00626081141076949,0.8512148785121488,-1.0003747717565017,16,0.3320191728225209,-0.24242953500968245,-0.006263157786059063,0.025834961840804093,0.00592694673022603,0.006489078743676367,1.4569711495962077,0.127987201279872,-0.001984700346625325,0.014952464641999058,False,-0.0012320753163016411,-1.518168806728204,0.14634013697974751,0.2096790320967903,False,-0.00708664666364816,-1.2525830840161651,0.888011198880112,-0.017990956901715503,0.0036857545350653777,False,-0.0007748850058914614,-0.9115993965886532,0.3740272259557042,0.38636136386361364,False,0.020303316330858114,3.2361470013387157,0.000999900009999,0.008596204276695168,0.032202013180482325,True,0.00021524157286867242,0.22993089474887773,0.8207381777171162,0.8252174782521747,False,-0.0037627468595160486,-0.6605836270027944,0.734026597340266,-0.014054509979126882,0.0077387629672125095,False,-0.0022301862431316584,-1.6093338964659856,0.12494091575143615,0.027297270272972702,True
281,281_17Networks_RH_DorsAttnB_PostC_8,0.014407533719041096,-0.005867840808686774,0.03350810764738744,0.061193880611938804,False,0.014408530734227935,0.01036740095433015,0.061193880611938804,1.3897919833234502,16,0.18362803072358036,0.6367935035157573,0.0168952167985753,0.04690520879471878,0.010760792897992337,-0.005637462655659184,-0.01881167680797121,0.007759911603364686,0.7270272972702729,False,-0.00563752237817041,0.006886333829969986,0.7270272972702729,-0.8186536577177498,16,0.42500979183734244,-0.22278230852177872,-0.008219603275447402,0.056993860811242025,0.013075288404127739,0.04401241684295993,0.027923408503661065,0.059945069748456176,0.000999900009999,True,0.04404086863099989,0.008423962019992386,0.000999900009999,5.228046912661614,16,8.286924149618822e-05,1.1667537233955512,0.06556725726817146,0.0753421767100181,0.017284680761334346,0.00870423236897439,-0.005043775150684965,0.021307135763447647,0.09709029097090291,False,0.008704452200471495,0.007003520616035139,0.09709029097090291,1.2428680770271354,16,0.23182276000185403,0.3174348956048521,0.008704452200471502,0.027421220291126817,0.0062908593767151974,0.004787777605065389,0.8388725577272432,0.22847715228477153,-0.006219877749817121,0.015171138956315704,False,0.0006103854785558667,0.6785724305819048,0.5060401664433958,0.5217478252174782,False,-0.005903295888322138,-1.0227729227936504,0.8561143885611439,-0.016924963280103966,0.004816396283184693,False,-0.0012914052099927632,-1.4472157392856242,0.16502866135692126,0.19318068193180682,False,0.03161779233894371,4.3542222902676,9.999000099990002e-05,0.01745443984853911,0.04484610923873207,True,0.00031875230610554824,0.2986554249933885,0.7686233988065501,0.7536246375362464,False,0.005541104487577651,0.9742851027608748,0.22397760223977603,-0.004311255224680004,0.017258050843201606,False,-0.00044306609228625686,-0.37452339994587547,0.7123907693573099,0.6399360063993601,False
282,282_17Networks_RH_DorsAttnB_FEF_1,0.010486808413384167,-0.008257223582629295,0.029881224750634598,0.22177782221777823,False,0.010487192861205849,0.010112435847574862,0.22177782221777823,1.037059025073653,16,0.31512836113023135,0.21468097187905838,0.017219769528750678,0.09624890257447707,0.022081012618359857,0.011124671678148096,-0.006084989658179495,0.027213752088339833,0.19688031196880312,False,0.011125130635787421,0.008715621779656482,0.19688031196880312,1.2764586299230058,16,0.22001053196594575,0.2892119343650341,0.016411933542997217,0.08106203526316949,0.018596906308941383,0.06886994251982266,0.05794342691201655,0.08102416401123366,9.999000099990002e-05,True,0.0689791384055875,0.006053647141398946,9.999000099990002e-05,11.39464141110263,16,4.339115619914156e-09,1.5831004525690484,0.10102359041064472,0.07931678991936131,0.01819651956760745,0.0012476326682723804,-0.013652285457906489,0.016166627384809125,0.43825617438256176,False,0.0012476333156226968,0.007903209539970929,0.43825617438256176,0.15786413220005355,16,0.8765390096879461,0.038766285619094905,0.0012476333156226937,0.03218346291624484,0.0073833927634263195,0.002141105534621061,0.4432813005977225,0.38036196380361964,-0.0073752455220524645,0.010688726808514952,False,0.00018944241318931776,0.24038400420248537,0.8127490544400459,0.8488151184881512,False,0.003873916857867646,1.1031771845543978,0.278972102789721,-0.002664927112071895,0.010694261972408612,False,0.00044016770215594584,0.4471205423428479,0.6601215800574638,0.6855314468553144,False,0.03448848545765644,7.3629217214350975,9.999000099990002e-05,0.02596726123428957,0.043519166026863565,True,0.00024385621889932876,0.2101930436021478,0.8358779378516344,0.7903209679032097,False,0.005416604349138963,1.1009779847493053,0.20537946205379462,-0.0038104592458087483,0.015111316195450369,False,-0.0012927035646405605,-1.4141626344034453,0.17437821784257163,0.16548345165483452,False
283,283_17Networks_RH_DorsAttnB_FEF_2,0.00032695904847938347,-0.011563257123722298,0.012591230649881779,0.6162383761623837,False,0.00032695906013026685,0.00634896787397119,0.6162383761623837,0.051497986227131205,16,0.959566164117655,0.013165503240444796,-0.0034645333716103593,0.05069449001604798,0.011630113630225512,0.004628176521799765,-0.007990317753575183,0.016911837241866824,0.33466653334666535,False,0.0046282095674324755,0.006590627464622853,0.33466653334666535,0.702241113198366,16,0.4926193097717332,0.19588087240845645,0.005021336967053427,0.04852255811840506,0.011131838280010879,0.05333096888016876,0.03726711740859084,0.07087517523369757,9.999000099990002e-05,True,0.053381616515247615,0.008872378263034433,9.999000099990002e-05,6.0166073777146,16,1.7950128949853537e-05,2.0309226492326906,0.07497851693108837,0.049681882523811734,0.011397805539271305,0.008730404530728845,-0.0017017030385988968,0.018585114342349367,0.0334966503349665,True,0.008730626351244112,0.005393353997440489,0.0334966503349665,1.6187749506869722,16,0.1250362864602735,0.44574763292554875,0.00873062635124409,0.01958647832618407,0.00449344629914137,-0.0037688969089221783,-0.7598935021887263,0.7562243775622438,-0.013247136660527558,0.005782694165506792,False,0.0004083190794388981,0.3555600710961957,0.7263027505792755,0.6703329667033296,False,-0.008221669129571355,-1.6039719740208027,0.9267073292670733,-0.01788191964299215,0.0014808682734084324,False,-0.000711982965232569,-0.6759124124425564,0.5076882666136222,0.46145385461453853,False,0.02891809088971963,5.926596546754602,9.999000099990002e-05,0.01903335316152399,0.03774127998293281,True,6.457084833553833e-05,0.06607627886290293,0.9480454718256003,0.9383061693830617,False,0.007429913283802385,1.8401518486801385,0.0927907209279072,-0.00041198763684885024,0.015039908236462615,False,0.0008853962549048581,0.8588992412658211,0.40168977557916924,0.27577242275772423,False
284,284_17Networks_RH_DorsAttnB_FEF_3,0.0010459884051807011,-0.018627563910958458,0.019917547949186036,0.5372462753724627,False,0.0010459887866500442,0.010169837778406056,0.5372462753724627,0.10285206209198607,16,0.9193584578779693,0.04535540567717774,-0.001243716370009291,0.055984933415980535,0.01284382458532171,0.025868239497450346,0.008988531190598168,0.043365741394005286,0.0044995500449955,True,0.025874011862415263,0.008972408434347013,0.0044995500449955,2.8837309460153104,16,0.010799401924517955,0.7726431117063972,0.04492836284293304,0.06537516255872222,0.01499809089531653,0.02805912428240605,0.008150445739816938,0.04771803300597706,0.010698930106989302,True,0.028066491547650674,0.010225666999687034,0.010698930106989302,2.7447101053173033,16,0.014389673314478456,0.758217796989046,0.04651643614249034,0.07841354429927572,0.01798930081081014,0.0070814988299497976,-0.010649812491317964,0.02476094204470079,0.18968103189681032,False,0.007081617206962469,0.009295440484884059,0.18968103189681032,0.7618377223197075,16,0.45724059236921927,0.20350753567987456,0.007081617206962485,0.034797813178290025,0.007983165847388111,-0.0010955168174499382,-0.23229853617792434,0.5758424157584242,-0.010458795035194831,0.007425963831952694,False,-0.00022611563636445794,-0.2007353629291935,0.8431562281750861,0.8469153084691531,False,0.00914497689454463,1.336223829798791,0.11758824117588242,-0.004726914773653111,0.021662987654373942,False,-0.0022668161860400007,-2.465611272521589,0.02395743678903715,0.057394260573942604,False,0.012214645310643158,1.951249501183222,0.045295470452954706,0.0002718729352695539,0.023753982751222265,True,-0.0010646089412081033,-1.1272995927158524,0.2744195842929107,0.2956704329567043,False,-0.001049806487197616,-0.13128703231904526,0.5637436256374363,-0.016269946878222797,0.014119070949196559,False,-0.002448127331004452,-2.049429260458706,0.05528201483964302,0.0402959704029597,True
285,285_17Networks_RH_SalVentAttnA_ParOper_1,0.1499218587694225,0.12937535513948908,0.17207165402511398,9.999000099990002e-05,True,0.151060497017014,0.011324601978045449,9.999000099990002e-05,13.3391440431963,16,4.3792568706381575e-10,1.448931446821184,0.1962868711523199,0.17464566449119356,0.04006646328655908,0.21979461461311434,0.20738322927199546,0.23929749545415913,9.999000099990002e-05,True,0.2234402876281468,0.008501233597041248,9.999000099990002e-05,26.28327819458019,16,1.36788086599548e-14,1.5628741413163916,0.2780975766632352,0.21932215391714305,0.05031595289497367,0.06757808897992837,0.05307163864103243,0.08236426287709672,0.00039996000399960006,True,0.06768124360929617,0.0076776290507444035,0.00039996000399960006,8.815383390101918,16,1.5400704157496488e-07,1.4883499944304925,0.09331261336277075,0.08347571700255896,0.019150642876513392,-0.07431799229661334,-0.0918254014534337,-0.056998554127643986,0.9999000099990001,False,-0.07445527099826849,0.009162454086145105,0.9999000099990001,-8.126127596192285,16,4.5241931047732054e-07,-1.195097866942405,-0.07445527099826861,0.06230056387662911,0.014292729582306677,-0.0014584257634932245,-0.38833747755172926,0.563943605639436,-0.008469032303696859,0.005797669982801339,False,0.0001580497669240481,0.15030351853291082,0.8821966137073077,0.8063193680631937,False,0.00339806170208816,1.062230080171937,0.35726427357264273,-0.002859304912673525,0.009283008350646407,False,-0.0007955651374497628,-0.7083502485068705,0.4878004367608215,0.21307869213078692,False,0.025857219171982308,5.267950790765807,9.999000099990002e-05,0.016146815288935905,0.03507641414274112,True,-0.003191843859478931,-3.465584396905911,0.0027596760164034805,9.999000099990002e-05,True,-0.0009425140280932129,-0.2550969587588271,0.5497450254974503,-0.008159549912335995,0.0058250757152622625,False,-0.0015420389698112768,-1.3725742819822158,0.18674647942302278,0.032396760323967606,True
286,286_17Networks_RH_SalVentAttnA_ParOper_2,0.22580228052184834,0.21055341275186426,0.25024872493297123,9.999000099990002e-05,True,0.22976176949785432,0.010297353081581863,9.999000099990002e-05,22.312701883439612,16,1.7596203641629672e-13,1.5456262018031353,0.28601003545226483,0.2248203857425598,0.05157733378419213,0.37682735955201035,0.3764602508776576,0.4169151695968327,9.999000099990002e-05,True,0.396356762334594,0.01050315927404346,9.999000099990002e-05,37.7369086760508,16,4.5828405904658267e-17,2.4128377097309235,0.45264718284605515,0.2175408130964765,0.049907285283326865,0.12376552316905404,0.09617702393015169,0.14782644747670692,9.999000099990002e-05,True,0.12440333833822566,0.013814696059734505,9.999000099990002e-05,9.00514479654911,16,1.1561663398553528e-07,1.883915770276013,0.15952780313808534,0.10965896136261193,0.02515749109648719,-0.12400516298518069,-0.15118973901686092,-0.0969051258533402,1.0,False,-0.1246467133729745,0.014324921258870334,1.0,-8.701389077150445,16,1.8332589751779056e-07,-1.5507234968187822,-0.12464671337297455,0.08037971542230443,0.01844037140191488,0.004293493653418522,2.1474420347012297,0.33806619338066196,0.000526871981120749,0.00808130698587153,False,-0.0005630530993547665,-0.502608497320214,0.6213331808000886,0.46605339466053397,False,-0.0016914306548013026,-1.1639488488312084,0.565043495650435,-0.004534865997279749,0.0009908072792726205,False,-0.000882879154740059,-1.0891587376387604,0.2904516109755652,0.10358964103589641,False,0.04028251903847559,7.633667540663827,9.999000099990002e-05,0.029909621791553865,0.05017324205405552,True,-0.003681374955084948,-3.136354988687864,0.005706514432899995,9.999000099990002e-05,True,-0.0036703414255038376,-1.0390535468478608,0.6365363463653635,-0.010180502922666233,0.0034009963282251145,False,-0.0021946299752931965,-2.1942806793188376,0.04157957049430098,0.0007999200079992001,True
287,287_17Networks_RH_SalVentAttnA_ParOper_3,0.044561497285289374,0.020036932039034915,0.06930181110937177,0.0022997700229977,True,0.04459102813411051,0.01299435343410129,0.0022997700229977,3.4315695936890216,16,0.003424243867277851,1.0260419609320983,0.06379798120809535,0.08574098221317682,0.01967033035721874,0.027037551152517734,0.00526816349282094,0.050242395138582606,0.011998800119988001,True,0.027044142456700986,0.011889342409968815,0.011998800119988001,2.274654183903844,16,0.037043214820809245,0.9213586200703929,0.03833594939977269,0.06283671082528756,0.014415730127995617,0.022733017628807292,0.004670636680805335,0.04113422354969791,0.014598540145985401,True,0.022736934909605523,0.00955069309369636,0.014598540145985401,2.380658103715251,16,0.030052904648838388,0.7402311031002548,0.0324487595831141,0.06145601888783789,0.014098977673916433,0.008476006421970597,-0.007562991449768347,0.026025035199032934,0.20887911208879112,False,0.008476209410406705,0.008881865564160978,0.20887911208879112,0.9543275958385222,16,0.35411478469470276,0.1901506386307332,0.008476209410406676,0.044576286839968206,0.01022650155861597,0.004085604709886326,0.7648699900055644,0.31696830316968305,-0.006003569791209512,0.01429554859468346,False,0.0014163720930034371,1.2925867269358597,0.2125010005799614,0.2054794520547945,False,-0.00020507147590761323,-0.037368224923655206,0.5112488751124887,-0.010883291893196338,0.009841172429728916,False,-0.0013118292313204715,-1.5619092552861504,0.13571910331704135,0.18518148185181482,False,0.010452537513607857,1.9608178415830961,0.059994000599940006,0.00043526040096064476,0.02074136185429242,False,-0.0010770508557336458,-0.7681179812984263,0.4523771495038029,0.2973702629737026,False,0.0008240193836055056,0.1441883925240968,0.4637536246375362,-0.009840014181919921,0.011768865529777779,False,-0.0016454499798417641,-1.1533969936459172,0.2638337847751348,0.11438856114388561,False
288,288_17Networks_RH_SalVentAttnA_PrC_1,0.03977367477368814,0.01674843487755282,0.06350321611799924,0.018998100189981004,True,0.03979466796136831,0.012573617552376225,0.018998100189981004,3.164933862160274,16,0.006004033057074237,0.699835865538591,0.05643255297155822,0.11065160023820853,0.025385218072600635,0.0385674160279326,0.01440580603979875,0.06269524139610166,0.013598640135986401,True,0.038586555422945944,0.012703399885243312,0.013598640135986401,3.0374982895539135,16,0.007840977293014419,0.7404625667913898,0.05486485789570754,0.10127423040041901,0.02323390188948848,0.10183090683341942,0.07543835098880869,0.12719691630724214,9.999000099990002e-05,True,0.1021850927741935,0.01360445226131729,9.999000099990002e-05,7.511150821172358,16,1.2442613796464357e-06,1.7975422778645516,0.1367150995220705,0.09783699363433185,0.02244534569430972,-0.047550091504968785,-0.0657774068521002,-0.028311121064976987,0.9991000899910009,False,-0.04758597729698808,0.009980135416812353,0.9991000899910009,-4.768069300625483,16,0.00020954385341538713,-0.8420757187670812,-0.04758597729698799,0.05651033064658453,0.012964358976554286,0.011561548243431571,2.400979777512595,0.0877912208779122,0.0023051714115407047,0.02068530960246201,False,-0.0006697635701007774,-0.5887639660560866,0.5633358794276876,0.43815618438156184,False,0.008681070820331673,1.4204467526582238,0.15858414158584141,-0.0027984687361210015,0.02024793066640712,False,0.0008229285771914052,0.6840928294641545,0.5026295930192072,0.3852614738526147,False,0.03465676851479872,7.160437931086505,9.999000099990002e-05,0.025376513696574052,0.04406884899031515,True,9.602696370027275e-05,0.07379291466836536,0.941989033841652,0.9115088491150884,False,0.0008864170805561587,0.1777612200903513,0.45925407459254075,-0.008190535869312107,0.0105386131969205,False,0.0015977265206187537,1.2601716379238161,0.22370048635026582,0.07829217078292171,False
289,289_17Networks_RH_SalVentAttnA_Ins_1,0.06689846863143424,0.04985363000323905,0.0853153996940746,9.999000099990002e-05,True,0.06699853672569084,0.009298863036465802,9.999000099990002e-05,7.205024578053661,16,2.097163566249735e-06,2.066395513193511,0.08846353275099364,0.059554325461647344,0.013662699280950106,0.052686563399904664,0.03691097825443471,0.06931526680536712,0.0007999200079992001,True,0.05273539517610187,0.008569250341864385,0.0007999200079992001,6.154026673543112,16,1.3866370159744427e-05,1.234868749081893,0.07547071716318424,0.0826656675115392,0.01896480477805962,0.040276121913155626,0.026204293293704814,0.05567319645498312,0.00039996000399960006,True,0.0402979213195902,0.00779462647404604,0.00039996000399960006,5.169961826108176,16,9.304298352948166e-05,1.3158828143047017,0.054551716806829034,0.05875736643011351,0.013479864339866,-0.0109059746189812,-0.024429950077755117,0.002286235766506575,0.9534046595340466,False,-0.010906407036407703,0.007030172381634894,0.9534046595340466,-1.551371210313249,16,0.1403661091122765,-0.4075618299319373,-0.010906407036407672,0.026760128734894216,0.006139194572186464,0.010988974068334689,3.1181261503820883,0.039896010398960104,0.004131030660601849,0.017540066318076603,True,0.0001298696650278742,0.1443898914060895,0.8867969667274312,0.8684131586841316,False,0.006663583911513019,1.176881006609021,0.1324867513248675,-0.004571955413110316,0.016906811827239195,False,-0.001405213455640054,-1.5797477171038001,0.13157672601941037,0.09399060093990601,False,0.020110753383707897,3.738000931410794,0.00029997000299970003,0.009877561268989522,0.030206281974938853,True,-0.000520474789435901,-0.8380587502868057,0.4129882381909207,0.547045295470453,False,0.0003220577264940854,0.06216467228432487,0.47465253474652536,-0.009478806523018937,0.010072118158433509,False,-0.00047431906903022144,-0.5577537475441613,0.5838834077398967,0.5623437656234377,False
290,290_17Networks_RH_SalVentAttnA_Ins_2,0.04733679162554922,0.02890437195292405,0.06544074723886441,0.00019998000199980003,True,0.0473721962211712,0.009687115177476276,0.00019998000199980003,4.890227415827297,16,0.00016340987482469385,1.4072464819033579,0.06690095078289855,0.06592381413935405,0.015123960200326424,0.04313570226057966,0.027411424635811442,0.05945383796544039,0.00029997000299970003,True,0.04316248620839514,0.008377691718369119,0.00029997000299970003,5.152073824076875,16,9.642874567803723e-05,1.3746465390203122,0.06552196463805492,0.060303251733567896,0.013834514751237703,0.11861281711095109,0.09274501711441915,0.14435564881377552,9.999000099990002e-05,True,0.11917381497782527,0.013489480091053819,9.999000099990002e-05,8.834574362644338,16,1.495769555918609e-07,3.7018098389347327,0.15135909597271086,0.054205164136740515,0.01243551751000458,-0.004151740356486819,-0.02059875721756621,0.013449368469995959,0.7367263273672633,False,-0.004151764211177723,0.008970325141035488,0.7367263273672633,-0.4628331912056498,16,0.6497164388168025,-0.14232679908324297,-0.004151764211177723,0.02917064275962163,0.006692204416174585,-0.002391591135593,-0.9156336052796895,0.6284371562843716,-0.007400927165293671,0.0025658742431079436,False,-0.0016218226137357152,-1.6076855553104044,0.12530303558839945,0.055094490550944904,False,-0.0012002313428633893,-0.29015715806829445,0.5677432256774323,-0.008800874967014047,0.00707280853258957,False,-4.2671787191716046e-05,-0.05779203881377837,0.9545510145320371,0.9582041795820418,False,0.04980467068773386,10.067083314427084,9.999000099990002e-05,0.0406852158246567,0.05919499746599585,True,-0.0012909321517529566,-1.3348915046120002,0.1985513422324196,0.14528547145285473,False,0.007923942349627509,2.6463297982713216,0.12768723127687232,0.002298568423357678,0.013648824127051212,False,0.0005263218980791719,0.5241918888623457,0.6065404771013934,0.5116488351164884,False
291,291_17Networks_RH_SalVentAttnA_Ins_3,0.0810402625103217,0.06269474263547238,0.09949787295876289,9.999000099990002e-05,True,0.0812183761920974,0.009695070032051977,9.999000099990002e-05,8.377286179840766,16,3.034536993648512e-07,1.4845897443445002,0.11302951839245635,0.09879296250160954,0.022664659993553642,0.08074407434570705,0.06738446282411416,0.09472414022181003,0.00019998000199980003,True,0.08092023713956142,0.007206128451606198,0.00019998000199980003,11.22936368439628,16,5.348899391721991e-09,1.9652623556073523,0.11075580587242327,0.07287388047358474,0.016718414768843042,0.048790035677310106,0.03477450634324883,0.06366613336107456,9.999000099990002e-05,True,0.048828805432555425,0.0077222184693257565,9.999000099990002e-05,6.3231577333008,16,1.0127969567229002e-05,1.9555225617047256,0.06823599577814378,0.04485201647012586,0.010289758274068448,-0.01688750997919677,-0.02709842075039534,-0.0074094870183280155,0.9899010098990101,False,-0.016889115625646635,0.005193254658794436,0.9899010098990101,-3.252125446428092,16,0.004998605289283506,-0.5994810536710432,-0.016889115625646683,0.028172893075140107,0.006463304940090135,0.0073707231534025155,1.9843492707799955,0.10648935106489352,0.00035281478208236313,0.014494617539258682,False,-0.0008630879170380155,-1.098939402622029,0.28627653674129555,0.22667733226677333,False,0.011787816006609353,3.424690776673791,0.027297270272972702,0.00544890471661422,0.018545542507964342,True,-0.002164459249779296,-2.8112624968516675,0.011554347701684465,0.0028997100289971,True,0.02296276796094953,4.775784777226966,9.999000099990002e-05,0.014220243858792603,0.03245079382153107,True,-0.00046133647707598415,-0.4444686858492386,0.6620015853825163,0.5789421057894211,False,0.002961885372316135,0.6286437811094144,0.3237676232376762,-0.005990706071411126,0.011911103093834096,False,-0.0005712818057575848,-0.6684253619943966,0.5123434828212323,0.4844515548445156,False
292,292_17Networks_RH_SalVentAttnA_Ins_4,0.16321227783100692,0.13941538529262298,0.18934555333283348,9.999000099990002e-05,True,0.16468512054997467,0.013033512212892702,9.999000099990002e-05,12.63551357914628,16,9.707344267123184e-10,1.935644959694039,0.2102511127373833,0.13794425883339217,0.03164658337349339,0.13049793734292411,0.11296390752883577,0.1500011862215711,9.999000099990002e-05,True,0.13124638056918073,0.009696862516585506,9.999000099990002e-05,13.534932597497079,16,3.5313335830335116e-10,2.323852519218977,0.1731738696961759,0.09570231895870741,0.021955617737026437,0.0732180804554942,0.05302066984935355,0.09316773475669286,9.999000099990002e-05,True,0.0733493408776275,0.010434823123943818,9.999000099990002e-05,7.029284541423572,16,2.8461031567892413e-06,2.5308687862382597,0.10046111092298204,0.05223361702963072,0.011983213583566603,-0.038732600483770446,-0.05925860180848974,-0.01693128908634179,0.9987001299870013,False,-0.038751987004686794,0.011199780878518157,0.9987001299870013,-3.46006653389223,16,0.003224307867870718,-0.752966501107885,-0.038751987004686676,0.05146575172689444,0.011807053201625619,0.012471540278332822,4.43985971373043,0.08409159084091591,0.007270322670989166,0.017921287707750016,False,0.0006649206357137891,0.6607008711707818,0.5171715448153816,0.40485951404859516,False,-0.00032250557796584364,-0.11405388694434883,0.516048395160484,-0.005840781723780023,0.00498698264812683,False,0.0007434478975764926,0.8322402217503982,0.4161788580204904,0.31216878312168783,False,0.03191399591244225,5.691901929795145,9.999000099990002e-05,0.021512535208957333,0.042996687885399267,True,-0.0017893396043534666,-1.853953401492251,0.08020717246041614,0.0504949505049495,False,0.004063292814577022,1.1558985366515022,0.33536646335366466,-0.002631023582682827,0.010659536316484926,False,0.0003079026639822255,0.4783429419345064,0.6381645036217238,0.676032396760324,False
293,293_17Networks_RH_SalVentAttnA_Ins_5,0.03341195710185903,0.011480907927796656,0.05667668592991327,0.007899210078992101,True,0.03342439868145729,0.011874283710640934,0.007899210078992101,2.814855994345544,16,0.012453619905060857,0.7839097087168155,0.05095517302923317,0.08578821473073067,0.019681166239895912,0.005614836658668223,-0.013834065014050361,0.02530341564928069,0.21187881211878812,False,0.005614895664962459,0.010289439712097358,0.21187881211878812,0.5456949865171951,16,0.5928029505362398,0.25767533039386387,0.009700579164044034,0.050815068401053445,0.011657776208910469,0.0696299936781541,0.0459221681132871,0.09239406195362287,0.0014998500149985001,True,0.06974285203445765,0.012272112301873844,0.0014998500149985001,5.683035676246913,16,3.3945804537224643e-05,1.2243924413929468,0.09325726634684987,0.10739256342935911,0.024637543751387273,0.02800166211128069,0.007793258537403849,0.04870199432559731,0.0021997800219978004,True,0.02800898419281151,0.010696252948867314,0.0021997800219978004,2.618579078739676,16,0.01862397295885232,0.8002744785175157,0.02800898419281147,0.03499922207277849,0.00802937221672524,-0.0014343735680662772,-0.20963423753427304,0.5663433656634337,-0.013842705830792924,0.0119304217316027,False,-0.000792906903480822,-0.6585433281537826,0.5185246357376875,0.42215778422157785,False,-0.008243244576924474,-1.6842159120134508,0.8904109589041096,-0.017396767164515835,0.001194266639779505,False,0.0009032735232657831,0.8855067754834711,0.38756021869603,0.37146285371462856,False,0.015530903286132875,2.6594341592106923,0.024197580241975804,0.0045115756963422845,0.026818952325208707,True,-0.0002863422567050183,-0.249349977942075,0.8059132959675095,0.7484251574842515,False,-0.006616168006739943,-1.665596028741809,0.7944205579442056,-0.014156574323703814,0.0009746979176388266,False,0.00014902880345483107,0.15317245183877734,0.8799663433708861,0.8745125487451255,False
294,294_17Networks_RH_SalVentAttnA_Ins_6,0.20835904065890368,0.19572738756568628,0.22946982090466053,9.999000099990002e-05,True,0.21145529928013426,0.008874099299313867,9.999000099990002e-05,23.828367493756097,16,6.32929895173221e-14,1.6662195731618514,0.2639473661104664,0.1956953786285054,0.044895598903136005,0.2138598326806629,0.19412885107339917,0.23993917496634562,9.999000099990002e-05,True,0.2172126997117553,0.012243155525411224,9.999000099990002e-05,17.741561745329502,16,6.018256236684387e-12,2.5008211542786256,0.26786003212273285,0.13372689803807947,0.030679054451639785,0.08376713306496664,0.06103430051649236,0.10674669016846078,9.999000099990002e-05,True,0.08396389155808526,0.01193691011239788,9.999000099990002e-05,7.033972005106993,16,2.8228631822965113e-06,2.2529127157438253,0.10878807066344819,0.06458332690813073,0.01481643133843121,-0.045112393945984916,-0.07049542237156652,-0.021741447918131068,0.9933006699330067,False,-0.04514303453588299,0.012738782822322985,0.9933006699330067,-3.5437478733663603,16,0.0027019626910987815,-0.6363691564622131,-0.045143034535882816,0.07093843891939719,0.016274394024325525,-0.0003157086748656521,-0.11072702928416633,0.5131486851314868,-0.005532262297865938,0.0052299030106598195,False,6.019692189452876e-05,0.04807729708648871,0.9621840719698386,0.9351064893510649,False,-0.002339589461434714,-0.761711542409174,0.5941405859414058,-0.008369197260731522,0.0033859864449899517,False,0.0008737933726134886,1.5624574839295462,0.13559018661148123,0.11018898110188981,False,0.03826611198894674,8.679361358519103,9.999000099990002e-05,0.029618752931160702,0.04658219179811521,True,-0.0006198758558784592,-0.773128899962115,0.44948043037265856,0.45815418458154183,False,0.0007735345179742208,0.27534833782276863,0.4697530246975302,-0.0047739285202595995,0.006061340755628557,False,5.83315609026289e-05,0.06455429467411755,0.9492404051249121,0.9275072492750724,False
295,295_17Networks_RH_SalVentAttnA_Ins_7,0.027107840713141772,0.012489978669367647,0.041300348640449985,0.0365963403659634,True,0.027114483572528946,0.00745538787966825,0.0365963403659634,3.636897772478538,16,0.0022192997812920372,0.5618264139027264,0.04127831189793546,0.093906748263127,0.021543685568183382,0.05409874148051057,0.034269895108553744,0.07411379271325237,0.0036996300369963003,True,0.05415161080734628,0.01050858081044647,0.0036996300369963003,5.153085062972037,16,9.62340007004968e-05,0.9497615711808499,0.07666477445932911,0.10997261939432251,0.02522944918401647,0.07634746458408168,0.04772335555838794,0.10487889988432811,0.00039996000399960006,True,0.07649632703606474,0.015129595501637356,0.00039996000399960006,5.056072188300482,16,0.00011689484111109274,1.336268486877963,0.0998251901224075,0.10172755170304366,0.023337900928809274,-0.01971810662219961,-0.035636285955476105,-0.0046496382020672624,0.9781021897810219,False,-0.019720662709642206,0.008071105074748081,0.9781021897810219,-2.4433658745618216,16,0.026522440610111803,-0.4817162688081839,-0.019720662709642248,0.04093833649926994,0.009391898511420017,0.006883576097443078,1.010602823000994,0.1493850614938506,-0.006351598358377331,0.01959242966684064,False,-0.0015327097282945607,-1.3017891195474474,0.20940287972139768,0.098990100989901,False,-0.004963836131175095,-1.0625300230080295,0.7405259474052595,-0.013918746752095175,0.003994478127881091,False,-0.0008146540768094412,-0.7843830907396332,0.44301633495048753,0.31216878312168783,False,0.025519184634592268,5.059097796044858,0.0005999400059994001,0.015905061412977154,0.0349396838055013,True,-0.0007600417248948625,-0.6954901787796691,0.4956300581048978,0.42145785421457854,False,-0.00020417143371485869,-0.047881290111935614,0.5093490650934906,-0.008267158874672142,0.007760499026324798,False,0.0020212311438812633,2.7312637395384214,0.01370910867182755,0.0198980101989801,False
296,296_17Networks_RH_SalVentAttnA_ParMed_1,0.013239395487773234,-0.0014930770107448668,0.027027112616226288,0.12618738126187382,False,0.013240169109912527,0.0075004102689074145,0.12618738126187382,1.7652593171868212,16,0.0965948368227075,0.4413668393431038,0.016470975459027613,0.06101213781832972,0.013997144372603966,0.018069051294676744,0.0041569541009556475,0.03100889172614541,0.007799220077992201,True,0.018071018138539445,0.007047778872370646,0.007799220077992201,2.564072804466542,16,0.020802471311670973,0.7769306594723647,0.029412006275682457,0.04808978317909731,0.011032552899708805,0.1068082657638717,0.08018178603075794,0.1383476161417135,9.999000099990002e-05,True,0.10721722511381138,0.015123418028004838,9.999000099990002e-05,7.089483667995656,16,2.5622344693592383e-06,2.018056336277049,0.1423072716397194,0.08749107797965049,0.02007182986182806,0.026645879199433092,0.01186159615507477,0.04107626921193582,9.999000099990002e-05,True,0.026652188104231162,0.007683973578132682,9.999000099990002e-05,3.468542393232439,16,0.0031671153406079454,1.3892094268438673,0.026652188104231082,0.01918514774606881,0.00440137474957953,-0.0019326367186536825,-0.38714187913267684,0.6279372062793721,-0.011354483250444048,0.007580454718012976,False,-0.0019859277511876995,-2.3465112506504067,0.030597273972551388,0.021397860213978603,True,0.0028653766936158126,0.5696433508737286,0.30056994300569945,-0.006975268390385871,0.012431423566322607,False,4.536845215681383e-05,0.05419807472428933,0.9573743738755415,0.9487051294870513,False,0.03228848159306032,6.674455199509258,9.999000099990002e-05,0.0227798818209029,0.04112859222612742,True,-0.0016084995876761066,-2.5690824600978495,0.01931279710083116,0.0188981101889811,True,0.013306824477437034,3.165372995335517,0.0053994600539946005,0.005287872988561737,0.02131103577416734,True,-0.002319330903123207,-3.169814196416777,0.00530271356918132,0.0046995300469953,True
297,297_17Networks_RH_SalVentAttnA_ParMed_2,0.008069300760221753,-0.007722386914358609,0.02340412667460159,0.22597740225977403,False,0.008069475907511513,0.008132726160837735,0.22597740225977403,0.992222748918955,16,0.33585830398877575,0.3508860494615414,0.008897361085195564,0.04984531708079291,0.01143529999810095,0.024190200199758177,0.0005220283065070588,0.0464337049952096,0.0008999100089991,True,0.024194920282923155,0.012159365258393636,0.0008999100089991,1.989817705839649,16,0.06398264389470006,1.1061702624876866,0.037070392470685866,0.0406036948959627,0.009315126462413666,0.036253459217939515,0.010089734574288127,0.0620275566274539,0.004899510048995101,True,0.03626935455596686,0.013596419654042383,0.004899510048995101,2.6675665711144427,16,0.016853844697948758,1.1025510439595365,0.04487191976683452,0.06557677002241742,0.015044342819553946,-0.002462355653823746,-0.01466978031212284,0.010452909185032647,0.6357364263573643,False,-0.00246236063042298,0.006649429676404013,0.6357364263573643,-0.3703115530585797,16,0.7160068367568901,-0.08475155557116201,-0.0024623606304229953,0.02905386944025408,0.006665414779415377,0.0013270300562548247,0.27636007399940765,0.41435856414358563,-0.008031719534059609,0.010162165912809534,False,-0.0008517106501330264,-0.8766627324224356,0.39221986896725997,0.3742625737426257,False,0.008960293126340111,1.8975439930559606,0.08259174082591741,4.179717426670156e-05,0.01795593122849151,False,-0.0002450546384850787,-0.20386185723323932,0.8407485468723083,0.8078192180781922,False,0.01464303659328243,2.785822362060566,0.0173982601739826,0.004243818098948776,0.02440204677286245,True,-0.00029697909466336206,-0.31495033747837936,0.7564211502655702,0.7412258774122588,False,-0.003536630046096603,-0.6184952253970444,0.7350264973502649,-0.014442368856224238,0.007196957925178763,False,1.697345957634138e-05,0.02352009561732446,0.9814941897843859,0.9876012398760124,False
298,298_17Networks_RH_SalVentAttnA_ParMed_3,0.04587079379153894,0.03032827807704668,0.06283292574963971,0.0006999300069993001,True,0.04590300717021815,0.008441308273125968,0.0006999300069993001,5.437902003455614,16,5.47266204946089e-05,1.1840678204147275,0.07081268811153422,0.07631925330911517,0.017508837506363954,0.03090646949909599,0.012297128062646255,0.048891708619728656,0.0017998200179982,True,0.030916315864355254,0.00979797455574729,0.0017998200179982,3.1553782558274137,16,0.006125672673381273,1.1354217381806124,0.04325191075785088,0.0560406831174814,0.012856614444004596,0.046095178099821006,0.024828049365932782,0.06639907368599159,9.999000099990002e-05,True,0.046127866930798726,0.01077327604463534,9.999000099990002e-05,4.281693585097409,16,0.0005720819270852365,2.024573982271313,0.05924622023629219,0.043757831220702884,0.01003873496208173,0.0016118899067371984,-0.016110884529419865,0.019555578342240993,0.39766023397660233,False,0.0016118913027376213,0.009450742771213506,0.39766023397660233,0.17055710241605157,16,0.8667101588093984,0.06018333615035737,0.0016118913027376406,0.02678301679239909,0.006144445452695816,0.013054407651131006,2.376995600398923,0.0413958604139586,0.0025788662919906213,0.02330590391524974,True,0.0009612651586844239,0.9447463463318002,0.35729831758323805,0.34556544345565443,False,0.010565224511473337,2.8777624242367477,0.07119288071192881,0.003623680728030989,0.01775445144233189,False,-0.0010167921184392101,-0.932162486084149,0.3635882034227755,0.2997700229977002,False,0.020630293285758033,5.493730224863458,0.00029997000299970003,0.013193172332337076,0.027453063012609153,True,0.0006132937989695353,0.4711752539037226,0.6431757662984168,0.5441455854414559,False,-0.0015032238816486856,-0.3244259881476321,0.5711428857114289,-0.01031448038149333,0.007511391230945551,False,0.0005883612014156497,0.6912780972417579,0.4982102590627677,0.567043295670433,False
299,299_17Networks_RH_SalVentAttnA_ParMed_4,0.018708431709433596,0.000534857379898,0.036945151406374645,0.10088991100889912,False,0.018710614852066446,0.009616108831726502,0.10088991100889912,1.945757393087563,16,0.06946817803444164,0.5318531224042776,0.02162325316304626,0.07149436468234283,0.01640193214120925,0.01851372842977673,0.00601597386291431,0.029719660071200606,0.0100989901009899,True,0.018515844108602773,0.006272277686756978,0.0100989901009899,2.952012814690322,16,0.009371184302675755,0.784278928297613,0.031173357145782656,0.05149129693069827,0.011812913673303147,0.07394036769212896,0.052777207033687414,0.09317221217457974,9.999000099990002e-05,True,0.07407555982488936,0.010503688134941042,9.999000099990002e-05,7.052338080990174,16,2.733698295228943e-06,1.7092883815746602,0.10362726260357313,0.07864506547876375,0.018042415412108968,0.022777810585080518,0.007430280293096747,0.03887029254261122,0.031596840315968405,True,0.02278175107209276,0.008334004661402392,0.031596840315968405,2.733589912374636,16,0.01472214901913242,0.4546851725204732,0.022781751072092724,0.050104451275166585,0.011494749459474145,0.0027700618967174493,0.44949165316869094,0.33726627337266274,-0.00958300820263256,0.01337755653378856,False,0.001567281634451147,1.9517127486237438,0.06670934313551574,0.0907909209079092,False,0.014633817836698286,3.0024860317677593,0.0096990300969903,0.004589984020331685,0.023178308119050528,True,0.0012652744629534289,1.4108991494776177,0.17532418980951395,0.22107789221077892,False,0.024208991151473444,4.2081367800585445,0.00029997000299970003,0.013378646611485039,0.035704992110081435,True,-0.0003336165228867066,-0.37230256021178787,0.7140147880826209,0.7427257274272573,False,0.011967991248194148,1.8701140418598918,0.0382961703829617,0.00015152236243788972,0.024421710121444277,True,0.0020359931015024183,2.7003798958928185,0.014639847889124624,0.0136986301369863,False
300,300_17Networks_RH_SalVentAttnA_ParMed_5,0.020149168363694795,0.00030063558378232093,0.03956936917082311,0.0560943905609439,False,0.02015189580825565,0.010151821883413709,0.0560943905609439,1.9850521452883552,16,0.06455649301502528,0.5531641856694202,0.027496754085013942,0.0720317357462191,0.01652521351818923,0.036404503120418555,0.018699644442445144,0.055704315161531924,0.029597040295970403,True,0.0364205980691482,0.009685729221260231,0.029597040295970403,3.76023294035567,16,0.001710413292697913,0.8274913919922045,0.043492554120815374,0.0896915145707137,0.020576644637202466,0.06053715459793297,0.04105854658865683,0.0795362428306016,9.999000099990002e-05,True,0.06061126875241375,0.010165609816923967,9.999000099990002e-05,5.962383943903353,16,1.9888782519236403e-05,2.5020342832710907,0.07647202108319363,0.04473012381708544,0.010261794181617748,0.02114153828742109,0.005657241888849952,0.037251523788743114,0.0017998200179982,True,0.021144688972435863,0.008254819687088013,0.0017998200179982,2.5614961651445722,16,0.02091125494823653,0.7846347932446628,0.02114468897243589,0.026948446786303273,0.006182397696151547,0.005770977030210593,1.0114743823985344,0.20467953204679531,-0.004986960208009011,0.01681712492620815,False,0.00020147116570391215,0.23598641138402326,0.8161075344208328,0.8447155284471553,False,-0.0006520755998780962,-0.1142277948148898,0.5421457854214579,-0.011333215499264724,0.010081322514114269,False,-0.0017379423755714163,-1.6701380131916006,0.11218924525266731,0.05019498050194981,False,0.02130894292971669,6.375518825968559,0.000999900009999,0.014874628994196006,0.027645140555151448,True,-0.00023685413985869021,-0.20130212827472035,0.8427196491489286,0.8428157184281572,False,0.014334389004399676,2.4935441663922533,0.0184981501849815,0.0035231222171121447,0.025167646717308367,True,-0.000606534784218888,-0.6105097770641075,0.5491558235603468,0.5683431656834317,False
301,301_17Networks_RH_SalVentAttnA_ParMed_6,0.01901791885295219,0.0029912515959313094,0.03382275759040507,0.0542945705429457,False,0.019020212158781965,0.008036252527745159,0.0542945705429457,2.366801204058073,16,0.030890609831822825,0.6159073120766558,0.026104043579191067,0.0671851988916813,0.015413341708974716,0.018935761707483876,0.002020520089292477,0.03559984980121752,0.007699230076992301,True,0.018938025416139214,0.008838487780945552,0.007699230076992301,2.1426771055753155,16,0.04786171610521984,0.8137482081496532,0.029420585533664972,0.0465156697588169,0.010671426514199675,0.053430176337802636,0.0388418118008882,0.0688185914351336,0.00019998000199980003,True,0.05348110747100302,0.007888896275869828,0.00019998000199980003,6.779288965249604,16,4.426260145098135e-06,1.8068435128538105,0.07745513899372143,0.05663280366283013,0.012992456213455612,0.0019785842310151127,-0.011983327401811806,0.01599791752680731,0.39136086391360864,False,0.0019785868129387645,0.007231163520870042,0.39136086391360864,0.27361942614467416,16,0.7878777891089613,0.06663957022654445,0.0019785868129387966,0.029690869947276995,0.006811552718209959,0.005992937474247361,0.9829385206215855,0.1780821917808219,-0.005958894899583697,0.01759814304812834,False,0.0004931535881147799,0.5445487882170351,0.5927468068830448,0.6494350564943505,False,-0.004587688693129846,-0.8952580308884165,0.7493250674932507,-0.014820087643415256,0.004614790131062853,False,0.0007994482955077743,0.6992789383879124,0.4933157991417676,0.40385961403859616,False,0.022551203072661962,4.091909953275627,0.00029997000299970003,0.011355296111385287,0.03237358175032093,True,-0.00037136689536602073,-0.37551492231321093,0.7116661615975665,0.6806319368063194,False,0.003459862279791685,0.5512462781936068,0.29227077292270776,-0.008225765911260648,0.015527884077816504,False,-0.0009538527880051613,-0.8048555993622415,0.4314063313301494,0.32556744325567444,False
302,302_17Networks_RH_SalVentAttnA_ParMed_7,0.009255231695929938,-0.005847586926690459,0.025089499752680627,0.10518948105189481,False,0.009255495975111397,0.008213935960266094,0.10518948105189481,1.1268040096591594,16,0.2764418204061469,0.46256174216927176,0.011827056422983002,0.03902712735519146,0.008953437063051125,0.008201417644940192,-0.0081070114609528,0.023610957690386045,0.1217878212178782,False,0.008201601537034017,0.008314830800016921,0.1217878212178782,0.9863822529037302,16,0.33862802693651717,0.40456212722607987,0.011484040662224871,0.04091870349872769,0.009387394392192536,0.0636129295340431,0.040253302282253114,0.08690602071592941,9.999000099990002e-05,True,0.06369894393267347,0.01235429657460947,9.999000099990002e-05,5.1560154435330166,16,9.567195041121093e-05,1.4425090884154668,0.08549959198930407,0.07883975122278315,0.018087079384947316,-0.004072557603057608,-0.01480553449829772,0.008268018009455652,0.7563243675632437,False,-0.004072580118722406,0.006009731579482106,0.7563243675632437,-0.6776642292355698,16,0.5076663908958233,-0.1637479628335392,-0.0040725801187224235,0.02487102769554731,0.005705805070889053,0.009480516803270654,2.4506578457163686,0.05399460053994601,0.002041795379663042,0.016912187902024336,False,0.0007334268523880857,1.0027555529277647,0.32926939100758584,0.47255274472552744,False,0.01161801708027612,2.5787778536422583,0.0178982101789821,0.002386427433822725,0.01986103202157268,True,0.0005631516146676289,0.6650737560337232,0.5144352108381619,0.620937906209379,False,0.014232084446156444,3.539619854457361,0.026797320267973202,0.006689356877757846,0.022007180449468478,True,-0.0020280026732260735,-2.9705035402043305,0.008194029386843582,0.0150984901509849,True,0.0040532590486297175,0.7993916594057484,0.24747525247475252,-0.005565444690389459,0.014092375867933151,False,-2.829415459551398e-05,-0.030080588075818336,0.9763338027556527,0.9782021797820218,False
303,303_17Networks_RH_SalVentAttnA_ParMed_8,0.005541619262783549,-0.024442782389368815,0.03660437358670593,0.30256974302569745,False,0.005541675990695764,0.016091735142198825,0.30256974302569745,0.34438026364001745,16,0.7350450795301107,0.2090508550030724,0.007369307554367285,0.059134334258165104,0.013566346690784048,0.031166306794805157,0.01232997593967374,0.04925425640150809,0.0007999200079992001,True,0.031176403693056232,0.009751762205065358,0.0007999200079992001,3.1970020430627675,16,0.005612956499951027,1.2626554633710763,0.046954451956753,0.04854796435313583,0.011137666869996529,0.033392615277022274,0.012982383214522936,0.05343066837303841,0.00019998000199980003,True,0.03340503525259599,0.010484768146652529,0.00019998000199980003,3.186053786345406,16,0.005743563251114939,1.184887297202088,0.05199693568735313,0.05847855013731935,0.013415899495439558,0.008267723352600872,-0.012700092614282055,0.02868473271641381,0.18888111188881113,False,0.008267911741091346,0.010903289605886055,0.18888111188881113,0.7582951604466214,16,0.45929903731985194,0.20722809320972815,0.008267911741091382,0.0398976394224874,0.009153146227813002,-0.0005562327752672921,-0.07867740491082328,0.5234476552344766,-0.01340742341673708,0.013711649281434759,False,0.0014281078909241858,0.949912865512226,0.354737543242288,0.25507449255074494,False,0.016452785103769213,3.8222768565825764,0.0182981701829817,0.008082661223164464,0.024715508283345778,True,-0.00011932953681200848,-0.08805094171738431,0.9308084061817588,0.9199080091990801,False,0.02496771191528844,4.005667472799905,0.0005999400059994001,0.013395450004010793,0.036839893212537014,True,0.0008517259747509912,0.6242839898849522,0.5402736771480755,0.5078492150784921,False,0.009429581432081297,0.9725847791833684,0.13998600139986,-0.009078978703510314,0.02822007194106959,False,-0.0012547118597889672,-0.9835096989943227,0.33839269114763354,0.3244675532446755,False
304,304_17Networks_RH_SalVentAttnB_IPL_1,0.10653359670225729,0.0759875290618082,0.13571106365143185,9.999000099990002e-05,True,0.10693939470494992,0.01548909355845543,9.999000099990002e-05,6.904173849900478,16,3.546244724119371e-06,1.882589956108681,0.1453315602081871,0.10379850430642397,0.02381301004012492,0.09317224032003629,0.06553117878160898,0.11919190934330687,9.999000099990002e-05,True,0.0934432648632981,0.014166804734954073,9.999000099990002e-05,6.595930882900042,16,6.152570844824626e-06,1.2613591401488577,0.13310033490753184,0.13672227853040075,0.03136624186550724,0.07579184847562156,0.05311418554524851,0.1025201245696039,0.00019998000199980003,True,0.07593747707582373,0.013031840610220618,0.00019998000199980003,5.827072272221273,16,2.5733966316501913e-05,1.6186304225735344,0.10236696299857931,0.0899454242826604,0.02063489552010558,-0.010294339032037938,-0.04579399433077171,0.02737735534960342,0.7333266673332667,False,-0.010294702697252786,0.018951307295152202,0.7333266673332667,-0.5432186042324478,16,0.5944671650525853,-0.14088566521901294,-0.010294702697252816,0.07307132830901726,0.016763712408909948,0.014388837493588503,3.582222545142282,0.103989601039896,0.0067638908921575855,0.021852445160178573,False,0.00034968856468555777,0.26927763774998537,0.7907785075264003,0.7533246675332467,False,0.009420714394337592,2.109990179797057,0.1954804519548045,0.0007548177806234834,0.01772949145596467,False,-0.0005676306643119706,-0.46778266886220093,0.6455538556679665,0.5438456154384561,False,0.049986302703626626,6.838192905284384,9.999000099990002e-05,0.035719365227492354,0.06357511135498455,True,-0.0032865384687855406,-2.476396697850737,0.023428164175866233,0.0044995500449955,True,-0.00656509059066391,-0.9755456668224559,0.7158284171582842,-0.019401166885578327,0.006745114089719236,False,-0.0013151640897647535,-0.908798605271039,0.37546450051015096,0.24937506249375063,False
305,305_17Networks_RH_SalVentAttnB_PFCl_1,0.11327205398105779,0.08917175974249533,0.1396015251755692,9.999000099990002e-05,True,0.11376026584124076,0.013126126846520281,9.999000099990002e-05,8.66670474629753,16,1.9336781865557607e-07,1.9039398260138491,0.15377038056197295,0.10612660190643883,0.02434711225955462,0.0553193833148078,0.03600821758928156,0.0743105297876824,0.0006999300069993001,True,0.05537591724444111,0.010132184791252162,0.0006999300069993001,5.465348134219887,16,5.185718277847915e-05,1.1993273117689536,0.07803201374122981,0.08897107143558744,0.020411363646645465,0.12649395493306345,0.10506533722856486,0.1488624917007014,9.999000099990002e-05,True,0.1271751717791129,0.01144545992301175,9.999000099990002e-05,11.111407722761752,16,6.219555886381981e-09,2.069053576438785,0.16349114789860725,0.09506907787607428,0.021810342269337167,0.041624674916130575,0.012971911973554889,0.06844827160844112,0.015898410158984102,True,0.04164873976356003,0.014469232533692587,0.015898410158984102,2.878434614039005,16,0.010918637366454887,0.5222587988470059,0.04164873976356003,0.07974732040036131,0.01829529003385971,0.009242742685292748,1.819796263720605,0.1865813418658134,-0.0004837142616566309,0.018993536562258332,False,-0.0016931635573810817,-1.196723082304442,0.24693940880485263,0.0608939106089391,False,0.005192030534043746,1.0737985211678365,0.27747225277472254,-0.0038753206048106194,0.014706613519317258,False,0.0005981957211476352,0.5807899589082339,0.5685832351773559,0.5348465153484652,False,0.03262914489882028,5.367729856072333,0.00029997000299970003,0.020986332089281443,0.04446181447116106,True,0.0016906434224732228,2.0174443561663478,0.05881190505195285,0.0842915708429157,False,0.002015927425287149,0.38007193047753796,0.43225677432256776,-0.007899201886761124,0.012149761112734084,False,-0.0001387016438457533,-0.10818284684916374,0.9150474521319351,0.8919108089191081,False
306,306_17Networks_RH_SalVentAttnB_PFCl_2,0.03688693622594572,0.02357755727070613,0.05153068977887381,0.000999900009999,True,0.036903679918948114,0.007395679397854474,0.000999900009999,4.989897199931907,16,0.00013356242128208603,1.2649217015203442,0.054075480347450404,0.057636248721566266,0.013222662298004352,0.02388620235851301,0.00441011431567973,0.04379960759699188,0.012198780121987801,True,0.02389074667713784,0.010321633985979711,0.012198780121987801,2.314628353377924,16,0.03424538027039709,0.8031754791878656,0.03337745683459442,0.05983896877719855,0.013728000936078635,0.0751051484346204,0.05302207872972204,0.09797736121161042,0.00019998000199980003,True,0.0752468456040396,0.011936313127336699,0.00019998000199980003,6.304027449791705,16,1.04922797776408e-05,1.690940333716018,0.10149031078423083,0.07654859509954937,0.017561452121523605,0.00830812649694363,-0.010655384922858774,0.02729872572055028,0.16098390160983903,False,0.008308317660910095,0.009946428332854314,0.16098390160983903,0.8353066430355379,16,0.41584461471994216,0.2332125661790365,0.008308317660910084,0.03562551451250629,0.008173053556402979,0.002986055731428943,0.5237488726063727,0.33356664333566644,-0.008208110131063689,0.013567437818468269,False,-0.0008922466136336283,-0.7395035926576793,0.46913657644855755,0.36736326367363265,False,-0.0020397280757515576,-0.34134856786839546,0.6208379162083791,-0.012910780607900144,0.009568030275296685,False,-9.16805867046004e-06,-0.007188353951926864,0.9943436432793438,0.9937006299370063,False,0.03389107719401389,6.329952854235324,9.999000099990002e-05,0.023339235103931686,0.04376229956804213,True,-0.0005856023533710955,-0.5908198311117987,0.561987120248824,0.5361463853614639,False,-0.00019166415378778698,-0.04450317342590199,0.5158484151584841,-0.008421664901047343,0.00826788122263758,False,0.00015096274497653316,0.14326347495781808,0.887673708063504,0.8501149885011499,False
307,307_17Networks_RH_SalVentAttnB_PFCl_3,0.015088081512926687,-0.0048860047869124824,0.03470788486417483,0.025297470252974703,True,0.015089226604282416,0.010354546517881752,0.025297470252974703,1.4572561510273894,16,0.164392284730831,0.7714514992911087,0.018196729699684163,0.038328190157570566,0.008793089872929493,0.04176961585263782,0.025250856855303944,0.05766482015102706,0.00019998000199980003,True,0.04179393314106973,0.008486391520256382,0.00019998000199980003,4.924817932487647,16,0.00015234369896510648,1.5270642036364837,0.06553584071057007,0.053006777506512455,0.01216058876177014,0.05664658372432806,0.04080014103643208,0.07293734777518758,0.0004999500049995,True,0.05670729050137637,0.008583566891507306,0.0004999500049995,6.606494854427393,16,6.0361834319591535e-06,1.2328953702274281,0.08168437052800284,0.08933206594637937,0.02049418146726204,0.03198912518280599,0.01391003728367052,0.04963783711998194,0.0013998600139986002,True,0.03200004342183564,0.0093774623111974,0.0013998600139986002,3.4124416990324953,16,0.0035653179954030913,0.8159200842633062,0.03200004342183557,0.03921958049448981,0.008997588841238947,-0.0032440569833402013,-0.8264607613983478,0.6744325567443256,-0.01054064676760675,0.004202528290915408,False,0.0010785920122626347,1.3971088315009104,0.1793674596574904,0.18438156184381563,False,0.013587214474737555,2.294619375248107,0.042195780421957804,0.002332354598090976,0.02486156978963573,True,-0.0005001583202206989,-0.3099026517719591,0.760194180199753,0.6532346765323468,False,0.01626962019819652,3.0499650585875853,0.010198980101989802,0.006185287733491345,0.026432413459889267,True,0.00030162943043304433,0.3927213364893578,0.699137186933784,0.7001299870012999,False,0.020037843269368322,2.589327932542155,0.001999800019998,0.005698703393844214,0.034939526035049254,True,-0.001291840383617321,-1.4494265113891238,0.16441818720686452,0.15708429157084292,False
308,308_17Networks_RH_SalVentAttnB_PFCl_4,0.031824268109698094,0.016289149433405085,0.04738914605129748,0.0026997300269973002,True,0.031835018346672024,0.008375911241658028,0.0026997300269973002,3.8007826764375103,16,0.0015701374929176786,0.9773059404278256,0.04720566092644505,0.06422382025739065,0.014733954856320326,0.009824848838366602,-0.002281542202283823,0.02281395679027112,0.133986601339866,False,0.009825164979882017,0.006587729742702594,0.133986601339866,1.4914341303642,16,0.15529979564323346,0.3871621213280629,0.013772839100216696,0.05258501365205284,0.01206382949757921,0.0803787374557483,0.06153234345670877,0.10168277702823439,9.999000099990002e-05,True,0.08055251366855327,0.010632008689526847,9.999000099990002e-05,7.57641533418819,16,1.1149962298676456e-06,2.243954304618407,0.1098025089301075,0.06169911299344904,0.014154747286554822,0.03315017121178604,0.013670499097837909,0.05289292305829169,0.0004999500049995,True,0.03316232250664888,0.010374621285127056,0.0004999500049995,3.1964851145159416,16,0.005619056756227514,0.9242969855386582,0.03316232250664889,0.03587842763256733,0.008231075805447276,0.005280445101854734,1.0622379454925803,0.22247775222477753,-0.0041690280741392095,0.014814900833339667,False,-0.000683365528901081,-0.6022935830316484,0.5544909471787217,0.48695130486951305,False,-0.005495308482659173,-1.1809486152172977,0.8388161183881612,-0.014543868989565716,0.0031216591035619057,False,-0.00020248571403462987,-0.2244582292654428,0.8249289620879283,0.80991900809919,False,0.0263204970882603,5.4198876481820015,0.00039996000399960006,0.01705005573520249,0.035599567681882556,True,-0.0007878959120000345,-1.0947131446196476,0.28807517539975475,0.2927707229277072,False,0.0037923708067937323,0.6990094287113753,0.2806719328067193,-0.006727065454360084,0.014032215473406088,False,0.0014488448917003192,1.5112077944971003,0.1480924989531598,0.09419058094190581,False
309,309_17Networks_RH_SalVentAttnB_PFCv_1,0.009671851658814233,-0.0010130476333509288,0.022536894752644587,0.14528547145285473,False,0.00967215325927636,0.006217268464189481,0.14528547145285473,1.5556917503219438,16,0.13933793652464174,0.35582138089019955,0.014160326631851282,0.05540659064087805,0.012711143653142836,0.02558102681094944,0.0093794174366554,0.04280351253956054,0.0108989101089891,True,0.025586608983137846,0.008817130558135045,0.0108989101089891,2.901920167160346,16,0.010399475594785082,0.7572760895193145,0.04133436223593,0.07150617769048088,0.01640464223114046,0.0891878682249504,0.0713085620345653,0.1074030971469784,9.999000099990002e-05,True,0.08942548424093312,0.009558784105342949,9.999000099990002e-05,9.355320013028448,16,6.885548844216138e-08,3.4384263471089382,0.11356277437434077,0.045999520027189524,0.010553013644731287,0.006800014909924974,-0.009354477289084848,0.02513298042343095,0.17798220177982202,False,0.006800119724189072,0.009136565696412066,0.17798220177982202,0.7442752506950705,16,0.46750108512188965,0.21720334393581203,0.0068001197241890675,0.031307619859658534,0.007182460585844136,0.003845576815769755,0.7633539032267833,0.26507349265073493,-0.005824596374155999,0.013678775240946522,False,-0.00107124290832217,-1.5255888428100943,0.14449120440502908,0.22977702229777022,False,0.009965361885953294,1.5036154113692877,0.0397960203979602,-0.002582628295801967,0.022592752224251902,True,0.00020611213087794525,0.22028648308417714,0.8281271945717348,0.841015898410159,False,0.03266024684188036,7.402636828512509,9.999000099990002e-05,0.024790354088149294,0.04147919348138609,True,-0.001971033187548843,-2.0281829369357345,0.05760475476977228,0.019598040195980403,True,0.0017850272821252735,0.3123188174977331,0.39316068393160686,-0.00919581748039596,0.012318323215927924,False,0.001667876575195711,1.5327298474171778,0.14273017864753104,0.07139286071392861,False
310,310_17Networks_RH_SalVentAttnB_PFCv_2,0.03913136251186372,0.026736347617613565,0.0522445640774963,0.0006999300069993001,True,0.03915135435887679,0.006739901459218474,0.0006999300069993001,5.80889121239713,16,2.664544948595764e-05,1.1436216763964033,0.05557348812986286,0.06613601496430883,0.015172642408311364,0.032681973803621873,0.018396701281929856,0.046157951261525144,0.013598640135986401,True,0.032693617262832424,0.007372525443356762,0.013598640135986401,4.434520777719663,16,0.00041632795561923926,0.7455810370227489,0.04975970588405209,0.08959245810761306,0.02055391952602561,0.06787628384162427,0.05457630282116255,0.0817092144618928,9.999000099990002e-05,True,0.06798081258770265,0.00710627431304408,9.999000099990002e-05,9.566308531450714,16,5.0720917514533835e-08,2.4983962874249603,0.09327858306861661,0.05038770656227539,0.011559732679038929,0.0012320331425660904,-0.01413380848770267,0.01743231105033137,0.43615638436156384,False,0.0012320337659366867,0.008278673857791146,0.43615638436156384,0.14882018389662824,16,0.8835550819219127,0.03496570697686925,0.001232033765936682,0.03523548849596295,0.008083575451589076,0.0029290892817641183,0.6341660271277179,0.32486751324867513,-0.006299824208393406,0.011104776517343842,False,-0.0004904906303354651,-0.6488651136799445,0.5246186249289498,0.49805019498050196,False,-0.0013208182724617206,-0.3618404335545817,0.5786421357864213,-0.008293768844255058,0.005714764421663771,False,-0.00011547661353596292,-0.11503681997715624,0.9096895033052309,0.8849115088491151,False,0.02427968427825351,6.1790577266213464,9.999000099990002e-05,0.016546241937327514,0.03167028886406547,True,-9.422399657324538e-05,-0.1635772271070715,0.8718866146042153,0.9029097090290971,False,-0.00023428466817558156,-0.054899069569795816,0.50994900509949,-0.008131931356265458,0.008018003373590526,False,3.657204571428036e-05,0.033934674358994,0.9733027212296784,0.9613038696130387,False
311,311_17Networks_RH_SalVentAttnB_PFCmp_1,0.031244740321780567,0.015249962797773763,0.04766660071909939,0.0036996300369963003,True,0.031254913671888276,0.008668337690639691,0.0036996300369963003,3.605640987618443,16,0.002370790688666432,0.9962565594142223,0.04259870578043512,0.06183263630047457,0.01418537963402491,0.04024521997164792,0.025214117114680724,0.054732909223673826,0.0021997800219978004,True,0.0402669692071316,0.007785382391343245,0.0021997800219978004,5.172124782451972,16,9.264196905073375e-05,1.0139067516980107,0.057938819827599734,0.07515801765318526,0.017242431776162134,0.06353862021559442,0.04640426692127506,0.08067207403515049,9.999000099990002e-05,True,0.06362433304600264,0.008978650985526443,9.999000099990002e-05,7.086179555098516,16,2.57702073703697e-06,1.9457771434400508,0.08464933145293502,0.05518580728724435,0.012660492478042556,0.00804178411600562,-0.0070968293990037075,0.02338393035482048,0.13188681131886812,False,0.008041957477574182,0.007933242666480617,0.13188681131886812,1.0137037042309198,16,0.3258091694808932,0.2658313491089463,0.008041957477574167,0.03025210346533783,0.006940308517628642,-0.002122443126265162,-0.48151128174944113,0.6312368763123688,-0.01051926731107518,0.006501730451205767,False,0.00012325799034785214,0.10247410347353922,0.9195133531005001,0.8849115088491151,False,0.010387105918306027,1.9991436040816077,0.0400959904009599,0.0006013984372596427,0.02069680574787494,True,-0.0007538097947713782,-0.7578094080023143,0.45837222176105513,0.3725627437256274,False,0.023605074688774364,5.435802909704421,0.00029997000299970003,0.015766334309881863,0.032466451695300526,True,-0.00048669066741817635,-0.6125794158511723,0.5478162631812822,0.551044895510449,False,0.0004517971109254744,0.11249471862108752,0.47465253474652536,-0.007346822491881586,0.007933649465376677,False,-7.227702443342837e-06,-0.008291828965756635,0.9934753628069197,0.9938006199380062,False
312,312_17Networks_RH_SalVentAttnB_PFCmp_2,0.036626939782689986,0.02087798251603779,0.05246451142893066,9.999000099990002e-05,True,0.03664333172493472,0.008439194506217761,9.999000099990002e-05,4.342041375860806,16,0.0005045011074438152,1.2276914219311403,0.05383235215828499,0.05860945190111549,0.013445930419645799,0.040312381765114244,0.02909512280839018,0.0518759225742055,0.00029997000299970003,True,0.04033424013976011,0.006041174336193143,0.00029997000299970003,6.676556228168183,16,5.320133157551238e-06,1.347786537238929,0.05988328319737466,0.057993385273578266,0.013304595042176187,0.10291067783700308,0.08010541722446593,0.12688968051078725,9.999000099990002e-05,True,0.10327629949368705,0.012226982805439523,9.999000099990002e-05,8.446589083918694,16,2.7216186252182497e-07,2.3867820788586056,0.13574605345347743,0.07118699724201595,0.016331417214318744,0.00834885802368818,-0.004046353936477442,0.02332522558805423,0.0730926907309269,False,0.008349052013149063,0.007279597605301613,0.0730926907309269,1.146911198370166,16,0.26828063274852787,0.3479991444812304,0.008349052013149028,0.023991587754030756,0.005504047711310948,-0.0017623712114205037,-0.40302681065222945,0.6085391460853915,-0.009840798230335046,0.006949555937578621,False,-0.0012331284058463817,-1.0010940160253614,0.33005014502641616,0.11658834116588342,False,0.005382822914448885,1.4562717849305729,0.15528447155284472,-0.0019069128795754524,0.012142369147488017,False,-0.0007949110863709303,-0.7422902627715268,0.4674881985420172,0.30426957304269575,False,0.03143066433139876,6.584644262949619,9.999000099990002e-05,0.022167831772473105,0.040246496033019705,True,-0.0017797244071591912,-2.5282374346803906,0.021034261621568344,0.010698930106989302,True,0.0015618720039559796,0.3993971300449195,0.38876112388761125,-0.0063950996821407645,0.00819900572730067,False,0.0009069654690969773,1.0879714401830034,0.29096144415583874,0.21887811218878112,False
313,313_17Networks_RH_Limbic_OFC_1,0.04600961392264101,0.0254164825662317,0.06671535569345663,0.00019998000199980003,True,0.04604212090139937,0.011056446010009912,0.00019998000199980003,4.164278544815875,16,0.0007311454368641146,1.627978141759962,0.06294734373998981,0.05999716060198688,0.013764292629654774,0.015351630635180021,-0.0017420105636577377,0.03606724547714016,0.11868813118688132,False,0.015352836791786248,0.009931558171151577,0.11868813118688132,1.545863854111229,16,0.14168597182617007,0.4902756333681173,0.01872329904224165,0.06517855943333395,0.014952987045024332,0.032117794189208446,0.01775963629490471,0.04646368728258039,9.999000099990002e-05,True,0.03212884476204047,0.007708520198900794,9.999000099990002e-05,4.16796530761143,16,0.0007255248356296877,1.2379475982618293,0.047502465942848605,0.047750482947291256,0.010954712088026567,0.0007476171899700936,-0.012582686836212196,0.012931155500209325,0.4540545945405459,False,0.0007476173292590635,0.006670744730272981,0.4540545945405459,0.11207404262769187,16,0.9121587024312036,0.02675475131254704,0.0007476173292590274,0.02794334810013576,0.0064106437111932126,0.011196360243487798,2.298386275335142,0.05929407059294071,0.0018953987178653286,0.020701314385043586,False,0.0003867688031158025,0.45546614816553443,0.6542202777675459,0.6827317268273173,False,0.0072671724551507215,1.2915214124686787,0.10678932106789321,-0.0030602048913047565,0.018321289165687638,False,0.001343630484361602,1.4893700142476953,0.1537030434971412,0.10428957104289571,False,0.01687119183747321,3.459452427728348,0.0010998900109989002,0.0076270558574239936,0.026197017967054894,True,0.0009059866500274897,1.2847758384127825,0.21515873259989704,0.34896510348965104,False,0.0007140259520653673,0.1426270884529169,0.4634536546345365,-0.008462630711294444,0.010576345890469076,False,0.001267072238279794,1.264338665914075,0.22223558917453634,0.23657634236576341,False
314,314_17Networks_RH_Limbic_OFC_2,0.028984134677443787,0.011564830197295031,0.04528251881971064,0.0007999200079992001,True,0.02899225510214968,0.00880350608866007,0.0007999200079992001,3.293262344589622,16,0.0045839011832572545,1.27948477385882,0.04176110309655655,0.04796249745685252,0.011003351552328773,0.020496811872819248,0.002887160340809924,0.04019100256187999,0.0254974502549745,True,0.02049968296530606,0.009798959553084843,0.0254974502549745,2.0920264905933283,16,0.052737083686440936,0.6496769303936732,0.03250876757696382,0.0658608858134482,0.015109523452257488,0.033163078637678804,0.018024856331365562,0.04974632128846921,9.999000099990002e-05,True,0.03317524413808952,0.008375172944967089,9.999000099990002e-05,3.961141382522207,16,0.001119915979598644,2.055897329538486,0.0464842317989948,0.0312195000427844,0.007162244513387417,0.010757546517554735,-0.0019586984959500836,0.023735997864460578,0.08209179082091791,False,0.01075796151803575,0.006726060440449666,0.08209179082091791,1.5994446694737898,16,0.12927958937368594,0.3416395882837619,0.010757961518035751,0.03148921227799958,0.007224120743763177,0.013223512575495328,2.5122926452687233,0.0221977802219778,0.0033841239698335257,0.02325872617280214,True,0.0003730245009947732,0.42626203619263203,0.6749709362739601,0.6958304169583042,False,0.00782353865547652,1.8918658835681283,0.0796920307969203,0.00023486741750544608,0.015768608810537856,False,0.002000105787274218,2.267796024443144,0.03588733479557866,0.021597840215978402,False,0.018198643678001423,4.243606218010507,0.00039996000399960006,0.01001555863481936,0.02652369802058332,True,-0.0003054234524220702,-0.4211795530877122,0.6786104079278648,0.7435256474352565,False,0.009443560669097947,1.5685426933644033,0.0486951304869513,-0.0017249973545663967,0.021030346392418103,True,-0.000491839222413768,-0.6140719243668533,0.5468513355504899,0.5820417958204179,False
315,315_17Networks_RH_Limbic_OFC_3,0.0025023506925709147,-0.019098863621544095,0.026025347397820673,0.45115488451154884,False,0.0025023559156295188,0.011710040715408642,0.45115488451154884,0.21369318659471415,16,0.8334856407955855,0.11711176458018735,0.0013184772658415749,0.04727288851478392,0.010845144410800403,0.006414910866454912,-0.003347426856009926,0.01658222514936308,0.16048395160483953,False,0.0064149988621340585,0.005189546603100427,0.16048395160483953,1.2361385979849377,16,0.23424754531655453,0.28877880893171315,0.010553446700729129,0.04460357736820106,0.010232762435178224,0.008659260221111959,-0.005821222974514038,0.022832551669173674,0.0963903609639036,False,0.008659476662672921,0.007520869011398945,0.0963903609639036,1.1513930969344444,16,0.2664864518228808,0.3630577926088782,0.01527927435396335,0.04895383536859065,0.011230780066863885,0.010756298375427284,-0.002596851730005515,0.024080631024466694,0.0263973602639736,True,0.010756713231467338,0.00712735820386897,0.0263973602639736,1.5092146239581774,16,0.15073734487397117,0.4706186478093864,0.010756713231467324,0.02285653847661409,0.005243649548353153,0.003523335561866436,0.6810123871336784,0.2833716628337166,-0.006646727223292995,0.013239020459303573,False,5.2170749396791336e-05,0.05767024689619795,0.9546466823547674,0.954904509549045,False,0.00570670706362304,1.2372644874390375,0.10528947105289471,-0.0032814200138893738,0.014496417800638792,False,-0.0002798213265049465,-0.2734288203978702,0.7876362638597024,0.7542245775422458,False,0.0051563969028766915,0.9199259049647888,0.1643835616438356,-0.00525995871527367,0.015830914008659283,False,0.0009166765163814064,0.9988875282916657,0.3310889796331209,0.33436656334366566,False,0.01212405889266525,2.3189356931545264,0.022097790220977902,0.0028213114007239136,0.022701228668030957,True,0.0010627945751629359,1.1772045363991082,0.2544460544517942,0.27107289271072893,False
316,316_17Networks_RH_Limbic_OFC_4,0.020386516690509674,0.006282980795026104,0.03531373992384552,0.06569343065693431,False,0.02038934167549227,0.007544475813203616,0.06569343065693431,2.702552460942191,16,0.01568975983550101,0.4784927254662188,0.03249663997461673,0.08931420125797387,0.020490083026661124,0.010546218735890775,-0.008738262039834932,0.03103911604226908,0.198980101989801,False,0.010546609755063583,0.010502952407817569,0.198980101989801,1.0041566738142618,16,0.3302487053043471,0.3430706728587184,0.013480264384895045,0.06629740202107906,0.015209667138377516,0.024382987421348895,0.011319963581952034,0.037750047446255576,0.0037996200379962005,True,0.024387821285577597,0.00700720785437485,0.0037996200379962005,3.4803907337144855,16,0.003088856340606417,0.9131928501355286,0.03715297945259848,0.054768447164597334,0.012564743499217183,0.0043092212458190286,-0.006970409654753374,0.014606470190987132,0.3294670532946705,False,0.004309247919316281,0.005689069634574837,0.3294670532946705,0.7574609199942275,16,0.45978460851602687,0.10339236398284693,0.004309247919316278,0.041678589726715176,0.009561724248844418,0.0022992775564569137,0.3480971416638577,0.37036296370362964,-0.010360116835532491,0.014693902321343707,False,0.0004956362758562462,0.40469262988730775,0.6904720972737629,0.6488351164883511,False,-0.008481881007232846,-1.4967346716764354,0.8849115088491151,-0.01926579991501913,0.0020275095510255913,False,0.0022774713493690655,2.4787557880165667,0.02331387183226045,0.0150984901509849,False,0.008010264305460854,1.6837137980062882,0.0903909609039096,-0.0009868521332902001,0.016843310908103194,False,-0.0008568458834717825,-0.7330742090980649,0.472952983094119,0.38636136386361364,False,0.0031513254168259223,0.5386537430041688,0.32226777322267774,-0.008194777270561346,0.014119390056918922,False,0.0006047020598903181,0.5742270081860023,0.5729209797868574,0.583041695830417,False
317,317_17Networks_RH_Limbic_OFC_5,0.011035960767830122,-0.0040098746551867365,0.02694910180224411,0.0352964703529647,True,0.011036408832733146,0.008163546416874093,0.0352964703529647,1.3519135274248983,16,0.1952059079372914,0.537115666965152,0.018592427676213566,0.04154243706267123,0.009530488685504344,0.006941164404655218,-0.003955740870161797,0.017444795150889585,0.0770922907709229,False,0.006941275882430483,0.005573920216827423,0.0770922907709229,1.2453131032401705,16,0.2309466120980417,0.48288008816153205,0.010194748585217716,0.029095297892369157,0.0066749191181604784,0.01306769477388717,-0.002270381680462008,0.027411522424746922,0.051294870512948704,False,0.013068438683535836,0.00765872293173967,0.051294870512948704,1.7063469719444935,16,0.10727467621570805,0.5486611159948884,0.018677512790010915,0.04695083786478986,0.010771260924588523,0.01342784794086086,0.002756620749556182,0.02343338422015117,0.0058994100589941,True,0.01342865507362365,0.0054106998524508084,0.0058994100589941,2.481870264442975,16,0.024552839620921654,0.6447046225770292,0.013428655073623669,0.020829158971974324,0.004778536791462085,0.008086784233414038,1.7444505852095327,0.05299470052994701,-0.000666016395616288,0.017025440384337932,False,0.0004927515305640963,0.7635916767512766,0.4550035376664926,0.591040895910409,False,0.005299707867852959,1.7405722771635008,0.1367863213678632,-0.0002498905849177129,0.01113674830729664,False,-0.00011885974667256562,-0.1396935999771664,0.8904532848521809,0.885011498850115,False,0.009650950575961662,1.6730220349542477,0.030396960303969604,-0.0010209778341673313,0.02083054146605122,True,0.0011177375001842375,1.2430341972158525,0.22980389692760034,0.20377962203779623,False,0.01184787589352413,2.3960817633360283,0.014598540145985401,0.002689845341830914,0.021438002244782744,True,0.0014885430921890103,2.10999749374803,0.04911803832292838,0.10068993100689931,False
318,318_17Networks_RH_Limbic_OFC_6,0.024871146069153815,0.003944629671163551,0.04687690681035998,0.0020997900209979003,True,0.024876276187299602,0.011425890379433718,0.0020997900209979003,2.1771849161161385,16,0.04478137192778844,0.9637572389581601,0.035897134060750846,0.04937874176678081,0.011328260280030977,0.010183393276510872,-0.013744366514993419,0.037881743256099956,0.23767623237676233,False,0.01018374530946289,0.013599787550633237,0.23767623237676233,0.7488164996363278,16,0.46483462019226035,0.2990188469056615,0.012446341500300101,0.07402474141726656,0.016982440376820774,0.03587590088778219,0.013183454470956405,0.057969828083942264,0.0012998700129987,True,0.035891304506283854,0.011603723959204667,0.0012998700129987,3.093084998614865,16,0.006980245212251401,1.1121740549787191,0.04853904087195217,0.060803885625229794,0.013949368042893793,0.015460304634251427,-0.006681451051662148,0.04013884001878913,0.007499250074992501,True,0.01546153659019216,0.012386950234019296,0.007499250074992501,1.248211730739732,16,0.22991126355194352,0.6627436003295882,0.015461536590192145,0.02332959018012848,0.005352175052073626,-0.0013758403689071172,-0.34112108642200983,0.5647435256474352,-0.008946144909681677,0.006427460974906486,False,-0.0019045304212328851,-1.9926654050706467,0.06168466781167372,0.0705929407059294,False,-0.0026126386321582806,-0.4429034199554022,0.6301369863013698,-0.014286849140101575,0.008390399498124998,False,-0.0011455671221530384,-1.27546735117689,0.2183598895493961,0.32386761323867613,False,0.0031549420766042373,0.7401006863721069,0.34196580341965804,-0.0046427908954054,0.01143521119981996,False,-0.003142999198154113,-2.15506160756147,0.044944898032836106,0.0081991800819918,True,0.0006059587288680273,0.11771180925603897,0.46885311468853114,-0.009105561189662022,0.010243473351507262,False,0.0012190976086369199,1.0544227896120701,0.30563797922241087,0.26747325267473254,False
319,319_17Networks_RH_Limbic_TempPole_1,0.008492757201721686,-0.004096324217752828,0.02098481847463391,0.1665833416658334,False,0.00849296139604543,0.00658913414319893,0.1665833416658334,1.2889343594274163,16,0.21574574389929146,0.3396503845511035,0.011934026291527679,0.05067131363197292,0.011624796603064468,0.02428242861613369,0.01198423524599568,0.035763183380970884,0.00029997000299970003,True,0.024287202906078897,0.006157911801790423,0.00029997000299970003,3.944064755688339,16,0.0011608957923906938,1.3142447294941568,0.03708965225516249,0.03545144831513064,0.008133120031989986,0.010030561735741225,-0.0008844307715941851,0.020656631134816594,0.016298370162983702,True,0.010030898154906796,0.005559251204397262,0.016298370162983702,1.8043613763976964,16,0.09003111538312296,0.6265263120053045,0.01768438583761794,0.03317988135456825,0.007611986830696443,0.0018040917957032727,-0.006288850155664902,0.009641266757132758,0.32216778322167783,False,0.0018040937529946728,0.004151984469067635,0.32216778322167783,0.4345136082360631,16,0.6697186521912342,0.10692591552527098,0.0018040937529946739,0.01687237134358033,0.0038707874539241176,0.00452860438087224,0.733808816384971,0.17068293170682933,-0.007136394798397649,0.016105768729502992,False,0.0009452384542801933,1.3637620453515773,0.18945552686519382,0.2558744125587441,False,0.016327186785090566,4.388503716175084,0.00019998000199980003,0.00878441973354341,0.02331303584288349,True,-0.000953005421008099,-1.6263144700212342,0.12126176640657496,0.19908009199080093,False,0.01029391567947444,2.861252966975283,0.014098590140985901,0.003468711720097593,0.01743013230533197,True,-0.00013172787225152466,-0.17424515912202737,0.8636175766130506,0.8638136186381362,False,0.002398455402457052,0.5988677422181603,0.3040695930406959,-0.005055616643667579,0.010411804288657886,False,-0.0002479516776067571,-0.29363236817594307,0.772397605483847,0.7388261173882612,False
320,320_17Networks_RH_Limbic_TempPole_2,0.018423558983523994,-0.0002705181947822255,0.037843076039782673,0.028497150284971504,True,0.01842564389582607,0.009970906457761199,0.028497150284971504,1.847940703674322,16,0.08318198883650535,0.6046450645632456,0.02830586725934686,0.06127296868345024,0.014056983076941684,0.022554964653611873,0.01063531686832573,0.03443871933607622,0.0122987701229877,True,0.022558790590379168,0.006287090565916223,0.0122987701229877,3.5881128725384683,16,0.002460227553310393,0.7587977456607009,0.035992458386033564,0.06303309121686933,0.014460782879648136,0.02864588310028528,0.010053217446556281,0.050429789990044195,0.0064993500649935,True,0.028653722436476674,0.01082778683622761,0.0064993500649935,2.6463138654158804,16,0.01760102373855083,0.8328265240430512,0.04180619336432016,0.06793180308216684,0.015584624457245793,0.010580542846416713,-0.005563660214311865,0.0266806775163993,0.07849215078492151,False,0.010580937696076662,0.008419850535435468,0.07849215078492151,1.2566657390824367,16,0.22691226952129792,0.3441770947600344,0.010580937696076655,0.030742713147293713,0.007052862097858554,0.012935349628865,2.211867733693435,0.0221977802219778,0.001799894952451488,0.024215417914295833,True,0.00164061097340562,1.6229095135820555,0.1219920591672799,0.12618738126187382,False,0.005940032177435112,0.9432089430687964,0.1790820917908209,-0.006242699569457266,0.01774138651856684,False,-0.0013227590575164228,-1.171446513834662,0.2566931274523123,0.16548345165483452,False,0.019636401565627397,2.8455364129803105,0.00039996000399960006,0.006732917957247356,0.03336609527857339,True,0.0012306534175073863,1.5887680247316838,0.12952284468829578,0.21607839216078392,False,0.005875768268129196,0.8096105407933567,0.1733826617338266,-0.007417057415997058,0.02019809256185794,False,-8.077304663793572e-05,-0.090758879754158,0.9286865392834057,0.9276072392760724,False
321,321_17Networks_RH_Limbic_TempPole_3,0.009576418717255956,-0.0026848254389721334,0.022504154422366036,0.0897910208979102,False,0.009576711477448109,0.006665838180961815,0.0897910208979102,1.4366852625975812,16,0.1700736461046081,0.37931405709406535,0.016676139755161287,0.05150592366099414,0.011816269275368102,0.020433315953034274,0.0005014465117351571,0.04075924229241519,0.060493950604939506,False,0.02043616044106973,0.010630529735224988,0.060493950604939506,1.922402829404928,16,0.07254425386651804,0.554722696585951,0.0267720227041289,0.07111300826824427,0.01631444297960258,0.03198780951671387,0.012500067719055338,0.052792724075001414,9.999000099990002e-05,True,0.03199872640809335,0.01055326756604611,9.999000099990002e-05,3.032115523257032,16,0.007929653915267464,1.8141016262758158,0.044822477447297525,0.03432703964699724,0.00787516299221974,0.007162799998174161,-0.005275017120200885,0.0191073775972452,0.0872912708729127,False,0.007162922499443586,0.006355097216448775,0.0872912708729127,1.127114543724671,16,0.27631438359761246,0.3225690791613165,0.0071629224994435555,0.022205855930355362,0.005094372734486441,-0.011951326952983668,-1.8197690762659655,0.9611038896110389,-0.024442322880629717,0.00011116348131464652,False,-0.00028609446209280204,-0.2895041523920929,0.7755038351136495,0.7691230876912308,False,-0.006918275533627201,-1.7017109856238877,0.8531146885311469,-0.014650285263270802,0.0008115956116174156,False,-0.0007502047397768619,-0.970712528101563,0.3445557099154258,0.33756624337566243,False,0.028955554353583365,8.560302647462253,9.999000099990002e-05,0.02213064725937388,0.03506627894572899,True,-0.00035956362735244574,-0.7895303483329763,0.4400792005197723,0.694930506949305,False,8.929629678296429e-05,0.019355365798908567,0.48425157484251574,-0.008740627852744067,0.00896079893667758,False,-0.0009152463264843422,-1.3613763640800238,0.19019431046027602,0.23117688231176883,False
322,322_17Networks_RH_Limbic_TempPole_4,0.02017973973261631,0.004610511775150303,0.036490106133728294,0.011398860113988602,True,0.020182479612713695,0.008351578255913702,0.011398860113988602,2.4166066573611524,16,0.027978247345153806,0.775549157415859,0.028482478606874168,0.051305042590958506,0.011770183997265172,0.027538337548305508,0.014162875372651871,0.040468540240255445,0.00019998000199980003,True,0.02754530204241163,0.006944940988483048,0.00019998000199980003,3.966239898667335,16,0.0011079662485757409,1.5096477937381168,0.04172620260451048,0.039007244695615,0.008948875668113091,0.01663640386730647,0.0029895737464166175,0.030378640362381457,0.024897510248975102,True,0.016637938941029988,0.007230239011228567,0.024897510248975102,2.301160295695792,16,0.03516519035030247,0.6110071438280961,0.026843254806462838,0.05432903546175164,0.012463935540937526,0.020740100582075937,0.008306457194847131,0.03229103262562783,0.0015998400159984002,True,0.020743075146828948,0.0062730879298597214,0.0015998400159984002,3.3066769314825804,16,0.004456176381915988,0.8594664763851412,0.020743075146828924,0.02413482749678958,0.005536909162015394,0.010451413739039885,2.2675219459417306,0.0463953604639536,0.0013983890397816544,0.019093449121109676,True,0.0010099218714034889,1.0982935114996748,0.2865508853751157,0.27997200279972,False,0.014447737924174711,3.8062816650779374,0.001999800019998,0.007355679624954078,0.02183816683897654,True,-0.001561863917464651,-1.519378875080842,0.14603727730232474,0.0430956904309569,True,0.012311636907767464,2.1038940280549583,0.0170982901709829,0.0013268942321456127,0.023646532387548803,True,-0.001222977532528582,-1.209340660795225,0.24217710344745824,0.24337566243375663,False,0.015655089568235962,3.369445306248585,0.0032996700329967,0.006658707364228009,0.02443109872362553,True,-0.0009792740704764862,-1.183417571277447,0.2520381003732576,0.3360663933606639,False
323,323_17Networks_RH_Limbic_TempPole_5,0.009985928472730169,-0.0032538085036141993,0.023554590221893792,0.1344865513448655,False,0.009986260420751021,0.007169753881973978,0.1344865513448655,1.3928316906188696,16,0.18272355988430458,0.3761468431693377,0.014306682946331306,0.05315011857431093,0.012193473458032917,0.024116373891737895,0.008168899321416801,0.04030322115507995,0.0143985601439856,True,0.024121050880843268,0.00847755002242029,0.0143985601439856,2.8452855857000126,16,0.011694497041642538,0.8503354510894686,0.03147023768115581,0.05588442481229148,0.01282076633024608,0.01788838807581037,-0.0004771458755255923,0.03776730553059055,0.0072992700729927005,True,0.017890296503738648,0.010089156334538645,0.0072992700729927005,1.7732202684276015,16,0.09522544442653046,0.947171154444123,0.024030004579945377,0.03860938273553697,0.00885759987456261,0.014727624186370079,0.004176220057989682,0.024709858884332858,0.00019998000199980003,True,0.014728689146504255,0.005418674269196345,0.00019998000199980003,2.718135177497705,16,0.015196543760423774,1.1122520259417064,0.014728689146504258,0.013242222808300995,0.003037974263643864,0.00420359563540627,0.6163249057663713,0.2136786321367863,-0.008862335180838262,0.017298107152126305,False,-0.0006409334059569306,-1.126819386378091,0.27461727914221795,0.46435356464353567,False,0.005797192073848313,1.6534554875803171,0.1374862513748625,-0.0008500284425891651,0.012447831669546628,False,-0.0002694225960634724,-0.46075690090080806,0.6504911867372689,0.7145285471452855,False,0.011378715975568431,2.56685816920645,0.014198580141985802,0.0030864724922486297,0.019937929874910738,True,0.0014646991134802708,2.1529803083630332,0.04513027001991484,0.08589141085891411,False,0.010687320005898449,3.2910159246045962,0.025697430256974303,0.004722937966733585,0.016973259640443765,True,-3.4531590888225995e-05,-0.054022258409888196,0.9575125074982278,0.9654034596540346,False
324,324_17Networks_RH_Limbic_TempPole_6,0.01346678496591326,-0.007092074681723256,0.03413046913082477,0.0217978202179782,True,0.013467599140949124,0.010889700336992889,0.0217978202179782,1.2367281673673765,16,0.23403432595017065,0.7387704396863177,0.01894320401881849,0.03817811815625116,0.008758660994613377,0.003249886611604353,-0.007192168602028636,0.013186213816553613,0.24287571242875713,False,0.0032498980531875696,0.005429470466057989,0.24287571242875713,0.5985663009871979,16,0.557841758899319,0.13900377984954534,0.00813836946509312,0.04937693036939253,0.011327844716969815,0.022257246784647158,0.0018662074270325642,0.045694459733052875,0.010198980101989802,True,0.02226092317976931,0.011781377530016136,0.010198980101989802,1.889500877384991,16,0.07708493988258781,0.7491984853141996,0.03394976803486569,0.059277060573289415,0.013599090353110932,0.014527858919211097,-0.00010697718124163513,0.030561748395600465,0.0211978802119788,True,0.014528881125593576,0.008150926291863146,0.0211978802119788,1.7824822118803076,16,0.09365372048979725,0.5058707694261075,0.01452888112559357,0.02872053892751322,0.006588943515213481,0.0027935100182071137,0.6808692822586978,0.31996800319968005,-0.004484814132127092,0.010797092674894886,False,0.000715275735580106,0.843226779101469,0.4101675437770947,0.43645635436456354,False,0.007321712731950051,1.6267800344746481,0.0785921407859214,-0.0013171616272515706,0.015842156623272596,False,-0.00014235639782398407,-0.15447297237906837,0.8789556752379787,0.8847115288471152,False,0.017718304092093656,2.734898793572152,0.0020997900209979003,0.005068529402679096,0.029838861608385493,True,-0.0002887300241225855,-0.35120281320831837,0.7295134493776387,0.7605239476052394,False,0.010433481038915839,1.4959516632626466,0.046995300469953004,-0.0021614918046358542,0.024330863528739637,True,0.0003242610015822052,0.25801120713222103,0.7993251199553686,0.7858214178582141,False
325,325_17Networks_RH_ContA_IPS_1,0.047905805877793646,0.02509945284049088,0.07223068650966269,0.0005999400059994001,True,0.04794250382573925,0.012429289817266046,0.0005999400059994001,3.857219883885909,16,0.001393944576499446,1.212424124220398,0.06819116402508776,0.07521485889456993,0.017255472051268508,0.019079523308491664,-0.0026139610618724027,0.042988020880674,0.06309369063093691,False,0.019081838975864168,0.01202325399704109,0.06309369063093691,1.5870777562014566,16,0.13205810945125812,0.5960702670133156,0.024930231926733402,0.06829221323210916,0.01566730821628921,0.1343188288972734,0.0975317321061385,0.17687544924548929,9.999000099990002e-05,True,0.13513546046333658,0.020738549185416566,9.999000099990002e-05,6.516148224985978,16,7.110689442798193e-06,2.379216155670866,0.17140525138637666,0.08923291991468654,0.020471435807640877,0.032101763340936444,-0.006262200692102185,0.07496618938960997,0.0051994800519948,True,0.0321127973682971,0.021521853275728357,0.0051994800519948,1.4921018630171992,16,0.15512640257922902,0.6384813394938721,0.032112797368297065,0.05029559265389511,0.011538600299148181,0.015036269484226603,2.5909168831120923,0.0382961703829617,0.004362043359151208,0.026660033947556994,True,-0.0009270486274263548,-0.7888613849018437,0.4404602386914437,0.39766023397660233,False,0.0025651700292357252,0.5018376117805737,0.36366363363663634,-0.00724324621312819,0.012053226467774087,False,0.0013274921236799957,1.4946246146497375,0.15233725344305424,0.2616738326167383,False,0.047061350135120195,6.619658620000291,9.999000099990002e-05,0.0337951919130798,0.06102066267621338,True,-0.002949397025690983,-2.192999615584665,0.04168574216003781,0.008099190080991902,True,-0.003128481893982763,-0.4209423066214913,0.628937106289371,-0.017389241507283666,0.011540977720468183,False,0.0011161492727998351,1.0425858175852591,0.31094147486229246,0.3204679532046795,False
326,326_17Networks_RH_ContA_IPS_2,0.044394436950634886,0.019627611681572482,0.06913042229499121,0.013298670132986702,True,0.04442363665023883,0.012792962100560112,0.013298670132986702,3.4725059216968868,16,0.00314071854433207,0.8235985431037229,0.06113207339723055,0.10832763941060031,0.024852064893848457,0.02647439149810116,0.004517418625316322,0.04800433033833689,0.0326967303269673,True,0.0264805793426572,0.011388896933469913,0.0326967303269673,2.3251223974848307,16,0.03354433292906204,0.6468938115028434,0.037548176975762335,0.08547630927952932,0.019609610221910326,0.06209921540759856,0.03518337833979012,0.0931415722913486,0.0007999200079992001,True,0.062179225276514115,0.015276853893793255,0.0007999200079992001,4.0701590595022035,16,0.000890603072991685,1.2706316800533715,0.08412950369216998,0.09120869247793204,0.020924709120199163,0.02466956105840706,-7.901718511146654e-05,0.04979523127830338,0.011398860113988602,True,0.024674567413331818,0.0132512391512374,0.011398860113988602,1.8620573617092788,16,0.08106457553124635,0.5677099408055428,0.024674567413331766,0.04346333512906301,0.009971172925096156,0.006532159423791881,0.834220654446267,0.24667533246675333,-0.008395137890168743,0.02134821122563045,False,-0.0014783329323112373,-0.8498356651209553,0.406578582709149,0.2508749125087491,False,0.002749085682752546,0.40919113811902375,0.3628637136286371,-0.010118849240665855,0.015437279545647631,False,-0.0010216082351316533,-0.8223489911457613,0.42163888008357214,0.40355964403559647,False,0.030318387213884128,4.174894712596081,0.0004999500049995,0.016344781582928104,0.044285616802829116,True,-0.0010534064205529007,-0.8083139122035307,0.4294641611587591,0.29347065293470653,False,-0.004097080026465118,-0.5705786619879322,0.6615338466153384,-0.01779699166497268,0.009709482625830561,False,-0.0008413552749116795,-0.714224406169108,0.48424828271586,0.48065193480651935,False
327,327_17Networks_RH_ContA_IPS_3,0.05519015815663075,0.03078459521495825,0.08079776594206006,0.00019998000199980003,True,0.05524629634184026,0.013156006797991197,0.00019998000199980003,4.199321054643714,16,0.0006794589888909128,1.7797414334127897,0.077573353991532,0.06485309665319881,0.014878320762472077,0.023876531898905186,-0.0020560767825336143,0.049310288103852226,0.037696230376962306,True,0.023881070699129103,0.013394364774677576,0.037696230376962306,1.7829192425964793,16,0.09358012384003037,0.9993467698028736,0.02134621833631166,0.04981367017033906,0.011428039698914446,0.0482933294605821,0.023787198847829535,0.07305399589734546,0.00029997000299970003,True,0.04833092605483268,0.013002304058722913,0.00029997000299970003,3.717104740556248,16,0.001873459601572014,1.474387352071395,0.06272924896882234,0.06304048421910788,0.0144624789506822,0.027811487100059148,0.011744293080432648,0.04238543016364354,0.012598740125987402,True,0.027818660961677445,0.008097619358838895,0.012598740125987402,3.435412277228392,16,0.0033965799917433643,0.5062854150208638,0.027818660961677504,0.05494659758375825,0.012605614008368333,0.007721552383525377,1.5216374788362803,0.1865813418658134,-0.0019752827623845184,0.017442776533861552,False,0.001124230215425739,1.10661094538762,0.28303268904666573,0.31366863313668636,False,0.009018974284624877,1.5887901596829614,0.10368963103689631,-0.0015068132662931567,0.02027498747767356,False,0.0010591566660252013,1.0616637191187177,0.3024259671103384,0.39536046395360464,False,0.02236137539093712,4.5205964962535825,0.0025997400259974,0.013000152010406102,0.031800908779268285,True,-0.0002634641587266691,-0.22456080045688673,0.8248503662476777,0.8205179482051795,False,0.0044085949417449226,0.6100704688060576,0.3143685631436856,-0.00909620021214658,0.018702207975779813,False,0.0019624853482313014,2.044713146518739,0.05579017189986515,0.06819318068193181,False
328,328_17Networks_RH_ContA_IPS_4,0.031179808745918223,0.015604810296705806,0.04610520208517345,0.00019998000199980003,True,0.0311899187775817,0.008043665561439454,0.00019998000199980003,3.877575284470196,16,0.0013354023068968552,1.345624839812749,0.04596501925567072,0.04539741328335111,0.010414880884225182,0.042320002477535416,0.024977333612321777,0.06170688495175951,9.999000099990002e-05,True,0.04234529445776145,0.009657305660554007,9.999000099990002e-05,4.384793848943189,16,0.0004615913264014472,1.827599793071607,0.059517252783517084,0.05202517418492057,0.011935393515377358,0.06579398012214756,0.03996084772382287,0.09443268223166407,0.00019998000199980003,True,0.06588916484464793,0.014138398387346547,0.00019998000199980003,4.660299069208348,16,0.00026128118405594207,1.5095516642413465,0.09153510635683558,0.0834605277331923,0.019147158219134684,0.033625152231036494,0.01798007272489173,0.05178139428208266,0.00019998000199980003,True,0.033637833604196664,0.008875125290173215,0.00019998000199980003,3.790124928314128,16,0.0016058453289831728,1.0356150072185837,0.03363783360419664,0.03248102177906818,0.007451657448310625,0.005125661861964523,1.0797823532343271,0.21777822217778223,-0.004301611569931333,0.013834662712299696,False,-0.0003216974323698346,-0.28136178469820405,0.7816418610186897,0.7772222777722227,False,0.005516082317272165,1.021116688750983,0.23797620237976203,-0.005061825322583201,0.01562369166890898,False,0.0005675395580607057,0.5317309513747909,0.6014139112676405,0.6102389761023898,False,0.027215314944415092,3.913742046065662,0.000999900009999,0.013978772184957649,0.04027125686040375,True,-0.0022163963855329704,-1.3309861408269048,0.19980793647547984,0.0314968503149685,True,0.005267813395817225,1.160652996334948,0.21727827217278273,-0.00368159073607356,0.013356253436951062,False,-0.00041394238888464095,-0.386489631170591,0.7036648174338931,0.6659334066593341,False
329,329_17Networks_RH_ContA_PFCd_1,0.027891465274106752,0.010119960381841582,0.04450276817785644,9.999000099990002e-05,True,0.0278987012233771,0.009212253446846973,9.999000099990002e-05,3.0284339639967053,16,0.007990869435322267,1.293282039005352,0.041415462419624786,0.03908882692491933,0.00896759191511974,0.022182816494695536,0.0069970879360094235,0.037380877718596654,0.0044995500449955,True,0.022186456123177833,0.007924952131366934,0.0044995500449955,2.7995697330920035,16,0.012852769060690076,0.9085923675782154,0.03542418753667539,0.05143217454325348,0.01179935006739932,0.04736051310327433,0.026892927237096187,0.06675121948958727,0.00029997000299970003,True,0.04739597099945114,0.010378397342852282,0.00029997000299970003,4.566790944084761,16,0.0003167077188515479,1.3655307659641562,0.06841454616219372,0.06752097171430455,0.015490373277490619,0.012799570739889266,-0.001571773999103067,0.028017294815561745,0.0020997900209979003,True,0.01280026978894431,0.007746399453801427,0.0020997900209979003,1.652415404767537,16,0.11793522460581446,0.7093105744729151,0.01280026978894428,0.018046072129202537,0.004140052881002091,0.022741029753467,4.862672741173728,9.999000099990002e-05,0.013884926477379007,0.03163611982655791,True,-0.0009584521306490446,-0.8881605502035199,0.3861691966514017,0.28177182281771823,False,0.0026448369516343874,0.5706350697047112,0.3330666933306669,-0.006276116318980591,0.011077370988597452,False,-0.001398877004273024,-1.4500638556116752,0.16424253640913308,0.10038996100389962,False,0.03226767526091531,4.758394590799361,9.999000099990002e-05,0.01974511253001374,0.04539966057099971,True,-0.0017584879967553334,-1.848544884716362,0.08101985813003591,0.0565943405659434,False,0.008424862612784334,2.4632280866889866,0.0822917708229177,0.002293806970517832,0.015429553965148718,False,-0.00034739800195854315,-0.3176187075293082,0.7544291408935436,0.7339266073392661,False
330,330_17Networks_RH_ContA_PFCl_1,0.12236862933025124,0.09812865785073832,0.1467739376513831,0.00039996000399960006,True,0.12298496223181851,0.012723445923115634,0.00039996000399960006,9.666010526942435,16,4.3973137579329806e-08,1.3810331624528576,0.16424795598352263,0.15346455653743143,0.03520718386115514,0.10727764051486748,0.08514878797740524,0.12885933416729156,0.00019998000199980003,True,0.10769204039949921,0.01172729599461438,0.00019998000199980003,9.183023985150156,16,8.870192071428524e-08,1.435237930541855,0.14711154370954035,0.13553353978328975,0.031093526493458392,0.09781053382849615,0.08177213968453796,0.11476386261207305,9.999000099990002e-05,True,0.09812425113769623,0.00869813635178013,9.999000099990002e-05,11.281066100741738,16,5.008727858394737e-09,2.265142721531699,0.13121517173297212,0.07315293917923033,0.016782435226591695,-0.0018255907477685053,-0.03243464728472575,0.02800777450459267,0.5475452454754525,False,-0.0018255927758709654,0.015621703087710284,0.5475452454754525,-0.11686259594238306,16,0.9084232722035269,-0.02765884624829219,-0.0018255927758709608,0.06600393810655379,0.015142341899062174,0.005838746515019609,1.5598884291162731,0.2685731426857314,-0.001530131107740753,0.012670752432344348,False,0.0003419610007267704,0.3020300513214779,0.7660911156430897,0.6582341765823417,False,0.008667639735879426,1.6211749242953704,0.17528247175282471,-0.0012762699143530974,0.018914108208042783,False,-0.0008402063391092886,-0.6279469807464687,0.5379248229714159,0.33236676332366766,False,0.057967739438654055,6.775139000139907,9.999000099990002e-05,0.042649517787197576,0.07502679291909489,True,0.00047185566646899287,0.43752760704784993,0.6669333216183804,0.6643335666433356,False,-0.003556094812090615,-1.0172365203705591,0.6205379462053795,-0.010736183943868305,0.0026332174168877086,False,-0.001613999485528011,-1.3723569642509466,0.18681291179148918,0.0660933906609339,False
331,331_17Networks_RH_ContA_PFCl_2,0.037028812447767144,0.015675421666349016,0.0586755059246243,0.043195680431956804,True,0.03704575019259034,0.01149992856554575,0.043195680431956804,3.221389592243286,16,0.005332466968239079,0.602160367389167,0.05258908725748799,0.12423026612780566,0.028500377672645724,0.07316650777486723,0.05363110841084747,0.0918470425147586,0.0082991700829917,True,0.0732974904283289,0.009948327519784974,0.0082991700829917,7.367820398208318,16,1.5863150464934542e-06,0.8410979947267657,0.10275837502649224,0.1619707872481858,0.03715864702213517,0.015059475714854413,-0.00282919354106406,0.03349116518425557,0.11098890110988902,False,0.015060614304955823,0.009574041902266387,0.11098890110988902,1.573067515130746,16,0.13526690532773078,0.4677556449816763,0.018589800618303034,0.06531954658376028,0.01498533171560571,0.013678653329529342,0.002939585906772486,0.025032918135686026,0.027497250274972504,True,0.013679506542665606,0.005836176914627888,0.027497250274972504,2.343915673354429,16,0.03232233095445957,0.4633146812499688,0.013679506542665684,0.02952530341961083,0.006773569151761025,0.009189498946941866,1.5675420247511989,0.11678832116788321,-0.0021121025546099906,0.020277139383166623,False,0.00045908819105027295,0.6421535257699383,0.528867917798168,0.6147385261473852,False,0.0006663189768304135,0.14171301005922804,0.46335366463353667,-0.008285820999614427,0.009453943530571714,False,-0.0013609695857275219,-1.726201401888041,0.10143472343946276,0.11948805119488051,False,0.007309854848305796,1.372813329669941,0.0943905609439056,-0.0023685588302486123,0.01782543591052975,False,-0.0002548891271039388,-0.2967881476141426,0.7700257379580645,0.7746225377462254,False,0.0005441513007712691,0.1337009491085649,0.47755224477552244,-0.006891688476469722,0.008574460926015251,False,-0.0009247270665970166,-0.8716070318011832,0.39490005693623154,0.2782721727827217,False
332,332_17Networks_RH_ContA_PFCl_3,0.14322572034555056,0.12006330020662453,0.16801099405481573,9.999000099990002e-05,True,0.1442173126549212,0.012621569562097852,9.999000099990002e-05,11.426258195969616,16,4.170025483639806e-09,1.8781515058211236,0.19109150940096403,0.1259339127048971,0.028891221002385226,0.13745924677812943,0.10958356119009546,0.16770298517219415,9.999000099990002e-05,True,0.13833496263674394,0.015149842113529235,9.999000099990002e-05,9.131115796461465,16,9.579783848522739e-08,1.4828366364236372,0.18405575011225492,0.15797049952908646,0.036240918079364595,0.10476128388937885,0.0861724901075768,0.12451260796641442,9.999000099990002e-05,True,0.10514707665596944,0.009963352516410555,9.999000099990002e-05,10.553383159210972,16,1.2916843128993008e-08,2.6258442855881143,0.13693127851863268,0.06567782764622233,0.015067527028482365,0.02217945203994219,-0.002910875433190397,0.046106510450227005,0.1146885311468853,False,0.02218309001228878,0.012630415732693913,0.1146885311468853,1.7563230286131997,16,0.09815252379408039,0.28384388943680194,0.0221830900122888,0.07815243109972903,0.017929397334512848,6.341269937119116e-05,0.024425016757813767,0.4971502849715029,-0.004894929661518314,0.004985084605833151,False,-0.00044429880697479453,-0.30673774708194074,0.7625630434052191,0.6341365863413658,False,0.00040517645978248307,0.0980827289742849,0.49095090490950904,-0.007645449076946212,0.008168520028579974,False,8.104377200772851e-05,0.0628592507718623,0.9505713559860212,0.932006799320068,False,0.041575096564952896,7.45232579076386,9.999000099990002e-05,0.030995786369222688,0.0527002474607802,True,-0.0005133352602212845,-0.48919072157401683,0.6306143824599985,0.5876412358764124,False,0.0006370069706780775,0.1813706291299112,0.48185181481851813,-0.005844727834027652,0.007425818715675869,False,0.0008539176516548596,0.6868037336795458,0.5009596003193613,0.2655734426557344,False
333,333_17Networks_RH_ContA_PFCl_4,0.019158223674079135,0.006944947458229926,0.030875329080345074,0.05069493050694931,False,0.019160568119460396,0.00626138486973059,0.05069493050694931,3.060116654398346,16,0.007478860269411405,0.5415746199811982,0.028644156479688713,0.07094754654115029,0.016276483456053828,0.06510736751490831,0.044324447483377126,0.08722729662266299,0.0005999400059994001,True,0.06519959825088822,0.011269119829482973,0.0005999400059994001,5.785686836012603,16,2.7857600477563185e-05,1.2236992308005754,0.09175266313479276,0.09816663861678168,0.022520971439875196,0.0497225744721815,0.02835594019650484,0.0718829627061946,0.0013998600139986002,True,0.049763612308933364,0.011306401422561233,0.0013998600139986002,4.401366133138801,16,0.0004459747076942277,1.1714303454269308,0.066056060418312,0.07636045468801825,0.017518289750941482,-0.0057971849037239155,-0.021327138815138952,0.01065519191887774,0.8353164683531646,False,-0.0057972498477129285,0.008455134395118476,0.8353164683531646,-0.6856484565236406,16,0.5027492424521501,-0.23019111661260402,-0.005797249847712914,0.025184507260848414,0.0057777222154160295,0.011494128432909555,1.570807139581448,0.032096790320967905,-0.002525334380446007,0.025390342582203844,True,-0.0007108044811595566,-0.6561592160169902,0.5200221244037466,0.43415658434156584,False,0.001540541645826559,0.43782593474438175,0.41955804419558046,-0.005216449674635075,0.008341614987969571,False,-0.0007624783259821275,-0.987657286459997,0.33641181639346296,0.3167683231676832,False,0.02320765334360809,3.938502627748151,9.999000099990002e-05,0.011589158952934062,0.03397169996237237,True,-0.001044329847976562,-1.0090630543331593,0.32631733116509176,0.18238176182381763,False,0.008797013618147036,1.795629274727919,0.08559144085591441,-0.00036117722134704303,0.017807954426667234,False,0.0015252610936187419,1.6811790344296855,0.10999715610128066,0.0537946205379462,False
334,334_17Networks_RH_ContA_PFCl_5,0.0160596331122322,0.0053538146906412076,0.026627002629092976,0.07269273072692731,False,0.016061013982302603,0.005560323308742709,0.07269273072692731,2.888503615796811,16,0.010693040749231324,0.4060867848052118,0.028119262588106365,0.08173483423529466,0.01875125697887884,0.052704964189929336,0.03164784123350639,0.07456446861886207,0.0051994800519948,True,0.052753847204522655,0.011248994219228916,0.0051994800519948,4.68965013017304,16,0.00024601302632597184,0.9319495195058375,0.07645009767333395,0.10869186604044503,0.024935624213429486,0.04256943406441944,0.025703366192445867,0.05864711035453049,0.0004999500049995,True,0.04259517622146858,0.008574099063227607,0.0004999500049995,4.967889443236055,16,0.00013963177563976528,1.3826693732006075,0.05916955612954526,0.05926854730988874,0.013597137276540232,0.0009871373767972326,-0.009745060064824061,0.011530497183516336,0.43855614438556145,False,0.000987137697432868,0.005648370377411594,0.43855614438556145,0.1747650439816285,16,0.8634566182711132,0.031150640381792664,0.000987137697432912,0.031689162255869395,0.007269992414673583,0.01241255877742388,2.3791505295455333,0.0193980601939806,0.002285394950700602,0.02225477720895603,True,-0.002418234364235558,-3.047503105056192,0.006930085223832358,0.012098790120987902,True,-0.0032959935368581587,-0.9585637781175972,0.6754324567543246,-0.009919362985714135,0.0032677280387318768,False,0.0003857806482229787,0.4322935068548932,0.6706625974368927,0.5964403559644036,False,0.007640213894407444,1.483580387356808,0.10488951104889511,-0.0022695272719295244,0.017069064580909496,False,0.00013918669701431632,0.1583712503576993,0.8759275118073785,0.8479152084791521,False,0.0049383743699321055,0.8399670123766585,0.20177982201779823,-0.006143781230174043,0.01610316066238308,False,0.0006092868574374611,0.5597972124084805,0.5825178015618121,0.46415358464153583,False
335,335_17Networks_RH_ContA_Cinga_1,-0.0010860078384648752,-0.019133225967742692,0.016569116799052215,0.5912408759124088,False,-0.001086008265415774,0.009373507833982013,0.5912408759124088,-0.11585932232100317,16,0.9092057200474499,-0.049996834026651615,-0.002550467542006245,0.048445029430959775,0.0111140519792846,0.016771866102089035,-0.0009605013847488767,0.03454882957417936,0.33136686331366866,False,0.016773438984343088,0.009358118163895085,0.33136686331366866,1.792394441978445,16,0.09199693377895762,0.4318844076201692,0.00850182262370707,0.08179455767197438,0.01876495847493399,0.014375616722154412,-0.002138918259057595,0.03194754792646393,0.06829317068293171,False,0.014376607125402488,0.008981431794701572,0.06829317068293171,1.6007032568998298,16,0.1289996254609704,0.4512143209454899,0.022951674600763125,0.06481929824497532,0.014870566875845826,-0.007537780137200062,-0.020259410725845493,0.004246494327260706,0.837916208379162,False,-0.007537922902922836,0.006431801526387431,0.837916208379162,-1.1719769137771705,16,0.25836252117891245,-0.23941490134683274,-0.007537922902922882,0.031484769162312444,0.007223101423117141,-0.005627976096880592,-1.1386795519414161,0.8141185881411859,-0.015305813624674784,0.0036685159924166226,False,-0.0008251831924550245,-0.7756179499600897,0.4480458086525484,0.41175882411758824,False,0.003791843203024231,0.5336209781843932,0.27817218278172184,-0.009238685080624563,0.01739476529523264,False,-0.00018713943682983656,-0.16754879697290714,0.8688063001602943,0.8818118188181182,False,-0.0017793276295586765,-0.32037565250769684,0.6147385261473852,-0.012250891043107457,0.008743603792376226,False,0.00018069629145857195,0.17020835164803066,0.8667447772756479,0.8478152184781522,False,-0.004439857470573642,-0.5395360891824237,0.7558244175582441,-0.020417947115493496,0.010384725470230555,False,0.0012257354573809178,1.1462359761385328,0.26670763304221207,0.292970702929707,False
336,336_17Networks_RH_ContB_Temp_1,0.019728631297275725,0.003892907988376374,0.03580046252401354,0.05779422057794221,False,0.019731191480529087,0.008476755799925802,0.05779422057794221,2.327681951236792,16,0.03337539342266156,0.5219111111647042,0.02725676269076012,0.07254433748426518,0.0166428124221064,0.006228706000902744,-0.007126823005438983,0.021098846037692822,0.31866813318668136,False,0.006228786554020113,0.0074055478799929025,0.31866813318668136,0.8410973306712428,16,0.4126878105480016,0.2135905956158809,0.0067515479185700665,0.06016124812526913,0.013801936889227574,0.029381809775178697,0.01047697582004481,0.0478137200223341,0.00029997000299970003,True,0.029390269172185957,0.00970264670987969,0.00029997000299970003,3.0290981472364034,16,0.0079797915475959,1.2881985093390886,0.04304876322031608,0.04868896063028904,0.011170013634392649,0.01292302908524718,-0.005209962955031341,0.030659321753862198,0.0861913808619138,False,0.01292374855945741,0.009486987412648138,0.0861913808619138,1.3622605361768843,16,0.1919863953058772,0.32795528796353046,0.012923748559457432,0.03940704429469228,0.009040595986536563,-0.000230011894448969,-0.04496038612689744,0.5165483451654834,-0.009921503804873078,0.009490017755860105,False,-0.0006228843635228864,-0.8093326526637084,0.42889309458034774,0.43555644435556445,False,-0.0020404384067580516,-0.4098281245872161,0.6573342665733427,-0.011163330066294056,0.007698295675213938,False,-0.0011339242451005903,-1.492299420679778,0.15294038361660603,0.17378262173782622,False,0.006268359539593522,1.3573291997189056,0.1501849815018498,-0.0029152435394998026,0.014424144754065385,False,-0.0012558473935903897,-1.5586564040007236,0.13648612906387778,0.1496850314968503,False,0.0029350872657514966,0.45301392258815826,0.32956704329567044,-0.009007979952248888,0.015494262945425726,False,0.0008467451154248404,0.872860245634669,0.3942345704139296,0.37646235376462356,False
337,337_17Networks_RH_ContB_Temp_2,0.13509139237699952,0.11420937826343656,0.15765031210091154,9.999000099990002e-05,True,0.13592230158455854,0.011431473405041588,9.999000099990002e-05,11.890182198614319,16,2.3503282768542014e-09,1.3620397732324043,0.18112731886964956,0.1711813898002431,0.039271704166005464,0.05977648892836397,0.040162719884598366,0.08012217863231004,0.0110988901109889,True,0.059847840317696,0.010326205617448283,0.0110988901109889,5.795724250984366,16,2.7326400874262285e-05,0.8036837488377191,0.08568586529200846,0.14354310113629593,0.0329310458892396,0.08612195186938706,0.06819274088211452,0.10589905787263537,9.999000099990002e-05,True,0.08633582636462785,0.009882928822078823,9.999000099990002e-05,8.735854311907062,16,1.7388865297496574e-07,2.6409913588695564,0.11461217511066223,0.059015619109990425,0.013539111567944,-0.027176510075505506,-0.04727599248020136,-0.006454513773959047,0.9522047795220479,False,-0.027183203560776026,0.010796161041632122,0.9522047795220479,-2.5178582883260296,16,0.02283800766042383,-0.4099184768877272,-0.027183203560776217,0.06631368209396729,0.015213402043246636,0.000974858870765789,0.265000698946905,0.46505349465053497,-0.006052658257202649,0.00812310752729755,False,-5.840366426984193e-05,-0.06736641234989223,0.9470326672832258,0.9405059494050595,False,-0.005905576152963927,-1.352507842925393,0.7775222477752225,-0.014417451114303776,0.0023145603300765683,False,-5.7696256313116644e-05,-0.051118082589431804,0.9597944286067706,0.9451054894510549,False,0.03040382263990728,6.095854430590015,9.999000099990002e-05,0.020902931840446635,0.039974336158836055,True,-0.0006056654847872334,-0.5360354617481423,0.5984963876121641,0.5402459754024598,False,0.002908930333651418,0.559238985385866,0.397960203979602,-0.006936815970390801,0.012903047178561318,False,0.0010227942958535479,0.8768512221906568,0.39212017648275443,0.19688031196880312,False
338,338_17Networks_RH_ContB_IPL_1,0.20106962435389714,0.1791512884960536,0.22759546017660612,9.999000099990002e-05,True,0.20384699489087998,0.012928515827076773,9.999000099990002e-05,15.767238685198032,16,3.608001201463329e-11,2.670398840546407,0.2551048410328711,0.12213448472494651,0.028019572444076515,0.15564704693340517,0.13074358751434614,0.18417769330292003,9.999000099990002e-05,True,0.15692254093707284,0.014127576733851368,9.999000099990002e-05,11.107534143563885,16,6.250567126812129e-09,2.0415450827569455,0.20047605492696355,0.13069916419647565,0.02998444467040351,0.10219379437454756,0.07813793362602689,0.12985570551453682,9.999000099990002e-05,True,0.10255179642830682,0.013606993293675365,9.999000099990002e-05,7.536697800532738,16,1.1918874548403564e-06,1.8469730933942146,0.13726219825331804,0.09725821436601242,0.022312564623719153,0.08756189884007959,0.06141098455577787,0.11427148530137989,0.00029997000299970003,True,0.08778671550309004,0.014005541477477975,0.00029997000299970003,6.267998680683506,16,1.1215880817281793e-05,1.015411245847676,0.08778671550308986,0.08645434631739261,0.019833987306704323,0.0041265154329760455,1.018750483464881,0.37496250374962503,-0.003570536506746743,0.01187248960524341,False,0.0013426470783213657,1.0193181372500042,0.32155764469039116,0.11838816118388161,False,-0.0022669975560442833,-0.8146458293937834,0.5801419858014198,-0.007561527571380342,0.0030342466946781973,False,0.0013925623238071683,1.1085286389923876,0.282226045108551,0.12398760123987601,False,0.02767690466401259,4.422058294762369,0.0011998800119988001,0.01573320963751927,0.03966409894664965,True,-0.0014074473972073222,-1.5721037687838704,0.13333858568812243,0.15408459154084592,False,0.002456577739879079,0.7682087946491508,0.41185881411858816,-0.0035242115221370165,0.00858884931589301,False,0.0027111944693227817,1.9075542066677296,0.07253392456835835,0.0025997400259974,False
339,339_17Networks_RH_ContB_IPL_2,0.11680778807075519,0.09180543054179699,0.1427976014479057,9.999000099990002e-05,True,0.11734342403689657,0.013424130135745409,9.999000099990002e-05,8.741231115186947,16,1.7246302704742547e-07,1.8860628378136173,0.15984606982500335,0.10867865762667646,0.0249325939954915,0.07874305120472143,0.0476220551339208,0.1090092272689787,0.00039996000399960006,True,0.07890640729331484,0.0162664812446251,0.00039996000399960006,4.85085902148553,16,0.00017701392309677936,1.2560518011925355,0.10916134405975861,0.11418161660121531,0.026195059367094927,0.12082615896134134,0.10166866839844232,0.14109843067014335,9.999000099990002e-05,True,0.12141934239438976,0.010588021369656208,9.999000099990002e-05,11.467614028657014,16,3.959277856162047e-09,2.503445877540549,0.16156611817445823,0.08301856230516214,0.019045764396117725,0.02823462872736028,0.0037424478475124993,0.050941274340156203,0.0448955104489551,True,0.02824213514611088,0.012423041814251053,0.0448955104489551,2.273367148592626,16,0.03713674367989644,0.418033526892738,0.028242135146110865,0.06755949781357475,0.015499211770827862,0.00694875672504075,1.7749337715251108,0.27617238276172384,-0.00046118912707611,0.014532687601354895,False,0.00025128015830260973,0.16833565106518822,0.868196277820932,0.7995200479952005,False,0.007154756540726585,1.791591536082528,0.22197780221977803,-0.0007987443340285342,0.0142878416911133,False,0.001269337969023489,1.093217422991912,0.2887137115283178,0.16928307169283072,False,0.050806568394481756,8.1009702535073,9.999000099990002e-05,0.03850583161833322,0.06243126820258477,True,-0.0018790720022741738,-1.5776671975210033,0.13205431779033072,0.07429257074292571,False,-0.003646705672160099,-0.7411595479423593,0.6275372462753724,-0.012983117672587098,0.0056339168700986295,False,0.003958285717919379,3.1696659726499465,0.005304439247702806,0.00019998000199980003,False
340,340_17Networks_RH_ContB_IPL_3,0.058414933436803186,0.038091987863666375,0.07765397419995027,9.999000099990002e-05,True,0.058481512982937946,0.010299708942487081,9.999000099990002e-05,5.677977242803171,16,3.4279292815907224e-05,1.9104855872831623,0.0822467103168506,0.06340138288009486,0.014545274781845433,0.03168143403652529,0.015849313928134018,0.04745182664268411,0.0020997900209979003,True,0.03169204011637649,0.008391441515848308,0.0020997900209979003,3.7767098842936604,16,0.001651954510783684,0.9575353508896413,0.05213015147692982,0.06665468504482819,0.015291633485470416,0.06550355212636598,0.041923179657918364,0.08998839180132992,9.999000099990002e-05,True,0.0655974797538999,0.012656416551371086,9.999000099990002e-05,5.182942540461315,16,9.066289670669351e-05,1.7290403247693797,0.08862777550306754,0.06970625888796526,0.01599171253815392,0.02693541723422678,0.0016223846336691921,0.05163226702554592,0.0025997400259974,True,0.026941934103009546,0.013110766103674459,0.0025997400259974,2.054947353187754,16,0.056589855851683156,0.8175294060548302,0.026941934103009556,0.03295530888977296,0.007560466373878311,0.01189725274478446,2.1964248622455873,0.0912908709129087,0.001461406521381863,0.02207698683896864,False,0.00018131773884576415,0.13686658821923525,0.8926554923953952,0.8785121487851215,False,0.012669853815248695,1.9798885124314898,0.042695730426957304,0.00055048899697196,0.02512140944952346,True,0.00015551210064135065,0.12783212381251113,0.89969916534542,0.8923107689231077,False,0.03680718924216997,5.320387173544498,9.999000099990002e-05,0.02369102067745077,0.05044857694160199,True,-0.002036158630371763,-1.6888359808931863,0.10849858404615036,0.07429257074292571,False,0.0005096066094821963,0.08298739238160274,0.48405159484051596,-0.011197564017173608,0.01192601306277003,False,0.0006901458238469807,0.5763496231673954,0.5715161861913763,0.5481451854814519,False
341,341_17Networks_RH_ContB_IPL_4,0.044282401562217535,0.022404552767448363,0.06655317026997717,0.00039996000399960006,True,0.04431138057800462,0.011653024877547399,0.00039996000399960006,3.8025646597032576,16,0.0015642455266134153,1.2466276277197716,0.06322447926609008,0.0703421904100443,0.016137605234983105,0.03182094032469043,0.01425142348948562,0.04690877735805237,0.015298470152984701,True,0.03183168718827307,0.008590376111144998,0.015298470152984701,3.705505646833694,16,0.0019199136731189177,0.7138654392656888,0.04744973086120736,0.08654766932142861,0.01985539707216225,0.05934659060842086,0.04036937260961824,0.07550077787452195,0.00019998000199980003,True,0.059416411463926594,0.009141089844482147,0.00019998000199980003,6.499926428334171,16,7.3238270123033295e-06,1.6071391797212708,0.0788018769653499,0.07114618605380707,0.016322054485625674,0.018937755930543542,0.002412989250265029,0.03533844782077322,0.0377962203779622,True,0.01894002035458547,0.008675496321377374,0.0377962203779622,2.1831627440052257,16,0.04426672661856066,0.44155354633220634,0.01894002035458548,0.04289405104298674,0.009840570198708138,0.009338456047671487,1.70406761087803,0.10078992100789921,-0.0007196942884206128,0.01997910345086819,False,0.0005353153828401069,0.41072051446349045,0.6861254941178522,0.6344365563443656,False,-0.0047223160092800445,-1.3200634323987395,0.7292270772922708,-0.011565157199402923,0.002154285067861208,False,7.907923069315764e-05,0.08470385052398118,0.9334318321728635,0.9387061293870613,False,0.02185026458579557,3.9482240848654806,0.0010998900109989002,0.011741021433771306,0.03278431800115264,True,-0.0020507206783052854,-1.8285537882098226,0.08408695555632638,0.026997300269973004,True,0.0011140820304240935,0.20277865224801522,0.44285571442855715,-0.009418705795342779,0.01127574550509884,False,-0.001111311690821316,-0.7567510256758248,0.4589904629764941,0.28177182281771823,False
342,342_17Networks_RH_ContB_PFCld_1,0.025027913829163955,0.008246564669172549,0.041560364659029375,0.007499250074992501,True,0.025033141593059725,0.008863359846808918,0.007499250074992501,2.8243399823231163,16,0.012212041442041724,0.8168971590237714,0.03638034794681231,0.05958630336581398,0.013670035515302138,0.014423358214025475,0.0007065606796523439,0.027917211352952113,0.03469653034696531,True,0.01442435851830662,0.0073129705103985015,0.03469653034696531,1.9724349356798654,16,0.06609832446361247,0.5566637914751545,0.02374829403041159,0.053199629605844394,0.012204832067666855,0.16100134972562505,0.1302638082792898,0.19823177773251843,9.999000099990002e-05,True,0.16241452325852576,0.01784841420841242,9.999000099990002e-05,9.099661256291082,16,1.003860417499126e-07,2.2394672583888005,0.2035760681986768,0.11383208569850484,0.026114871478539164,0.04715332812015659,0.02160527018569073,0.0722892175542152,9.999000099990002e-05,True,0.04718832229105267,0.013211033274535358,9.999000099990002e-05,3.5718873240603752,16,0.002546022368267783,1.2404002689817089,0.04718832229105261,0.03804281849260751,0.00872762112298613,0.0033071046774370986,0.6086860206855224,0.3214678532146785,-0.0073400848816994055,0.01335798828555269,False,-0.0008937560808199545,-0.8569079418557692,0.40276057126278497,0.31926807319268075,False,-0.0026492959245827978,-0.6191816554681532,0.672932706729327,-0.011149236586936458,0.005182676507678194,False,-0.0005648280662145379,-0.5467664481483205,0.5912536045081789,0.5458454154584541,False,0.02620311263271055,7.159330180794157,0.005499450054994501,0.019288441275964765,0.033184726243574485,True,-0.00031384158741075283,-0.260583313521972,0.7973716002685124,0.6896310368963103,False,0.00761239377355802,1.6467934391520356,0.1326867313268673,-0.00129432789484321,0.016135037159521987,False,-0.0038855186980274073,-4.6408883475746885,0.00020315329502242413,0.0004999500049995,True
343,343_17Networks_RH_ContB_PFCld_2,0.05886906773439081,0.035131079475320834,0.08484567930214038,0.027097290270972903,True,0.058937214392858976,0.013149955167090268,0.027097290270972903,4.481932724786634,16,0.0003773842055232714,0.6685473839940471,0.08633433234915053,0.17396855819462198,0.03991112444862273,0.06355905553048155,0.033949905790126425,0.0944631118431171,0.0026997300269973002,True,0.06364485122261923,0.016113521710535456,0.0026997300269973002,3.9497790964594968,16,0.0011470168791697173,1.0038279689688683,0.09191237512731605,0.12194291174998047,0.027975622589434916,0.07761772129035845,0.062485349878813226,0.09416427041510944,9.999000099990002e-05,True,0.07777415674553154,0.00833769684281971,9.999000099990002e-05,9.328014463911506,16,7.16596214012874e-08,1.8900067256737312,0.10509565638684286,0.07159455005264818,0.01642491624146095,0.003163479473618904,-0.012414344219781288,0.018939791791077246,0.40545945405459455,False,0.0031634900266305065,0.008179665285373667,0.40545945405459455,0.38675054739553305,16,0.7040361798775231,0.054251651756404236,0.0031634900266305035,0.05831140479989288,0.013377553725190821,0.00940417747538206,2.3498284593660776,0.15978402159784022,0.0019735114431548525,0.01695979301811516,False,-0.0005788287253719948,-0.39600200203311736,0.6967582712938241,0.591940805919408,False,0.004130487951927322,0.9165603956030783,0.3300669933006699,-0.004157115854409394,0.013308666312932345,False,0.0013098619295281208,1.0975061503602253,0.2868855852901256,0.19188081191880813,False,0.02703191061962826,6.014301981544643,0.00019998000199980003,0.018698480721148693,0.03560663774986169,True,0.0022929760105232636,2.8694607104250376,0.01019544973615349,0.012798720127987202,False,0.002753697522946787,0.50831388857846,0.38276172382761725,-0.007223157343294343,0.013615143553214358,False,-0.0009506252506019996,-0.7844687588341721,0.44296735159993234,0.35476452354764526,False
344,344_17Networks_RH_ContB_PFCld_3,0.02387779344448979,-0.004676591726355261,0.05364762524304261,0.1095890410958904,False,0.023882332964354967,0.015469641174921545,0.1095890410958904,1.543819452197222,16,0.14217857318510674,0.4005951879947823,0.035268116645239676,0.12093031551401234,0.02774331708084572,0.02252862256815774,0.0014469427446609246,0.04256183703099294,0.0552944705529447,False,0.0225324351128499,0.010835021118532214,0.0552944705529447,2.079593095975645,16,0.05400143721947317,0.5640257486566318,0.030673734027871633,0.07893668470785987,0.01810931745156282,0.06634571704664773,0.049697679377436715,0.08448060826898254,0.0005999400059994001,True,0.06644332079881753,0.009183527785797414,0.0005999400059994001,7.2350541478813835,16,1.9913692627855902e-06,1.2908216178026541,0.09279081012191212,0.0949979349532173,0.021794020963480237,-0.0041625911899721485,-0.021764765750674105,0.013348297949121828,0.6129387061293871,False,-0.0041626152321908,0.009116731962549321,0.6129387061293871,-0.4565907223433165,16,0.654102499504112,-0.06186982288302022,-0.0041626152321908045,0.067280218985938,0.015435140813631067,0.005116132745657674,0.9677837719131589,0.2672732726727327,-0.005079377421752474,0.014995749223615072,False,-0.0006335045090353512,-0.4555567385883731,0.6541563475096611,0.521947805219478,False,0.009419824018318491,1.659679259302085,0.10178982101789821,-0.0014047337337929075,0.020196125234013602,False,0.00030812052551723585,0.3867271727138138,0.7034920216851873,0.7782221777822218,False,0.0409141184143285,6.750062785907068,9.999000099990002e-05,0.028421369416558324,0.05150725145701042,True,0.00041531871958323796,0.3432964277280557,0.7353524917665423,0.6697330266973303,False,0.007817177470123598,1.367065150374272,0.1611838816118388,-0.0031696957951586947,0.018923998484896787,False,0.0019210514469908489,1.3461685997022392,0.19495798123921285,0.0771922807719228,False
345,345_17Networks_RH_ContB_PFCld_4,0.036723433004957576,0.01766120516126082,0.05540017471145366,0.0033996600339966003,True,0.0367399549121602,0.009895007046180855,0.0033996600339966003,3.7129791561230467,16,0.0018898517815208427,1.0167548628481404,0.05209821843890484,0.0720090071630931,0.01651999922361154,0.032771608683676935,0.02144309440921425,0.044586918130164306,0.006399360063993601,True,0.03278334824867999,0.006098307872865384,0.006399360063993601,5.37581062355847,16,6.183949682545536e-05,0.8927528542322739,0.04691690394122968,0.07414540994932042,0.017010123636656996,0.08219697089105356,0.055081214223420466,0.10908175475702223,0.00019998000199980003,True,0.08238284190933004,0.014233849558605544,0.00019998000199980003,5.787811763088557,16,2.7744259234619513e-05,1.8746966536186802,0.11087682444741019,0.07939222497832,0.01821382555701803,0.01805690361069353,-0.0013763591321730498,0.04054920956009585,0.0091990800919908,True,0.01805886648982363,0.011033336591701587,0.0091990800919908,1.636754787613939,16,0.12119675100373055,0.5466294027044744,0.018058866489823616,0.033036763848553606,0.007579153423024369,0.012635095603735193,2.233039961776798,0.0377962203779622,0.001815833725303117,0.0234868698141393,True,0.0004934248819299347,0.7829416675901217,0.44384101641789486,0.5163483651634837,False,0.006132312511547919,1.267355443091319,0.1456854314568543,-0.0031556441224321217,0.015340955667153528,False,-0.0005195950153645186,-0.5786124458424536,0.5700205604480348,0.5501449855014499,False,0.05056022596110503,7.608639337511558,9.999000099990002e-05,0.03730091701116562,0.06275554500242593,True,-0.003088101143228906,-2.020884782105607,0.05842270086495296,0.0024997500249975004,True,0.011138369379794559,1.8626973853543707,0.05219478052194781,-0.00013290041446760691,0.02273434658576196,False,0.0012487055247649313,1.5195908189830099,0.14598428490499868,0.16798320167983202,False
346,346_17Networks_RH_ContB_PFClv_1,0.02863280820778929,0.006707144050641175,0.05211623889687762,0.0057994200579942,True,0.028640636810991882,0.012013743232559385,0.0057994200579942,2.3839894241597115,16,0.02985472290668536,0.9025555001904927,0.04152931247895698,0.06415244370903848,0.014717579953098966,0.03129729211131992,0.014081178087475034,0.049589308072905645,0.0164983501649835,True,0.031307516900898905,0.00935188349719609,0.0164983501649835,3.3477231522704067,16,0.0040868625292451305,0.7841614405547648,0.04417942602344531,0.08062709488342408,0.01849712414253215,0.05087558682329318,0.032329981973713964,0.0691990001181866,9.999000099990002e-05,True,0.050919549307138295,0.009726441692502424,9.999000099990002e-05,5.235167280793896,16,8.170350815909568e-05,1.987238741285067,0.07116861383016433,0.04625547838193342,0.01061173451852516,-0.003156320873845862,-0.019517414840194303,0.012843561203692311,0.6707329267073293,False,-0.003156331355378323,0.008622328003955966,0.6707329267073293,-0.3660648671600273,16,0.719111849335876,-0.10635585321448647,-0.0031563313553782764,0.029677081796457352,0.006808389499470952,0.008342977408464155,1.7368206124782017,0.13138686131386862,-0.0005104813930779768,0.017708930213939014,False,0.0005299830196241644,0.7224081029507041,0.47932498826482367,0.5975402459754025,False,-0.008097713266541521,-1.5853073979514558,0.8712128787121288,-0.017830138834007327,0.0015182287446520266,False,0.0004813695104049294,0.6119192645044184,0.5482433514440828,0.5852414758524147,False,0.012039766938839796,2.933598170302146,0.044995500449955005,0.0041398779978682534,0.019693394131293004,True,-0.0005952774931642204,-0.7377474159388165,0.4701771841522841,0.4577542245775422,False,-0.0018705628131386,-0.39934924092851376,0.599040095990401,-0.010806089885095451,0.007146633291595288,False,-0.00382091308144965,-3.648085586292172,0.0018394565209547329,0.00029997000299970003,True
347,347_17Networks_RH_ContB_PFClv_2,0.034394552137695544,0.017965848546318067,0.05134550798493235,9.999000099990002e-05,True,0.03440812452146162,0.008773651093120689,9.999000099990002e-05,3.9217566502548302,16,0.0012167195478913237,1.5624182864903235,0.05175644247507646,0.04071821698265983,0.009341399630977675,0.013616073940228868,-0.0046955751514623015,0.031384318527322416,0.0565943405659434,False,0.013616915495728764,0.009424647274289343,0.0565943405659434,1.4448196414603256,16,0.16780805351697667,0.5905122513737383,0.017507802557142158,0.04470952439310175,0.01025706834964722,0.011190296259135485,-0.009128609550985444,0.0319675928730555,0.10578942105789421,False,0.011190763387383427,0.010852958744148775,0.10578942105789421,1.0311255807009103,16,0.3178176767143964,0.45114307133154524,0.01437300716680144,0.04889220088497072,0.011216640146572485,0.0069042926951213,-0.0027217428362739937,0.016592235950605147,0.17478252174782521,False,0.006904402405761601,0.005095688721435053,0.17478252174782521,1.3549497983890146,16,0.19425669253599315,0.22237086030250508,0.006904402405761589,0.03104904301026271,0.007123138988178055,0.023399347582528308,5.414182255501311,0.00019998000199980003,0.015619281002842515,0.03206762744224381,True,-0.0007872001669144144,-0.6366359865647779,0.5323754155703734,0.4320567943205679,False,-0.002964304458423049,-1.0996234493252133,0.6801319868013199,-0.008094218655875425,0.002320088088465874,False,-0.0004906624474174934,-0.7074380190368025,0.4883534357017507,0.5928407159284071,False,0.002733139937230993,0.6544156813118356,0.33526647335266474,-0.005324477481039376,0.010673251832863195,False,5.699309361755251e-05,0.05246263139077539,0.9587379199320967,0.9519048095190481,False,0.003288922538168909,0.5472241587661721,0.30546945305469453,-0.00800711464721382,0.014700552101965404,False,0.0010707367009783596,0.9658501469119641,0.3469176506160224,0.29987001299870014,False
348,348_17Networks_RH_ContB_PFClv_3,0.02493640897865916,0.005046667793839564,0.04623607185798793,0.0046995300469953,True,0.024941579597881635,0.010934871388785385,0.0046995300469953,2.280921165973776,16,0.03659092259476804,0.9435476432803455,0.03502630882987378,0.05483033758290008,0.012578942134951665,0.019452234325023913,0.0037658908010486662,0.034697345697088836,0.0082991700829917,True,0.01945468838875924,0.00815019333558627,0.0082991700829917,2.3870217046035025,16,0.02967540082355533,0.7595003922525946,0.032364441927299384,0.05564110359384956,0.012764944614350947,0.030979277410574484,0.013809647580336398,0.04525761381934418,0.0034996500349965005,True,0.030989193553441576,0.008376049198497632,0.0034996500349965005,3.6997387215681523,16,0.0019434384816786093,0.9727793820142362,0.04450592810918502,0.06657403049051726,0.01527313006170317,0.01902891211600954,0.0038005279413852976,0.03421390089828446,0.028197180281971802,True,0.019031209401635347,0.008021980744099511,0.028197180281971802,2.372382832710433,16,0.030550571908342854,0.4859590555119042,0.019031209401635333,0.03916216641253463,0.008984417147492697,0.010548706840594195,1.883984966019398,0.07979202079792021,-5.492208708276974e-05,0.02141349693093236,False,-0.0008960883364033134,-1.3209210539250331,0.203075536469809,0.44165583441655837,False,0.013339981497813031,2.479452722575542,0.027097290270972903,0.0032768993093018435,0.023705152633504773,True,-0.0007663750183847798,-0.7494260178087552,0.46328315461088415,0.45135486451354867,False,0.0225107029374407,3.098937700420213,0.00029997000299970003,0.008807593281219344,0.03654770174027763,True,0.0006133286295359185,0.5996572861990477,0.5562086207905814,0.5568443155684432,False,0.01120976856749674,2.3428652336470126,0.053094690530946904,0.00237275274444747,0.020411259602771226,False,-0.0008050418825046241,-0.741650625270546,0.4678662501858544,0.49135086491350866,False
349,349_17Networks_RH_ContB_PFClv_4,0.017666582433756482,0.00045513891090367324,0.037035480984517484,0.007999200079992,True,0.017668420739383267,0.009832049802570806,0.007999200079992,1.7970231125928053,16,0.09123214134041419,0.8380473420149499,0.027942379092744638,0.04467424339377307,0.010248974333294544,0.037594000390500815,0.018613560469982218,0.05743647291041865,9.999000099990002e-05,True,0.03761172606872408,0.01034701109807059,9.999000099990002e-05,3.6350329300156585,16,0.0022280598650632672,1.4616503403289667,0.05537230932602537,0.05129820826338021,0.011768616094988285,0.07574971751895948,0.05795063328080759,0.09679953379240702,0.00019998000199980003,True,0.07589510283970112,0.01029726802862878,0.00019998000199980003,7.370411513878754,16,1.57932721875064e-06,1.4031609355197736,0.10340684897471406,0.09737276016705312,0.022338843232726696,0.012119963971897052,-0.0065087399840530165,0.03031343064755679,0.050294970502949704,False,0.012120557472290438,0.00982125594010956,0.050294970502949704,1.234114816496191,16,0.2349805986615152,0.3970127720775134,0.012120557472290475,0.03052938929109314,0.007003922248836202,0.01531235910639916,4.117983943645615,0.0103989601039896,0.008328008793527604,0.022411430034974446,True,-0.0010661741155025002,-1.2974120655442591,0.21087202763261434,0.3110688931106889,False,0.02729298543275701,5.673501905690336,0.00019998000199980003,0.018018339249081913,0.03618460028958446,True,-0.000969290296952183,-1.174246630780471,0.25559851878037326,0.3458654134586541,False,0.02036408410519796,3.173135004070038,0.0014998500149985001,0.008951143238650585,0.03316785662757878,True,-0.0032660259526620695,-2.965223166794373,0.008288462025425467,0.00039996000399960006,True,0.01114569848878358,1.9421351257530866,0.037896210378962104,-0.00018796632450686135,0.022007972215385807,True,-0.0010576181020703187,-1.0985450254230134,0.28644402945740827,0.2876712328767123,False
350,350_17Networks_RH_ContB_PFCmp_1,0.11134933074767024,0.08284393293952613,0.14190221401049638,9.999000099990002e-05,True,0.1118129795079916,0.015657325767935163,9.999000099990002e-05,7.14125650607429,16,2.341770875010018e-06,1.5966900246688995,0.1500355212122127,0.12272843333388672,0.028155833600077933,0.05911453526424782,0.04172031620632443,0.07770268662360384,0.0011998800119988001,True,0.05918353914213866,0.009436504440989077,0.0011998800119988001,6.2717650918559205,16,1.1137865229981642e-05,1.2071586876838691,0.08134262201601661,0.09425515296666927,0.021623615088930483,0.0953647246943492,0.08123294384681891,0.11068883495879513,9.999000099990002e-05,True,0.09565540847324375,0.007777461839851556,9.999000099990002e-05,12.299052112748068,16,1.4391173459105312e-09,2.6794537777656116,0.1296770800515167,0.06327561564345564,0.014516421798954973,0.015583711628854528,-0.00576209465548239,0.03793208497039669,0.19488051194880512,False,0.015584973324902338,0.011444122920103966,0.19488051194880512,1.3618320454706154,16,0.19211886786892676,0.20163512233166167,0.015584973324902333,0.07729294948559226,0.017732218729257405,0.009608036050064578,3.165655098831578,0.1812818718128187,0.0038009355226316967,0.015397340191960185,False,-0.0013486602642520916,-0.9623849178423756,0.3486077227998836,0.12438756124387561,False,-0.0032392781807984226,-0.9603347759382257,0.6578342165783422,-0.009491307670444737,0.0031150765856792833,False,-0.0006281324390210558,-0.9977616542171867,0.33161993470159873,0.43565643435656437,False,0.039460355277219715,5.528728348497345,9.999000099990002e-05,0.025945529320264577,0.05316680662641962,True,-0.00043626018842936467,-0.44950087784473075,0.6584360470093666,0.5891410858914109,False,0.005585875187869244,1.5422394038449811,0.29617038296170384,-0.001561927759511134,0.012164854534850375,False,0.001375671140276381,0.9825207651895189,0.3388662002548939,0.1050894910508949,False
351,351_17Networks_RH_ContC_pCun_1,0.061084683603844905,0.042063814292803835,0.07999937085289636,0.0018998100189981002,True,0.061160830032220705,0.009885505694044009,0.0018998100189981002,6.1869197110543315,16,1.3040511119210888e-05,1.0423467417384824,0.08860624241854394,0.1080144430821397,0.0247802127283091,0.0198563837906194,0.0014024207934719116,0.0388521585098859,0.12998700129987,False,0.019858994039850208,0.009877447286087315,0.12998700129987,2.010539106376422,16,0.061540735452352245,0.5084286626465685,0.02347176127560503,0.08740438578949146,0.020051941309401883,0.12141531656510315,0.09294693615380868,0.15177581327492815,9.999000099990002e-05,True,0.1220172717799503,0.015387407496453894,9.999000099990002e-05,7.929683529085053,16,6.217237718996488e-07,2.7626580293813707,0.16057723136678917,0.07996648458287914,0.018345569745630178,0.04393389065115441,0.016853973238477916,0.07248956415814774,0.0015998400159984002,True,0.04396219030373053,0.014550763806126858,0.0015998400159984002,3.021297774431571,16,0.008110847812070974,0.8154807474506861,0.04396219030373055,0.053909537951892614,0.012367696211856344,0.010875380685113067,1.6257120795701019,0.10388961103889612,-0.0017361305510132513,0.02398011807655781,False,-0.0026859298073859486,-2.9422376465690085,0.008711958238297233,0.0183981601839816,True,-0.003618670483249005,-0.5218031061420015,0.678032196780322,-0.017167724653736144,0.00980183501011638,False,-0.0012272272182420308,-1.0397184747409967,0.31223603085281604,0.2716728327167283,False,0.057273141069764305,9.233370860634581,9.999000099990002e-05,0.045237851515188915,0.06887144131176452,True,-0.0017076977480379434,-1.6314727087824847,0.12016249836511848,0.10788921107889211,False,-0.0003576216281459295,-0.06939295746661836,0.5186481351864813,-0.010157437139306006,0.009181909997201977,False,0.0002885901021595421,0.25972283014148584,0.7980249864391163,0.7764223577642235,False
352,352_17Networks_RH_ContC_pCun_2,0.04676520730169758,0.021755022165382443,0.07423131560712945,0.004899510048995101,True,0.046799343702655365,0.013656324204463723,0.004899510048995101,3.4269356088777148,16,0.0034579027310370943,0.9974622208411372,0.06288184420004345,0.0922719765918567,0.0211686432255081,0.024322230783425318,0.0034293447780048662,0.04515173793178532,0.0230976902309769,True,0.024327028594556,0.01113263618082413,0.0230976902309769,2.1851992824897217,16,0.044092647720018245,0.7035024536274449,0.03537197639570869,0.07181183209580404,0.01647476416084844,0.1023098560047004,0.07997419701083615,0.1260124034949132,9.999000099990002e-05,True,0.10266908435497898,0.012095971796114244,9.999000099990002e-05,8.487873986938428,16,2.5514763537414674e-07,1.9563744178647098,0.1404680667348254,0.09230611297538072,0.02117647464898595,0.04092423860817499,0.01285337087513355,0.06883757432901799,0.0025997400259974,True,0.040947108140574694,0.014515095837084251,0.0025997400259974,2.8210015696871915,16,0.0122965558109319,0.7571242456058568,0.040947108140574784,0.054082415638147335,0.012407357073118316,0.0007228713866535156,0.14726403088372253,0.46825317468253175,-0.008904724846770521,0.009589153375475723,False,-0.0027263468628086276,-2.545271507459508,0.02029941110039161,0.007899210078992101,True,0.004857394214294765,0.6697407905975592,0.25347465253474655,-0.0085479215933582,0.019148575391705634,False,0.0005075339939506995,0.386127675316967,0.7039281482892883,0.6325367463253675,False,0.04519088681577435,7.219370370994936,9.999000099990002e-05,0.03337620756997906,0.057206716574700375,True,-0.0022701341271015784,-2.023829423556931,0.058091427137355864,0.013598640135986401,True,0.004203674808548036,0.6158052241089426,0.3063693630636936,-0.00885384089427609,0.016923118215711824,False,-0.00032452198150742235,-0.2451983849761746,0.8090765531482066,0.7232276772322768,False
353,353_17Networks_RH_ContC_pCun_3,0.14800215441910133,0.11429142060459303,0.1881566793989342,9.999000099990002e-05,True,0.1490972276921201,0.01946305458888204,9.999000099990002e-05,7.660525587658245,16,9.688065215026132e-07,1.8629112230127851,0.19599255729694215,0.13418818155439663,0.03078488014805808,0.08869398908455217,0.0651571833888813,0.11189714208016666,9.999000099990002e-05,True,0.08892766711328563,0.0123881394890872,9.999000099990002e-05,7.1784521954747635,16,2.195677623125962e-06,1.48014055685358,0.12383203753351817,0.10718024067636457,0.024588833571191612,0.17142954708934055,0.14098490326384827,0.20645438766378035,9.999000099990002e-05,True,0.17313912356047123,0.017139531194929968,9.999000099990002e-05,10.101742083335827,16,2.3855415625963027e-08,1.9967604383527213,0.218618123759547,0.13902532321095815,0.03189459655103401,0.04201651935037848,0.004421363033872646,0.07932650300590201,0.014598540145985401,True,0.04204127072473582,0.019734969411967576,0.014598540145985401,2.1302931789314745,16,0.04901391526391003,0.5439445004605564,0.04204127072473564,0.07728963283779794,0.017731457838069682,0.00998416284287887,2.3868735580240568,0.2176782321767823,0.0024189666859752612,0.01831863463111392,False,-0.0016781442739145886,-1.0949599308803466,0.2879699196494665,0.0795920407959204,False,0.007610725866280289,1.2994499408997642,0.23647635236476353,-0.004005616245033765,0.01857300593539494,False,5.964864953432157e-05,0.04464295767425293,0.9648834373229856,0.9545045495450455,False,0.05908129200878533,7.346100550953792,9.999000099990002e-05,0.04394096752788014,0.07433155146159093,True,0.0013327428814299085,1.2697479563283396,0.220345110454032,0.24917508249175083,False,0.008781057144322469,1.9761924957167805,0.25817418258174185,-0.0001384371455195465,0.01683410748646458,False,0.001667861962343776,1.4599929933977016,0.161525840572848,0.061693830616938304,False
354,354_17Networks_RH_ContC_pCun_4,0.0889777248560786,0.06230619020731612,0.11601120225159184,0.00039996000399960006,True,0.08921365988727784,0.013948444532679795,0.00039996000399960006,6.395957605040421,16,8.857617968981884e-06,1.243027363678501,0.12052324923674072,0.13016310514007665,0.02986146428858177,0.06851274072937331,0.04778040126724154,0.09045347723919177,0.0005999400059994001,True,0.06862024316390321,0.01118950810114213,0.0005999400059994001,6.132552257314962,16,1.4434701894242166e-05,1.2841205809270082,0.09435164580527913,0.09867505221745221,0.0226376095191828,0.10787360988166607,0.07912128532166436,0.13442210276321248,9.999000099990002e-05,True,0.10829498739824953,0.014453863646800201,9.999000099990002e-05,7.492459458909033,16,1.2841028005492527e-06,2.253094224419537,0.1397343990757436,0.07999319681338043,0.018351697951593953,0.02625069831038832,0.0031046618502598303,0.04903668848516901,0.024797520247975203,True,0.026256730582752408,0.011903943057531964,0.024797520247975203,2.20571708515852,16,0.04237379847086765,0.4796399366729099,0.026256730582752384,0.05474258620932594,0.012558810589185003,0.0217658863855241,3.8391573859137393,0.010698930106989302,0.010748430358720104,0.032284528855406454,True,-0.0038926832115180887,-2.334068043047496,0.0313822282663484,0.0004999500049995,True,-0.0009927912825951235,-0.22492325649887113,0.5558444155584441,-0.009750017617124582,0.00690739384982475,False,7.144031413716788e-05,0.049802087230644214,0.960828575018586,0.942005799420058,False,0.04730361015539895,7.181494284765128,9.999000099990002e-05,0.0346929047338894,0.059842628520954115,True,0.0008486511290682672,0.8022199776964007,0.43289018651839967,0.40505949405059494,False,0.015422845157234749,2.6820066678598846,0.05419458054194581,0.004157054521952957,0.026393975164483427,False,0.0008171633153897101,0.7039650385317695,0.4904621303754151,0.41745825417458254,False
355,355_17Networks_RH_ContC_pCun_5,0.1374876700919314,0.10959659213181992,0.16718599691103636,9.999000099990002e-05,True,0.13836393346890796,0.014955893141361282,9.999000099990002e-05,9.251465770790745,16,8.018010866976007e-08,1.8038160918594255,0.18738270174546046,0.13209155471036402,0.030303880961981618,0.024950393727104666,0.0071764476552519845,0.04367150412570906,0.0644935506449355,False,0.024955573052680913,0.00952513944989525,0.0644935506449355,2.6199693121506336,16,0.018571368576208332,0.575404979892677,0.03282809620353372,0.08867700083537519,0.020343899224088018,0.14335570919267174,0.1256677936618166,0.16129985494426155,9.999000099990002e-05,True,0.1443500264114779,0.009453847654464527,9.999000099990002e-05,15.268918189443152,16,5.851725020084961e-11,2.8142881283409142,0.18431836599982113,0.08666173297361361,0.019881565068636226,0.02360884358942093,-0.007836870802135047,0.055398634978228285,0.053594640535946404,False,0.023613231402953735,0.01685776661103368,0.053594640535946404,1.4007330833195002,16,0.18038940573118586,0.36577385433164933,0.023613231402953745,0.06455691439755962,0.014810371892935173,0.018502010167479765,3.9143856262194734,0.059394060593940604,0.009505047846158245,0.027551847695103614,False,-0.0003466303183867335,-0.28995791232395113,0.7751622167173835,0.7459254074592541,False,0.002185069219349262,0.3584030882365948,0.38666133386661333,-0.00950737789070615,0.013714502246161147,False,-0.0005814904026638961,-0.5404309434726707,0.5955244141731049,0.5597440255974403,False,0.06331134628296162,12.252374270326149,9.999000099990002e-05,0.053259464868895975,0.07282463993464698,True,-0.0032823585933310297,-2.062663396831899,0.053878312176469635,0.0040995900409959,True,0.004988642457841038,1.2528679596218126,0.3227677232276772,-0.0028687545874986832,0.012217882103882322,False,0.00250045061012,2.955902843520924,0.008457723860487433,0.006999300069993001,False
356,356_17Networks_RH_ContC_Cingp_1,0.0571106916214536,0.032176124867820045,0.08315795734430628,0.0005999400059994001,True,0.05717290475261294,0.013335336953293215,0.0005999400059994001,4.287323593911428,16,0.000565405268833968,1.4120204439809765,0.07338510087168441,0.07986320309162058,0.01832187534651785,0.03574119812836539,0.012132522109925208,0.059710691775951064,0.0044995500449955,True,0.03575642880199109,0.012674806370350993,0.0044995500449955,2.8210631197990383,16,0.012294992508129952,1.0186906583359945,0.04705481540485642,0.08042574406872482,0.018450931097612484,0.11584810652511471,0.08977921644685848,0.14251240148454564,9.999000099990002e-05,True,0.11637057766932059,0.013847048847710602,9.999000099990002e-05,8.403998494492251,16,2.909673074367065e-07,2.2824626258162715,0.14949281494916503,0.08442204949711914,0.019367746440238476,0.021470092938602116,0.002728005016079131,0.04012290268945256,0.0282971702829717,True,0.021473392837681696,0.009760792911497661,0.0282971702829717,2.1999639816543244,16,0.04284939325019728,0.47261750374922984,0.02147339283768171,0.04543503502797782,0.010423511904378211,-0.0008837416940144475,-0.16411632531781384,0.53994600539946,-0.011147685431384665,0.009767367154310366,False,-0.0008351539834950345,-0.5394740636201484,0.5961707793391297,0.4874512548745126,False,-0.00199555717176231,-0.3355976734668866,0.5949405059494051,-0.012647115938580632,0.00956639053580621,False,-0.0008863109340576154,-0.7427352110960768,0.46722532447182424,0.41615838416158385,False,0.051996641797911226,6.970069542507114,9.999000099990002e-05,0.03785230050047266,0.06654451778144463,True,-0.003251772396178048,-2.810047776352682,0.011584489105179879,0.004399560043995601,True,-0.007823595177828895,-1.182980978716162,0.7961203879612039,-0.019859638521335224,0.005539970250786848,False,0.0012940141562177091,1.3084727734972057,0.20717505778456163,0.23447655234476553,False
357,357_17Networks_RH_ContC_Cingp_2,0.03531557386095738,0.019480808918578108,0.050609508927240844,0.00019998000199980003,True,0.035330266597966356,0.008125864170037153,0.00019998000199980003,4.34787806670965,16,0.0004984115164039168,1.3961456008826683,0.05254464096538471,0.05327586356385269,0.012222321337089186,0.03733175558331672,0.01988018876048235,0.05622240485286395,0.0033996600339966003,True,0.037349112690757115,0.009608780361340852,0.0033996600339966003,3.8869774608465772,16,0.0013092043466696407,1.0943182184195122,0.051888377826139184,0.06925271999861958,0.01588766358101584,0.06450168394255651,0.04941768755534066,0.07892543871060026,0.00029997000299970003,True,0.06459136028732479,0.007794314101422263,0.00029997000299970003,8.286984518052526,16,3.499960498327661e-07,1.867907256349513,0.08830283452207391,0.06480921458635532,0.01486825352590342,0.014929864857755068,0.0013293864868071828,0.028199047011391632,0.0115988401159884,True,0.01493097429939822,0.006963869531382337,0.0115988401159884,2.1440628995291364,16,0.047734343824363826,0.5714473325785029,0.014930974299398264,0.026128347177728866,0.005994253942603489,-0.004771661724861258,-0.9002929597587237,0.7596240375962404,-0.015012621001001472,0.004929060971897169,False,-0.0010579462755761278,-1.1693674715837907,0.2575081384154277,0.2121787821217878,False,0.00524562712633814,0.9073175338441428,0.20757924207579243,-0.0052698940246549445,0.01636741498836979,False,-0.0006116179275870293,-0.867754477563451,0.3969504676849707,0.5209479052094791,False,0.011397886558817405,1.942311417689371,0.05699430056994301,-0.0001544472344822268,0.02200850935382404,False,0.0015528154099320277,1.494456174472799,0.15238087893671778,0.10078992100789921,False,0.0020881448368600185,0.48285997683926757,0.37976202379762025,-0.006368002522581547,0.01014378161696463,False,0.0005049067368726635,0.408203952673847,0.6879387842565629,0.5771422857714229,False
358,358_17Networks_RH_DefaultA_Temp_1,0.10168894659284777,0.07797047522110541,0.12805008845804616,9.999000099990002e-05,True,0.10204164714198866,0.013207044461064845,9.999000099990002e-05,7.726304506872335,16,8.685255485067478e-07,1.5514283746477122,0.13592288436807812,0.1158366102474644,0.026574740949000277,0.05525995044640529,0.04201910255981838,0.06908498207267105,9.999000099990002e-05,True,0.05531630213577753,0.007136451983787809,9.999000099990002e-05,7.751233002259665,16,8.334170699834344e-07,1.243850672376138,0.08005465522126373,0.0829341900810505,0.019026408080404865,0.04098702260008444,0.024279061384897792,0.057807987208415186,0.00019998000199980003,True,0.0410099976210352,0.008839908267655482,0.00019998000199980003,4.639188143058847,16,0.0002728596447572757,1.4418738834787888,0.05717394928703025,0.05463832394804331,0.012534891185997845,0.025879500614439388,0.0035980581140929242,0.04915670859271709,0.0064993500649935,True,0.025885280523290036,0.01197871525953782,0.0064993500649935,2.1609396302061183,16,0.04620799563357754,0.6374369281717814,0.025885280523289953,0.040608379243937176,0.009316201125541934,0.006554405267257623,1.268420368457179,0.23797620237976203,-0.003071406650006058,0.016589957886865916,False,0.0006684735259803761,0.7053762001494863,0.489604673083968,0.47605239476052397,False,-0.002308310588177067,-0.7046373390352241,0.6401359864013598,-0.008642616271147636,0.00363462090640257,False,0.0004492771986561322,0.5781233677876471,0.5703436478030941,0.5363463653634637,False,0.02618242872815613,5.046383838250911,0.00019998000199980003,0.016533183840417826,0.03613342159431677,True,-0.0005206091692539932,-0.48333300261791234,0.6346862641988094,0.6354364563543645,False,0.0063645014394537805,1.3805249117390266,0.2268773122687731,-0.002238133257038098,0.015515027117236332,False,-0.0006475026764767364,-0.7585821038419128,0.45792118103444734,0.5268473152684732,False
359,359_17Networks_RH_DefaultA_IPL_1,0.2125571498772264,0.19911495767797735,0.23313631557904155,9.999000099990002e-05,True,0.21584797941326725,0.009038501426929758,9.999000099990002e-05,23.880947650255283,16,6.115542662001692e-14,2.465928372887513,0.26825167457088217,0.13669941268898045,0.03136099608171723,0.15077356357392654,0.12701755013247368,0.1776862625779872,9.999000099990002e-05,True,0.15193189943779728,0.013452318248364712,9.999000099990002e-05,11.294105345468346,16,4.926594042526303e-09,1.8961862246521455,0.19894471090145718,0.13290177045787346,0.030489757202289983,0.12659540351618795,0.10528096147829764,0.15061605710756815,9.999000099990002e-05,True,0.12727827135311695,0.011968998866495396,9.999000099990002e-05,10.633994770390089,16,1.1601570402304726e-08,2.503471207166184,0.16344592918041487,0.0856330379995781,0.01964556625623891,0.10489061961591238,0.0804798980092924,0.1309822621637688,9.999000099990002e-05,True,0.10527784937613449,0.013281469702222791,9.999000099990002e-05,7.926671651294371,16,6.247851783382868e-07,1.6628349204722939,0.10527784937613482,0.06331226754982541,0.014524830322952549,-0.0022006521443992014,-0.6280104405168265,0.5758424157584242,-0.00897529690014586,0.004242146060744663,False,0.0002345028676369799,0.1609476203694866,0.873927278369775,0.7693230676932307,False,-0.0005945354738210627,-0.1919333215947078,0.5237476252374762,-0.006669778331172043,0.005011693494346472,False,0.0005989613799227352,0.5912093227623678,0.5617317834725946,0.43075692430756923,False,0.04104791780661255,10.017073339662637,9.999000099990002e-05,0.03319178143248255,0.048942903322627414,True,-0.0021639980785443233,-1.8358905908295375,0.08294967087357802,0.0122987701229877,True,0.001509650292717226,0.6765147495694873,0.44995500449955006,-0.002665583551231062,0.005893710980895206,False,0.002957715353148655,2.470360000170764,0.023723032311935677,0.00019998000199980003,False
360,360_17Networks_RH_DefaultA_IPL_2,0.12835810509765797,0.10791355821048586,0.14901994729736656,9.999000099990002e-05,True,0.12907009107828418,0.010835538689276149,9.999000099990002e-05,11.911737365307358,16,2.289550140382213e-09,1.7868845508394162,0.1736375507979584,0.12212350581466258,0.02801705370931663,0.09419045572392144,0.06398167015037334,0.12377116500021246,0.00019998000199980003,True,0.09447049553573349,0.015708078538223574,0.00019998000199980003,6.014134402616578,16,1.803412956008645e-05,1.638337523238391,0.12685711992146578,0.10220866246558442,0.023448275307470588,0.12175028778331061,0.09394283731854468,0.1549263185523226,9.999000099990002e-05,True,0.12235726896841323,0.016117270237774296,9.999000099990002e-05,7.591686877697354,16,1.0868294572223194e-06,2.4281612953635054,0.15628090450035986,0.08056873098806154,0.018483734546646008,0.06497888715757999,0.028810703315828995,0.10052518873501574,0.0015998400159984002,True,0.06507057203398058,0.01896610145993025,0.0015998400159984002,3.4308881122172323,16,0.0034291732750431573,0.7434008509945302,0.06507057203398063,0.08753093562770135,0.020080973833406006,0.006476279661478898,1.3756303859100374,0.2716728327167283,-0.002593457240151221,0.01540928418270608,False,6.998570711055525e-05,0.0490530421247599,0.96141722793698,0.9362063793620637,False,0.005836454891325934,1.2188766413457943,0.26877312268773124,-0.0034257992669144304,0.015179499917166744,False,0.0007691845502342888,0.7115525204146081,0.48586210587999745,0.38176182381761825,False,0.044530370302724276,7.689253703266339,9.999000099990002e-05,0.03367309043142053,0.05551583068431454,True,-0.0023758828448047333,-3.2225497225261175,0.004722374378405489,0.016798320167983202,True,0.006490786542010101,1.5603596780353768,0.2665733426657334,-0.0015270528945378222,0.014114598884985015,False,0.002593214421286139,2.429759052144088,0.025798662422078743,0.004899510048995101,False
361,361_17Networks_RH_DefaultA_PFCd_1,0.043119503404060344,0.025759207742375154,0.061497787612619606,0.00029997000299970003,True,0.04314625716601689,0.009389275135080775,0.00029997000299970003,4.595270299920304,16,0.0002986579016164157,1.3941624165007487,0.06118318804272922,0.058280581529298305,0.013370482381947076,0.012355918229397349,-0.0031723412937104283,0.02529621939390433,0.0324967503249675,True,0.012356547074388772,0.0075103659766316685,0.0324967503249675,1.6452656385635376,16,0.11941478733308983,0.6346819974228565,0.018123165136276754,0.04025564572842707,0.00923527850722044,0.08444896246037728,0.06645196408933683,0.10263260732173746,9.999000099990002e-05,True,0.08465057871823749,0.00951977558113391,9.999000099990002e-05,8.892077129002516,16,1.3708674776399235e-07,3.2633506558515615,0.11347445817145972,0.047324494311556844,0.010856983592539038,0.03420566467608163,0.013070277509720271,0.05507005983258058,0.00019998000199980003,True,0.0342190145719119,0.011038617308315974,0.00019998000199980003,3.0999366692541197,16,0.006880792928986782,1.2889727469218581,0.034219014571911864,0.026547508202658956,0.006090416076747762,0.022213627374908243,4.32258020479387,0.00019998000199980003,0.012186122893561862,0.03164527030350559,True,0.00015722914056205778,0.17131969754364915,0.8658836208476849,0.8613138686131386,False,-0.0015465448738577606,-0.34680570449329035,0.6265373462653735,-0.010199809971028286,0.00710219857493822,False,0.0003627926304867397,0.49622823562979373,0.6257384473489491,0.6873312668733127,False,0.03060299665231223,8.279753326210983,9.999000099990002e-05,0.023581347669772115,0.03743252606535008,True,-0.00039176304112797304,-0.4102192923982208,0.6864864900840051,0.6083391660833917,False,0.014224143409125641,2.5940294908713493,0.009599040095990401,0.004019805675711804,0.02461127863207621,True,-0.0008835276835567853,-1.011371367958119,0.3252416633759194,0.28877112288771123,False
362,362_17Networks_RH_DefaultA_PFCd_2,0.025596372231770987,0.00690332135191115,0.04523966355300256,0.030896910308969103,True,0.025601964458441512,0.010169639923855589,0.030896910308969103,2.5174897685792503,16,0.022854976416554377,0.6355134592945608,0.0379535710725327,0.08052836617773897,0.018474474224063307,0.041092696251806705,0.02177288217033944,0.061683166966291746,0.0017998200179982,True,0.04111584955610184,0.010544762641547417,0.0017998200179982,3.89917259911582,16,0.001275994340880511,1.0810911067835633,0.058289365589387826,0.07450232593180672,0.017092005778709222,0.10828849134495395,0.09229637144453873,0.1248184347392885,9.999000099990002e-05,True,0.10871477259427866,0.008508040360841672,9.999000099990002e-05,12.777886326755024,16,8.239030731279345e-10,1.9326401209584838,0.14400120525151391,0.0927334129230294,0.021274503980058625,0.030910236164200536,0.014831356253510055,0.047198306583964775,0.00029997000299970003,True,0.030920086131294877,0.008460358317876324,0.00029997000299970003,3.6547017241530115,16,0.0021373832234984984,1.0909300534854636,0.030920086131294967,0.028342867659119697,0.006502299784013156,0.010220700900060987,1.9258995140547488,0.0674932506749325,-0.00011466516996803146,0.020132518758458704,False,0.00017965976402888956,0.19157414050322105,0.8502202709166403,0.8499150084991501,False,0.008996708106842236,1.701514082015527,0.101989801019898,-0.0011487181030064486,0.01889980306003646,False,-0.0009064805093126159,-0.8628266416962089,0.3995833055750002,0.33036696330366966,False,0.025096798278980637,5.338348003263972,0.0007999200079992001,0.01601463684146203,0.03382758498796403,True,-0.0008697692487437304,-0.8533865279329634,0.4046587058168861,0.26947305269473054,False,0.007703467572197322,1.860083535292017,0.1274872512748725,-0.00043406900059039685,0.015453001122885054,False,0.0007802740704585205,0.7498177638878591,0.46305296573154864,0.43585641435856415,False
363,363_17Networks_RH_DefaultA_PCC_1,0.06182241784947427,0.04192961321878508,0.08298850477361344,0.000999900009999,True,0.06190136095578284,0.010768730002640595,0.000999900009999,5.748250809575877,16,2.9935021088342864e-05,1.1087146441432028,0.08944114826228769,0.10892373819178149,0.024988819333192483,0.05456043827974862,0.03807260134669134,0.07182582118896338,0.00029997000299970003,True,0.05461467444184549,0.00895371612359181,0.00029997000299970003,6.099665623521762,16,1.5352410089481217e-05,1.5432692082524997,0.08196447649550376,0.07022263301949437,0.01611017688849044,0.1212647556546034,0.10135756424780348,0.14218375068174677,9.999000099990002e-05,True,0.12186446097385543,0.010878102386785946,9.999000099990002e-05,11.202731564825955,16,5.533557254503227e-09,2.2511116846163506,0.1584788587278984,0.09328283330590022,0.021400549660398376,0.031236895138047192,0.005766153747196927,0.05741849641162266,0.006799320067993201,True,0.031247060823863984,0.013554894351279075,0.006799320067993201,2.305223487110059,16,0.03488528785672003,0.606411783356157,0.0312470608238639,0.0515277929642604,0.011821286437626167,-0.0018942283720552947,-0.36204620695702067,0.5832416758324167,-0.0121301919127931,0.008023940454246663,False,-0.000738605554910287,-0.7218250045959068,0.4796747957007659,0.38006199380061995,False,0.008841568501922435,1.8449016555419517,0.12958704129587043,-0.0005637419366909338,0.017883155992478774,False,-0.0009094747730849497,-0.7698883108779514,0.45135244919011924,0.31186881311868814,False,0.053802105035028115,7.9688361362690925,9.999000099990002e-05,0.04030373943561554,0.06607624945144108,True,-0.0002190698598225736,-0.2673190684985355,0.7922623354166886,0.8243175682431757,False,-0.0012019195997168396,-0.23057682762214388,0.5431456854314568,-0.011252019311207543,0.008752730212476752,False,0.0002305423668361405,0.188788254942149,0.8523710332785617,0.781921807819218,False
364,364_17Networks_RH_DefaultA_PCC_2,0.07720135555612602,0.041746051040829,0.1156269639184066,0.0005999400059994001,True,0.07735528100252745,0.019456794858647434,0.0005999400059994001,3.97574634283341,16,0.0010860281676428264,1.282516212183426,0.1023323292250434,0.11432218917735479,0.02622730892781204,0.07261422529475958,0.04412999714603539,0.1007824049780797,0.0029997000299970002,True,0.07274225798074037,0.014980729005301646,0.0029997000299970002,4.855722171797984,16,0.0001752723589424685,1.0278931755477696,0.09593114606205326,0.12940714275055468,0.029688034622211045,0.15114836856432712,0.12151855328165845,0.18452722602193175,9.999000099990002e-05,True,0.15231544513786688,0.016454975271290556,9.999000099990002e-05,9.256497966521758,16,7.958851123312342e-08,1.7980787170282218,0.19226567524476526,0.13552617775571207,0.031091837528498888,0.034992703948881466,-0.009096735146801814,0.08111855993949131,0.006299370062993701,True,0.03500699718236611,0.023558547315678854,0.006299370062993701,1.485957377306877,16,0.15672805821266572,0.6495338016728133,0.035006997182366086,0.053895574167516565,0.012364492700016102,-0.01229710133137342,-2.160043162954874,0.8548145185481452,-0.02324221743504345,-0.0013267175194211465,False,-0.0024783326939056905,-1.9030353380149783,0.07315474417464385,0.026097390260973904,True,0.007891325248918963,1.3189708479199334,0.21247875212478753,-0.0036274242123906365,0.018994346597283697,False,0.0011140761425384575,0.6631231474456396,0.5156547949282614,0.31416858314168583,False,0.05039138370035094,5.630187884460119,9.999000099990002e-05,0.034151963222083824,0.06843963278860242,True,-0.0010180609868332224,-0.8397404888243711,0.4120689843848078,0.39386061393860616,False,0.0010182511409869517,0.247068745676112,0.46265373462653736,-0.006739249067857266,0.009012112211771747,False,0.0020956943204034147,1.2314332738173759,0.23400791903253196,0.058894110588941104,False
365,365_17Networks_RH_DefaultA_PCC_3,0.07555073274340689,0.05566190691202003,0.09806158537117,9.999000099990002e-05,True,0.07569497272753423,0.011151971760619382,9.999000099990002e-05,6.787586478189764,16,4.3612611133899265e-06,1.7108220682698867,0.10601585917714641,0.08110197955935176,0.018606070158963983,0.03464023143194985,0.01810269452374447,0.05181231136873185,0.014898510148985102,True,0.03465409688080914,0.008812346540313579,0.014898510148985102,3.932448267016973,16,0.001189634603754685,0.7002534952588294,0.05326891897819137,0.09734699282795164,0.022332931799716838,0.1251373469777495,0.10312000996787613,0.14721995989337605,9.999000099990002e-05,True,0.12579674366338445,0.011616633720738045,9.999000099990002e-05,10.829018688848885,16,8.97005892670046e-09,2.333452452937515,0.16598635909964612,0.08918889511676666,0.020461335826317584,0.04777868560295152,0.027870674018648844,0.06823705294848396,0.0027997200279972004,True,0.047815091920100555,0.010602970343096126,0.0027997200279972004,4.509594045147379,16,0.00035640066231472286,0.750948430670884,0.04781509192010057,0.06367293673865645,0.014607573509592723,0.007496337606963502,1.8615620786447067,0.1987801219878012,-0.0004574514065582088,0.01501735932926737,False,-0.0012193491063638613,-1.0600429473552964,0.3031428031587379,0.20127987201279873,False,-0.0009990690740016481,-0.17902662967612248,0.555944405559444,-0.012027465053726505,0.00932646204587697,False,0.0002923097263920851,0.2547589617874465,0.8017971574147205,0.75002499750025,False,0.04539935691470539,8.01513269978521,9.999000099990002e-05,0.0344428488089204,0.055897902654025354,True,-0.00026044825108593566,-0.21051409158135412,0.8356311343032155,0.7889211078892111,False,0.020508537039157847,4.503507994290508,0.0100989901009899,0.01186228552519389,0.02941313422503886,True,-0.0010508117491755957,-1.0786104204801898,0.29500400227213774,0.2623737626237376,False
366,366_17Networks_RH_DefaultA_PCC_4,0.07322936989704931,0.051390948700897374,0.10094196231852107,9.999000099990002e-05,True,0.07336069117623688,0.01308164430903344,9.999000099990002e-05,5.607910553383428,16,3.92637216407621e-05,2.208703244144167,0.10180089334731661,0.06352347370207403,0.014573284337368644,0.05814296624860459,0.038137090213405285,0.07860778941332479,9.999000099990002e-05,True,0.05820861892583605,0.010604131827835952,9.999000099990002e-05,5.489239465416475,16,4.9486023403814206e-05,1.9510368170174535,0.08218328502973006,0.05627209008920944,0.012909702844246349,0.09870182225491918,0.0741428786498869,0.1244904111710781,9.999000099990002e-05,True,0.0990242282539657,0.013199527370808558,9.999000099990002e-05,7.5021040884359955,16,1.2633808228386227e-06,2.619593706557802,0.1307064804101996,0.07079583675867576,0.01624167884497209,0.04433515290539379,0.024298493263059284,0.06272352341116566,0.0017998200179982,True,0.044364235689929366,0.010039690668039553,0.0017998200179982,4.418884720338934,16,0.00043005088783685646,0.7902650001007663,0.044364235689929324,0.056138429114629296,0.01287903891367319,0.008022742411826198,2.356856740272364,0.16418358164183583,0.0016878384043437305,0.0145599339280038,False,-0.00043256153946968115,-0.37995588003567277,0.7084241705762511,0.6177382261773823,False,0.012511233635286516,2.6245217165411807,0.0638936106389361,0.0035861460432724886,0.02172799594460871,False,-0.0007303083184038573,-0.70516147875036,0.48973508670446897,0.44895510448955106,False,0.04120546725961885,6.897936815069896,9.999000099990002e-05,0.0288674966341548,0.05178974046781811,True,0.000438815588850391,0.3015264413114252,0.7664688478312719,0.6963303669633036,False,0.008452506501981913,1.8198350821673406,0.15878412158784122,-0.0006934299098444736,0.017477058731385546,False,-0.0011989193192410048,-1.1610917354998187,0.26077163997459235,0.1272872712728727,False
367,367_17Networks_RH_DefaultA_PCC_5,0.06290545040769151,0.03825654427551995,0.08793747456463935,0.009099090090990901,True,0.06298862226415662,0.013231813222480713,0.009099090090990901,4.7603923366405745,16,0.0002128553955248972,0.8134585506178246,0.09325103638320362,0.1528043223705146,0.0350557157552255,0.015773359804519594,-0.006752410903180766,0.03759756739393692,0.0888911108889111,False,0.015774668131246505,0.011918769180353925,0.0888911108889111,1.323514860682794,16,0.2042653534367202,0.533508114375519,0.019680310352616335,0.060566988595848685,0.01389502013704657,0.1440185418697874,0.113797494509228,0.17652284751434708,9.999000099990002e-05,True,0.14502683244611494,0.016372269692052455,9.999000099990002e-05,8.858077418338333,16,1.443331709399455e-07,2.383578553880623,0.18417941389524337,0.10097567662337822,0.023165408955628842,0.007072289241960593,-0.015172274221033797,0.03024638035627599,0.27177282271772824,False,0.007072407157711561,0.012205080834023028,0.27177282271772824,0.5794641800320105,16,0.5703456794770241,0.14078374410214908,0.007072407157711532,0.050235964406373554,0.011524920640983607,-0.006572713670738411,-1.030819705265208,0.7378262173782622,-0.018510304660790088,0.005857993498466371,False,-0.001651500504920237,-1.3933730408612746,0.18047563478738737,0.08919108089191082,False,-0.011887233282002505,-2.3163815427977608,0.9472052794720528,-0.021278514923111346,-0.0017670386350731925,False,-0.0017879268582608552,-1.344173673553914,0.19558985690613004,0.06999300069993,False,0.031709170786555496,5.49284448057166,0.0010998900109989002,0.02009989753304212,0.04195237516027786,True,-0.00020947669118626453,-0.19669948265731546,0.8462665688011227,0.8191180881911809,False,0.008162547508350661,1.943104201502353,0.20477952204779523,4.7672916115201894e-05,0.015924946230635458,False,0.0024169173763120746,2.511918471719581,0.021761764905180267,0.006799320067993201,False
368,368_17Networks_RH_DefaultA_PFCm_1,0.027434250372675207,0.0030564878857345305,0.05136130226455484,0.0025997400259974,True,0.027441136169749816,0.012595161374384838,0.0025997400259974,2.1787046115627935,16,0.04465001653506472,1.0990461502268287,0.03826993937165992,0.0487435033335486,0.011182526588688225,0.023109259885495496,0.006300504491662213,0.03983578160017751,0.0385961403859614,True,0.02311337494428287,0.008758534944466694,0.0385961403859614,2.6389544702205034,16,0.017867086550700177,0.5931278092766076,0.033425762290509115,0.0754440446208082,0.01730805086284612,0.07998670889921473,0.057547837518755925,0.10429923249727818,9.999000099990002e-05,True,0.08015794834016339,0.012293080567878763,9.999000099990002e-05,6.520574553917128,16,7.053661123280208e-06,3.0659214860183384,0.1059238074058841,0.04631306512893606,0.010624945824349988,0.003948654422920121,-0.017153678117020642,0.029611897343365043,0.23127687231276872,False,0.003948674945416563,0.012387803327981894,0.23127687231276872,0.3187550561524652,16,0.7540356169109378,0.17546114707537952,0.003948674945416571,0.02250455449103032,0.005162898883989767,0.012446941962557646,2.4035709437109345,0.0282971702829717,0.002155018996206514,0.021810654853267282,True,0.0008078364858544518,1.0574151008062525,0.30430765163202317,0.42425757424257576,False,0.007593437238079788,1.071987306618984,0.1080891910808919,-0.005522191947058618,0.02159258508008739,False,-0.0004276982359091065,-0.5541515884171206,0.5862945903312822,0.6348365163483651,False,0.020763741482481054,5.247905857137174,0.0012998700129987,0.012799239202694681,0.028161290180906514,True,-0.0013721017527248065,-1.4116005955009243,0.17512051506377124,0.11768823117688232,False,0.016461093400166632,4.099160084190144,0.0059994000599940004,0.008697401276245792,0.02419249623293362,True,-0.001849365924055831,-2.63329857894807,0.016873568452867253,0.0287971202879712,True
369,369_17Networks_RH_DefaultA_PFCm_2,0.04285535691116298,0.023762716913751994,0.06121074796450266,0.000999900009999,True,0.04288162164652477,0.009760541607653724,0.000999900009999,4.393364976068456,16,0.0004534461190449269,1.086539375183591,0.06272055353309058,0.07619088023002694,0.017479386702215705,0.04458478405783791,0.019920480325725434,0.07077382572106798,0.0004999500049995,True,0.04461436126410308,0.013369066640036911,0.0004999500049995,3.3371335834690625,16,0.004179131395484056,1.1875169473720002,0.06586511316387134,0.07473378464651806,0.01714510604960546,0.09138826141772766,0.04990662861269349,0.13565952354600103,0.00029997000299970003,True,0.09164396325418098,0.022677775943323052,0.00029997000299970003,4.041135404248643,16,0.0009465621878077648,1.7077753314055502,0.11675269825191407,0.09395945439742837,0.02155577718466361,0.02079211374966683,-0.0013774753286929086,0.043139483203530886,0.0105989401059894,True,0.020795110753809187,0.011894146436286666,0.0105989401059894,1.7483483043699088,16,0.09956111077816229,0.6015039545713867,0.020795110753809132,0.034571860410505785,0.007931328727346804,0.02710631052083776,3.8716768439604543,0.00029997000299970003,0.013969932190229914,0.04080284887721746,True,0.0011264240074501095,1.075489253968924,0.2963609150953256,0.32116788321167883,False,0.0182647681435464,2.4664182752189148,0.022897710228977103,0.004073481772400425,0.03275059504021962,True,-0.0027030043195976038,-2.2151477134485877,0.03988475921918655,0.0226977302269773,True,0.013351262543784694,2.381689055519912,0.1024897510248975,0.0026957498267108615,0.024144022790198838,False,0.0002444330604353206,0.18801939692653336,0.8529648184655271,0.8349165083491651,False,0.013530431594915392,2.106738034076285,0.058194180581941805,0.0011708332938569059,0.02609612528395468,False,0.0006164659662224502,0.7467541183621922,0.4648549996078827,0.547045295470453,False
370,370_17Networks_RH_DefaultA_PFCm_3,0.031971611061029685,0.0138736607254213,0.05004318030440444,9.999000099990002e-05,True,0.03198251136925826,0.009492484924168793,9.999000099990002e-05,3.3692454214836483,16,0.0039055181277187234,1.996381772123733,0.04697314816255055,0.03140230636653656,0.007204183160307199,0.0214338388663803,0.00939792024266101,0.034126809813907664,0.009499050094990502,True,0.021437122074127797,0.006526456008755012,0.009499050094990502,3.284649746412241,16,0.004667808487086591,0.8337015787102654,0.032224424388898776,0.05478548182513497,0.012568651518365661,0.07878499815485551,0.059888918679808424,0.10080864699320782,9.999000099990002e-05,True,0.07894861609723361,0.010854728634266637,9.999000099990002e-05,7.273200349569818,16,1.864965460369101e-06,3.00770074179346,0.10613973059595996,0.04701839047006606,0.010786758555102832,-0.0017058970262684144,-0.017948679917107812,0.017570126870321567,0.6071392860713929,False,-0.001705898681039562,0.009482181639872399,0.6071392860713929,-0.1799057164087946,16,0.859485346950129,-0.06128885470656567,-0.001705898681039581,0.027833750348361715,0.0063855002625394066,0.011787763139402945,2.800745160506894,0.0327967203279672,0.003790122056586861,0.01971088719163245,True,-0.0004003249876415865,-0.5736756915526311,0.5732861440554886,0.6563343665633437,False,0.003427181530321573,0.5845569332085768,0.2770722927707229,-0.006900719494719224,0.015276759889381562,False,0.0001731201579100202,0.21276013511565867,0.8339049955821346,0.8182181781821818,False,0.030221739669341708,7.318258904110346,9.999000099990002e-05,0.022550706286405903,0.03820328748894744,True,-0.00029586172760512596,-0.35186312385328755,0.729026558633385,0.7419258074192581,False,0.015285367930724547,3.3560878855162444,0.009099090090990901,0.006543334979292403,0.02364724666257701,True,-0.0013356975692100992,-1.3255420876549704,0.2015701245290623,0.1663833616638336,False
371,371_17Networks_RH_DefaultA_PFCm_4,0.047553274805043,0.02888027732734844,0.06419105949618328,0.0005999400059994001,True,0.04758916781133392,0.009431827909571863,0.0005999400059994001,5.04559331103128,16,0.00011938440119543724,1.1111900870638634,0.06866164491182625,0.08326675607368154,0.019102703951664707,0.041496251823105804,0.027049535034432852,0.0546933740236581,0.0004999500049995,True,0.0415200944649201,0.0072515599583885025,0.0004999500049995,5.725677606359752,16,3.126462138714908e-05,1.2451719904843956,0.05949967612831993,0.06608123133207841,0.015160074181119127,0.07751254275018986,0.06327064600042265,0.09238084578693612,9.999000099990002e-05,True,0.07766834158424864,0.007713957540172477,9.999000099990002e-05,10.068546680451659,16,2.4975841017251464e-08,1.9994269379121565,0.10708105963478687,0.07150621280596021,0.016404650287183922,0.022734608804736673,0.006322646442848813,0.04006158663454577,0.0124987501249875,True,0.02273852690832165,0.008934344867334321,0.0124987501249875,2.5450693079307993,16,0.02161763876976685,0.5394057200767413,0.022738526908321597,0.04215477526839471,0.009670968704347378,0.005000118891779842,1.2816106255960849,0.23877612238776122,-0.0026096841906542434,0.012170138872395101,False,-0.002129003181742336,-2.390487659647217,0.02796726595759606,0.0105989401059894,True,-0.002084200276026191,-0.6162637412596533,0.6199380061993801,-0.008498951827760634,0.004371431255797091,False,-0.0008031611703227761,-1.0737476686776073,0.2971200280405082,0.3431656834316568,False,0.014595384717877784,3.7929509978627505,0.0086991300869913,0.006951763140235897,0.02155301331765948,True,0.0003969521342551246,0.43838216358320764,0.6663252972781333,0.595040495950405,False,0.007624319053206774,1.6053378861587986,0.1351864813518648,-0.0010995196036186529,0.017261844773464687,False,0.0013724874694865843,1.7909070225828017,0.09014027943275778,0.0654934506549345,False
372,372_17Networks_RH_DefaultA_PFCm_5,0.05678833114404962,0.035080399102377015,0.07878149562016204,0.0030996900309969004,True,0.05684949537593076,0.0113814765777929,0.0030996900309969004,4.994913883744515,16,0.00013221726314778073,1.0280933881850258,0.08123190799714128,0.10779880843727824,0.02473074274801029,0.007123616391536893,-0.009404532913679703,0.02463293060037154,0.28157184281571845,False,0.007123736893339164,0.008952763356187658,0.28157184281571845,0.7957025791836249,16,0.4378513402305656,0.19841046433336812,0.01048809705085346,0.0791692622926281,0.01816267440885427,0.02569049105395279,0.008533274614718976,0.04626542472773495,0.011898810118988102,True,0.025696145212599473,0.010184074377357607,0.011898810118988102,2.5231694369524704,16,0.022594778411446654,0.8168844231218529,0.038141818404548465,0.06509881171444733,0.014934691663571455,0.03480490918433979,0.016786758898671286,0.052896583981943496,0.008999100089991,True,0.034818973418106476,0.009450843323864118,0.008999100089991,3.684218669691184,16,0.002008195061730737,0.6019293703482366,0.03481897341810643,0.057845613012640566,0.01327069376048745,0.004040086915851744,1.04292011696489,0.31656834316568344,-0.003470581353335675,0.01122691844065928,False,-0.00015291302025584365,-0.16324148292052545,0.8721471122404993,0.8678132186781322,False,0.00918238889687299,1.164620891645015,0.11958804119588042,-0.0053455659383717154,0.024310155805675755,False,0.0002497492792098856,0.1828429103336682,0.8569649295573191,0.8466153384661533,False,0.006844698422515464,1.0063096249654337,0.1835816418358164,-0.006482091978218545,0.01962934805197544,False,-0.00044465807792229233,-0.41812336554306645,0.6808028170184228,0.6986301369863014,False,0.00813939409176924,1.5163577954377105,0.1695830416958304,-0.002095388764938263,0.018413782891146552,False,0.001991857925406192,1.8013560171072296,0.0884231076141324,0.041995800419958006,False
373,373_17Networks_RH_DefaultA_PFCm_6,0.021754026471268218,0.00046301384895488737,0.0453926659938788,0.05929407059294071,False,0.021757459054227685,0.011843474957077911,0.05929407059294071,1.837084059626011,16,0.08484365369971436,0.7112502864949612,0.02399554339359793,0.06430271272402129,0.014752054029449251,0.020726543842549346,0.008602289389675553,0.03391796163356046,0.011498850114988501,True,0.020729512577151506,0.006651767860872294,0.011498850114988501,3.116391463251259,16,0.006647602372422656,0.6231225423407453,0.03741391481966409,0.06273403540106544,0.014392174770197228,0.03853555261213875,0.022030855963229987,0.05483879228531315,0.00019998000199980003,True,0.03855464458071498,0.00873326726609072,0.00019998000199980003,4.414687356519347,16,0.0004338125850349519,1.5104324483816294,0.05339287132181076,0.0486243209068767,0.011155184264808816,0.0034876718359081803,-0.008985483417710561,0.016840266347484402,0.28157184281571845,False,0.0034876859771893628,0.0067925210681951615,0.28157184281571845,0.5134597216812274,16,0.6146469199980156,0.13349977543687003,0.003487685977189374,0.026125032538640014,0.005993493512244404,0.016335633238932806,2.263583889899096,0.012698730126987301,0.0033244674646672667,0.03099962715869322,True,-0.0007164169981083696,-0.693038740838111,0.49713079672696003,0.5297470252974702,False,0.006439927952113288,1.114242933776774,0.14278572142785723,-0.0044161273851171514,0.01771968059768673,False,-0.0013492359514367446,-1.2098450225654453,0.24198820648821093,0.1620837916208379,False,0.025707172054465183,6.617997202288565,9.999000099990002e-05,0.018200243418405128,0.033033620909908946,True,-0.0025897723428903417,-2.709065417918265,0.014372162082037405,0.011398860113988602,True,0.011017636435844214,2.054602169546767,0.05469453054694531,0.0005876189531884216,0.02065222886954246,False,0.000709434434904681,0.6756188073341101,0.5078703663491526,0.5074492550744926,False
374,374_17Networks_RH_DefaultB_Temp_1,0.3111713756546044,0.2977093527241095,0.34553731438866225,9.999000099990002e-05,True,0.3218418437310867,0.012692389841219457,9.999000099990002e-05,25.35707205319852,16,2.3978035090741335e-14,2.8580230973728034,0.3749553926725595,0.15598265211463186,0.035784874605954795,0.2506519708819267,0.23248280853012032,0.28068631090115387,0.00019998000199980003,True,0.2561083685312492,0.01269464025562055,0.00019998000199980003,20.174527467830934,16,8.368919556699135e-13,1.6599412826942803,0.3122895811551668,0.2277563474622161,0.05225088959672296,0.09901745636844064,0.07083615941774589,0.12564165151638176,9.999000099990002e-05,True,0.09934297758016852,0.01430378197727381,9.999000099990002e-05,6.945224538377823,16,3.298572446726837e-06,2.4297606890601315,0.13130188100420315,0.06930129686003503,0.01589880787732659,-0.04123005312195015,-0.07106485974663768,-0.008398576477173009,0.9611038896110389,False,-0.041253439539498574,0.016408780853850724,0.9611038896110389,-2.514107532237378,16,0.023011274671090716,-0.42449839909563003,-0.04125343953949847,0.09718161394103421,0.022294991281007977,0.005342196972499724,3.0963487492456325,0.32216778322167783,0.001851629016744896,0.008327124971846647,False,-0.0010061397353919263,-0.6979242926498798,0.49414252510599677,0.22847715228477153,False,0.00615921856947756,3.390760805605298,0.27677232276772323,0.002721567517489797,0.009616026026909082,False,0.001564524598884963,1.4068723963209941,0.17649712599292341,0.016198380161983803,False,0.038765867232607755,5.375496499947449,9.999000099990002e-05,0.025835132353449187,0.05290208449735973,True,-0.0010034975602223857,-1.8550383762815132,0.08004501125440104,0.31366863313668636,False,-0.0006522746543471282,-0.20633770877078447,0.5207479252074793,-0.006641415849438507,0.00545674074053537,False,0.0024102844763446945,2.057050033457609,0.05446971850827731,0.003999600039996,False
375,375_17Networks_RH_DefaultB_Temp_2,0.2172602794837763,0.19863002079111375,0.24317522049249374,9.999000099990002e-05,True,0.2207788561367672,0.011801669579074988,9.999000099990002e-05,18.707425644946063,16,2.6737829237699425e-12,2.0260321714261016,0.26972587587570745,0.1647406780430255,0.037794103551574636,0.16717532689590392,0.1403708194869047,0.19435623748722597,0.00019998000199980003,True,0.1687593573628649,0.013965637149611564,0.00019998000199980003,12.083899614100938,16,1.85979401551117e-09,1.5936664077203713,0.21774565961978243,0.17512575052338636,0.040176602575955594,0.08574357314619434,0.06269043795875334,0.10961388011630052,0.00029997000299970003,True,0.08595463273539329,0.012289006428472643,0.00029997000299970003,6.994433051661792,16,3.025282501076573e-06,1.436726306677105,0.11480473799809027,0.10808825957462007,0.024797147393103236,-0.016531045640185187,-0.037578497488528866,0.0020784485197523476,0.7975202479752025,False,-0.01653255173022812,0.01036683458569787,0.7975202479752025,-1.5947540778779763,16,0.13032753523372195,-0.19996601383081375,-0.016532551730228173,0.08267680799106142,0.01896736057934488,-0.0028138562199328913,-1.2656033886153064,0.6148385161483851,-0.007036966558774886,0.0015532153963509284,False,-0.0005364965259454872,-0.5311444438171592,0.6018119747661517,0.4644535546445355,False,-0.009871820752398347,-2.3164857167277737,0.815018498150185,-0.018041554418440995,-0.001719483322800082,False,0.0009870069760775201,0.7735370180474436,0.4492450084621018,0.18748125187481252,False,0.04280942764316507,6.6954168694080956,9.999000099990002e-05,0.03046874398588113,0.054937517743708086,True,0.0012621971517302627,0.9425164736054091,0.35840744235743716,0.25677432256774324,False,0.006920398605514466,1.4934485378291282,0.24337566243375663,-0.0018728959910300903,0.01580589139193929,False,0.00012366161704751178,0.12836766998875224,0.8992813843702173,0.879012098790121,False
376,376_17Networks_RH_DefaultB_AntTemp_1,0.07148017280106082,0.053444538383097956,0.09319870228788518,9.999000099990002e-05,True,0.07160228800744498,0.010632485682573497,9.999000099990002e-05,6.734294326377526,16,4.796758749964827e-06,2.1613298130032885,0.09614758857440628,0.06191773501790994,0.014204902618736788,0.06898593413804956,0.04763012871938372,0.09127633210973769,9.999000099990002e-05,True,0.06909568373789358,0.011471494096567251,9.999000099990002e-05,6.0232506032993465,16,1.77264805247103e-05,1.5913326720731524,0.09541857244678437,0.07890517392453628,0.018102088382081803,0.04490077261184003,0.03194039783252159,0.05702597034839295,9.999000099990002e-05,True,0.044930983672293257,0.006643005229271294,9.999000099990002e-05,6.763653214408499,16,4.551504245503448e-06,1.9836605510481464,0.06504165640826513,0.04046091556037545,0.009282370636358363,-0.0026053403178324546,-0.019630175962762952,0.014183973313568767,0.5969403059694031,False,-0.002605346212697878,0.008969001376367794,0.5969403059694031,-0.29048342210791095,16,0.7751777440674005,-0.0610800052306884,-0.0026053462126978777,0.0426546494692976,0.009785647710990475,-4.136458264534413e-05,-0.008421244816637554,0.5066493350664933,-0.009411612320423944,0.009548142757790264,False,0.0005394480673048583,0.748835570863411,0.46363023027358724,0.48785121487851213,False,0.004712706218588096,1.6335030757389761,0.2850714928507149,-0.000686394084554243,0.010322824405644134,False,0.0005554061305918103,0.6879802013741236,0.5002358572140456,0.43615638436156384,False,0.02647411574198801,6.000513938691043,9.999000099990002e-05,0.017751836965626534,0.03479891017927141,True,0.0006005435141328054,0.796009416283083,0.4363993854074502,0.47685231476852313,False,-0.013556314894068652,-3.699062447091461,0.9465053494650535,-0.02055275336060234,-0.006690909870473565,False,-0.0009765428050639919,-1.1590513992771174,0.26158098836987376,0.22047795220477953,False
377,377_17Networks_RH_DefaultB_PFCd_1,0.031042887590529263,0.007172992575383528,0.05631719976503019,0.006999300069993001,True,0.031052864965402202,0.013070448734982353,0.006999300069993001,2.3758071046398648,16,0.030343706765430942,0.8820905923865209,0.046575497872770835,0.06987212930444275,0.016029765821477516,0.01668795592424792,-0.006266985636745941,0.04168400495285709,0.09659034096590341,False,0.016689505314264254,0.012466158665218795,0.09659034096590341,1.3387849266533727,16,0.19935319128032847,0.45497831663762633,0.023312240353323757,0.0739974008893511,0.01697616802954464,0.08557843652657122,0.05017402323789924,0.1256315917711482,9.999000099990002e-05,True,0.08578827541736352,0.019885066631511777,9.999000099990002e-05,4.314206082740261,16,0.0005346009943525688,1.7270166991795715,0.11522176193672,0.08886576289168123,0.020387204209762384,0.028237550633741185,0.005384068303705447,0.05140646780959633,0.0011998800119988001,True,0.02824505938391863,0.012096170734104808,0.0011998800119988001,2.3350413949004944,16,0.032894073115443026,0.8849731990096213,0.02824505938391861,0.03191628787801464,0.007322098605958843,0.021482989371251784,3.4426881792051667,0.0026997300269973002,0.009671335389259903,0.03349429670387484,True,-0.0004094976810596532,-0.33761438607545985,0.739559104435439,0.7102289771022897,False,0.006397293004532273,0.9059235149807677,0.18818118188181182,-0.007761703030964216,0.01934553509501353,False,0.00016137927513299287,0.15865353184263062,0.8757083128434581,0.8814118588141185,False,0.007467419530711415,1.5530270890248348,0.24447555244475552,-0.001173683705655666,0.01669204582893086,False,0.00020705405559193535,0.17342225283636542,0.8642548725157931,0.8107189281071893,False,0.008018445540645847,1.4845321922167305,0.1376862313768623,-0.002277060275904586,0.0184897894474572,False,-0.0007039089953211656,-0.5866809670326769,0.5647041653495737,0.5168483151684832,False
378,378_17Networks_RH_DefaultB_PFCd_2,0.03443779618483286,0.018622897935544502,0.051853731055103026,0.006899310068993101,True,0.03445141985075619,0.008850903386050248,0.006899310068993101,3.892418473921484,16,0.0012942809485173834,0.8672858677608163,0.05043163411895512,0.07775442502985104,0.017838088479906852,0.027727075721286396,0.014438762904529933,0.04230215013950622,0.0435956404359564,True,0.027734184440221795,0.00730686619005746,0.0435956404359564,3.7956332740785688,16,0.00158728928680051,0.5501661594503522,0.04293720736139713,0.10232583355333148,0.023475156198554493,0.03943165850502131,0.020169592954743014,0.06161982565862608,0.0010998900109989002,True,0.039452114438259515,0.011001381659028302,0.0010998900109989002,3.586105423938554,16,0.0024706835190740264,1.1334601599031389,0.056463649343128926,0.06891713060262016,0.015810674093453454,0.014755443564797483,0.00478834308701012,0.024734506743798144,0.0927907209279072,False,0.014756514571755112,0.005267757936104277,0.0927907209279072,2.801289419663075,16,0.012807254294376173,0.3127998521167645,0.014756514571755155,0.04717558039716296,0.010822820397584827,0.0035673163385430565,0.8151103591000586,0.30816918308169183,-0.004924810965423651,0.011551118356734051,False,-0.0009332720537910823,-0.9755833619251109,0.34220084819821217,0.3414658534146585,False,0.011606447110862778,1.8217646228113702,0.060993900609939006,-0.0008947490268115129,0.023581336938126057,False,0.0007912253231990471,0.7045184138674019,0.4901257812179887,0.43545645435456454,False,0.02226382620530307,3.8336089987642428,0.0008999100089991,0.011070672652892815,0.0327718195700797,True,0.0002562736715894796,0.2901442153425933,0.7750219700118705,0.7918208179182081,False,0.01968821826169498,3.5952007796030574,0.0024997500249975004,0.009071223304277379,0.0298140661749247,True,-0.0014764685116471748,-1.3229638561779642,0.20240895282280577,0.14108589141085892,False
379,379_17Networks_RH_DefaultB_PFCd_3,0.06606075875489209,0.046456007621926164,0.0854867907741111,0.00039996000399960006,True,0.06615710807228796,0.01024186471930898,0.00039996000399960006,6.4594788044370475,16,7.884746656232608e-06,1.3927188141203237,0.09123180324759683,0.08956232637065166,0.020547006831477817,0.024197889252126157,0.006126896956176607,0.04093678779978579,0.057894210578942104,False,0.02420261383872791,0.009216877532453155,0.057894210578942104,2.6259016411478973,16,0.018348492452158513,0.5232844790813979,0.03599533133657957,0.09366860829287635,0.021489052512144412,0.10200712351685451,0.07247768192281172,0.1368093245101376,9.999000099990002e-05,True,0.10236315911971838,0.017156040875480904,9.999000099990002e-05,5.966595665204663,16,1.973069560134942e-05,1.6309779172007925,0.1302824428710828,0.10579184799404559,0.024270314445076883,0.03038387389187275,0.016281132194888973,0.04376322978878422,0.015198480151984802,True,0.03039322900042144,0.007213634347695773,0.015198480151984802,4.213303244311219,16,0.0006598851686797982,0.5439199049441253,0.030393229000421365,0.0558781333872008,0.01281932297834181,0.01094881367156872,2.677875699630713,0.0958904109589041,0.0035019569143926637,0.01886301037533565,False,0.0014089882072101522,2.3099108264719073,0.032959855629546335,0.14108589141085892,False,0.004384769178068025,0.9447075996255363,0.2516748325167483,-0.004523646982621535,0.013125737096954063,False,-0.00018227838504386766,-0.21753461820556697,0.8302385854499423,0.8488151184881512,False,0.01346801586062551,2.7670684214285948,0.0402959704029597,0.004275256760061641,0.02268076073263368,True,-0.0006660841471861416,-0.8430182397382123,0.4102811228936385,0.35896410358964104,False,0.002985224784939075,0.552281051916372,0.35926407359264073,-0.007382296695961652,0.013258885095739623,False,0.0010477795933136937,0.9573299871563246,0.3510832934658497,0.22137786221377861,False
380,380_17Networks_RH_DefaultB_PFCd_4,0.03913032200962454,0.017788569670966627,0.06198307820674339,0.0018998100189981002,True,0.039150312260953495,0.011812116055857634,0.0018998100189981002,3.314419878353535,16,0.004384064444973849,1.0727011779536175,0.05695534261695514,0.07414541669631736,0.017010125184524248,0.014680034282464489,-0.0029422830493583694,0.03371622114593646,0.11378862113788621,False,0.014681088951303989,0.009618439040230995,0.11378862113788621,1.526348390824901,16,0.14644726333788882,0.4356847059038137,0.01980238169786828,0.07023646020710388,0.016113349062883243,0.06574742491684646,0.042590435761093066,0.08962918654885137,0.00019998000199980003,True,0.0658424073765697,0.012539582865012593,0.00019998000199980003,5.2507653631988305,16,7.920851503550841e-05,1.5024933500705573,0.08661582489257826,0.0801358508094809,0.018384425022798908,-0.0036117400725447363,-0.01976238462379895,0.013844077844038991,0.6597340265973403,False,-0.0036117557773157195,0.00881767686428855,0.6597340265973403,-0.40960400714424783,16,0.6875278494923177,-0.09827390626924207,-0.0036117557773157395,0.03675193054217824,0.008431471116493734,0.015152572596074703,2.242841965361897,0.014198580141985802,0.002510310868555279,0.028202775198762672,True,0.0002296216116278232,0.19254364842184626,0.8494720730563791,0.8267173282671733,False,0.006533394170360314,1.224351500607499,0.15428457154284572,-0.004123271781101919,0.016271000407817714,False,-0.0019509947788281475,-1.963614701860858,0.0652125860311079,0.0433956604339566,True,0.01552377061443897,3.5978701555086436,0.0143985601439856,0.007331522522017357,0.02354231081657118,True,5.9144552485500235e-05,0.10295250771472107,0.9191389936257995,0.9387061293870613,False,0.009340705755867474,1.8248499871076818,0.08409159084091591,-0.0008254403104361929,0.018483129156103107,False,-0.0015709601524499294,-1.4058927621334396,0.17678343705810592,0.1227877212278772,False
381,381_17Networks_RH_DefaultB_PFCd_5,0.015999776627422076,-0.007124386191950688,0.04009517831317485,0.15498450154984503,False,0.01600114211331174,0.01244639615694018,0.15498450154984503,1.2856044361394856,16,0.216877638474064,0.35629958759212316,0.020949448250530397,0.08828166319764287,0.020253202549801,0.02698662604450797,0.015138402976766586,0.03869266337098845,0.007699230076992301,True,0.026993180163893887,0.0062258711027075395,0.007699230076992301,4.335647127701526,16,0.0005112593904034665,0.7956772436127696,0.04097136089082288,0.06541280882158816,0.015006727540339403,0.08280832008617267,0.0663394865094323,0.09901806134123833,9.999000099990002e-05,True,0.08299838090512676,0.008488284282925957,9.999000099990002e-05,9.777992599997699,16,3.7506159270542243e-08,2.1370411494714405,0.11340987215126698,0.06878022299001489,0.01577926533303515,0.014569721826857318,0.0011679133172646551,0.028603601384172835,0.050094990500949906,False,0.014570752896130587,0.00724075010698139,0.050094990500949906,2.012326441438954,16,0.06133411450322276,0.39954962966301655,0.014570752896130612,0.03646794243913999,0.008366319777424705,0.005224545993325306,0.837778605628819,0.22317768223177684,-0.006818276048820841,0.017281986470437743,False,-7.30875084598705e-05,-0.07407062043029004,0.9417711407210148,0.9273072692730727,False,0.003877606061329859,0.6779854886896949,0.2796720327967203,-0.007010257396592215,0.0146364020281496,False,-0.002598248104266438,-2.2836686180169927,0.034756837006349406,0.0047995200479952005,True,0.03535023563920198,7.789828996686562,9.999000099990002e-05,0.026429961203249083,0.04386168816139291,True,-0.0014191868239275258,-1.080156394716232,0.2943335717649659,0.14278572142785723,False,0.005597597879055512,1.2611725988887856,0.18768123187681232,-0.0027855390741929986,0.013867514334563319,False,0.001233482369984799,1.400817140711423,0.17827287038787026,0.1568843115688431,False
382,382_17Networks_RH_DefaultB_PFCv_1,0.02070750948234779,0.005968953155382116,0.03565898790882435,0.005699430056994301,True,0.02071047004398566,0.007869132037252329,0.005699430056994301,2.6318620587305768,16,0.018127142296448212,0.7647827427495589,0.03211689931902248,0.05105063570984882,0.011711819055933673,0.05151449372555003,0.02969947800402049,0.07469517040421444,0.0008999100089991,True,0.05156013516347979,0.011729208866310917,0.0008999100089991,4.3958749265325805,16,0.0004510887211946444,1.2649710851162024,0.07390752000361452,0.07768446938476141,0.017822039554250223,0.014414726206437386,-0.00043354806500706496,0.02787991220010814,0.009999000099990002,True,0.01441572471567512,0.007435150378932339,0.009999000099990002,1.9388612174573345,16,0.07036406461868035,0.880638890718093,0.020782551281322958,0.03460991504156184,0.007940059058457703,0.0013339937752547715,-0.011083260147250962,0.013454862711175852,0.42525747425257476,False,0.0013339945665537738,0.00645009681965446,0.42525747425257476,0.2068177585317606,16,0.8387612434652081,0.045119724652915104,0.0013339945665537683,0.029565662840710376,0.006782828237971168,0.011768182619679187,3.2084452724707937,0.0225977402259774,0.005045259299494054,0.01894327083816288,True,-9.859965829773013e-05,-0.1040216437132626,0.9183024469183705,0.9116088391160884,False,0.005498591402415133,1.4960421889318183,0.20517948205179481,-0.0016925758394536387,0.012453844447101202,False,0.0004556400803946798,0.4934318058555582,0.6276738420423265,0.5605439456054394,False,0.003483086095736792,0.8659618609216259,0.2390760923907609,-0.004672048671004321,0.010827559168323848,False,0.0001358563814070216,0.1916966640435277,0.8501257077898126,0.867013298670133,False,0.00025100019915750204,0.04295245324451144,0.48655134486551344,-0.011036419499686761,0.011262781871321265,False,0.0009311253230993595,1.1914812289349639,0.24893866549770302,0.31286871312868714,False
383,383_17Networks_RH_DefaultB_PFCv_2,0.010038676800204403,-0.0027517836918744165,0.024920096766711825,0.25377462253774624,False,0.01003901403658723,0.007321665370965971,0.25377462253774624,1.3711380577971906,16,0.18925833793713376,0.23214124604643965,0.013989676242550857,0.09214547343254265,0.021139621410377122,0.017336300012795448,0.0001801295031208863,0.03454709446173023,0.0331966803319668,True,0.017338037118765207,0.008998781631152163,0.0331966803319668,1.9267093957190873,16,0.07196800027140704,0.5679777570170941,0.02838614683344774,0.06291115456792468,0.014432808693844782,0.06518436428883893,0.052663596497365864,0.07711826540764785,9.999000099990002e-05,True,0.06527692319065281,0.006473061955544034,9.999000099990002e-05,10.084396478662555,16,2.4434111805452806e-08,1.9560549290730682,0.09145977927042064,0.06266132868851162,0.01437549470637938,0.010995754917408146,-0.003338292726492839,0.02527917321072704,0.037196280371962806,True,0.010996198102768893,0.007520643027575789,0.037196280371962806,1.46213536029424,16,0.1630679366081964,0.43220792113936496,0.010996198102768914,0.025441917107352555,0.005836776084257286,-0.0052109193567964045,-0.9041444213451204,0.8033196680331967,-0.01595324922102144,0.005493184845173098,False,-0.0009290821064591531,-1.1270462775807697,0.27452385776912885,0.2695730426957304,False,-0.0018015841654052832,-0.3744064413536387,0.6205379462053795,-0.01109426150849699,0.00702179684282205,False,-0.0005376412986754667,-0.5635067151368012,0.5800429576360032,0.523947605239476,False,0.013532347937239593,3.9159526014859636,0.020497950204979503,0.006606644754405167,0.019647085080521483,True,0.0004791980970606081,0.7871786108573393,0.4414196455002311,0.5400459954004599,False,0.006974934823352123,1.6881870629023805,0.1161883811618838,-0.0009307058437428152,0.014970499786249706,False,-0.0009335501229970304,-1.2286735168253917,0.23501667462930725,0.300969903009699,False
384,384_17Networks_RH_DefaultB_PFCv_3,0.0847362055193306,0.0609706250672072,0.10830455381322554,0.0012998700129987,True,0.08493989207823374,0.012599143859760475,0.0012998700129987,6.741719359957254,16,4.733458551881097e-06,1.1482535764955215,0.11711958444216904,0.13156404173456343,0.030182861185512083,0.0679643130886175,0.037850707706401684,0.09646702617122536,0.0012998700129987,True,0.0680692498104265,0.015507150426202267,0.0012998700129987,4.389539531093385,16,0.0004570632228456677,1.1773383119725989,0.09182048317654755,0.10792086730628134,0.024758744973018047,0.06710108966242428,0.054080474983494164,0.07995476166656439,9.999000099990002e-05,True,0.06720207141860281,0.006843960454467772,9.999000099990002e-05,9.81917880234579,16,3.538661035093091e-08,1.869923517527088,0.08936978129028463,0.06424555911723741,0.014738942092805579,0.0065691239827253695,-0.013736334703550984,0.027491945592013022,0.36596340365963403,False,0.006569218478494913,0.010857500273052793,0.36596340365963403,0.6050396788659583,16,0.5536377655407044,0.10230629773026863,0.0065692184784948955,0.0642112814581045,0.014731078258480237,0.00329251748531929,0.825449077070434,0.35436456354364565,-0.004352955594732029,0.010448875505114034,False,-0.0013238935916054433,-1.1568098208581865,0.2624723341950213,0.11178882111788821,False,-2.902812840785345e-06,-0.0007246248126545493,0.5030496950304969,-0.007840006823631103,0.0075659233944526914,False,-0.0017364307458268744,-1.8631204095109273,0.07884613017863093,0.015898410158984102,True,0.03462963817930178,6.536918727510078,9.999000099990002e-05,0.024205606323459677,0.04414270211223756,True,0.0003260668787257911,0.3290923349501069,0.7458841196429423,0.7047295270472953,False,-0.0026926600678547703,-0.8291024495506194,0.6133386661333866,-0.009158091062370035,0.003290853451141854,False,-0.001395915827767524,-1.5473040786516303,0.13919149689934351,0.0633936606339366,False
385,385_17Networks_RH_DefaultC_IPL_1,0.12015145964815409,0.0940615410476059,0.14944041031980537,9.999000099990002e-05,True,0.12073470377615958,0.01463561176251058,9.999000099990002e-05,8.249378689138503,16,3.7153493914998636e-07,2.004931571185907,0.15970745849550852,0.10324958638555402,0.023687079632473837,0.05080998710990273,0.031733391190265456,0.06983073633932434,0.0023997600239976003,True,0.05085377957970295,0.010054045378936038,0.0023997600239976003,5.058041580580625,16,0.00011643294830665008,1.027846075960468,0.0741740510097143,0.09413524138782124,0.021596105486069488,0.10518458144959075,0.08309691928871024,0.12931694744566952,0.00029997000299970003,True,0.10557509064450316,0.012209895764987114,0.00029997000299970003,8.646682385876582,16,1.9942630007992312e-07,1.8338854004429308,0.13656383000962205,0.09600354930725584,0.022024724718502756,-0.002739193538626762,-0.032859712612708224,0.025209494178925464,0.597940205979402,False,-0.0027392003895461304,0.015520703188982729,0.597940205979402,-0.17648687409282693,16,0.8621260434631187,-0.05850750967437252,-0.002739200389546119,0.04681792824188448,0.010740769365911226,0.011930137970870123,4.599602114210123,0.11238876112388761,0.007021626249679652,0.016961855064279475,False,-0.003368222881110102,-2.800118433359448,0.011833720192899744,0.00019998000199980003,True,0.012311057666202736,2.7282931644667814,0.047795220477952205,0.0037543414135639782,0.020764195422767938,True,0.00012998027138902044,0.1326634394556635,0.8959313496952523,0.9067093290670933,False,0.0443871491019005,6.0742159536747735,9.999000099990002e-05,0.030461858850782845,0.05808315853725476,True,-0.0005252122166280487,-0.519624264547188,0.6096567447388896,0.6040395960403959,False,0.008899197372753694,1.8054097206792667,0.17318268173182683,-0.0006503291691054017,0.017854425384146128,False,0.0030950088697113834,2.264163518088648,0.036150789987255495,0.0016998300169983002,False
386,386_17Networks_RH_DefaultC_IPL_2,0.0750583515233236,0.05083715820058317,0.10060662617669582,9.999000099990002e-05,True,0.07519978339036734,0.012990607820716817,9.999000099990002e-05,5.78878097377724,16,2.769272138547648e-05,1.5520437417059496,0.10508427631702215,0.08551876908951755,0.01961935117037878,0.03832314547004204,0.016870697338382347,0.06178270850089406,0.0064993500649935,True,0.038341923287845775,0.011863367351079694,0.0064993500649935,3.2319595400842274,16,0.005215239701839564,0.821444020691796,0.05855872674723264,0.08969736522834397,0.02057798687011634,0.0650867422820454,0.040121804556093835,0.09110723140490765,9.999000099990002e-05,True,0.06517888524403669,0.013295783053997447,9.999000099990002e-05,4.9022223797823115,16,0.00015948188900248087,1.8190046817912895,0.08941315730018198,0.06550245641753262,0.015027294109352734,0.008332517211801055,-0.014778979967125582,0.03142018604914884,0.21887811218878112,False,0.008332710064400081,0.012163015492311743,0.21887811218878112,0.6850858711531853,16,0.5030948094267534,0.18506674068420798,0.00833271006440007,0.04502543262821469,0.01032954266924141,0.024904319200953328,3.189478455659673,0.0022997700229977,0.010011967046563016,0.040214599740152915,True,-0.003539150982325984,-2.1979323578420265,0.04127828836466139,0.004199580041995801,True,0.009051199720854863,1.8591726679777438,0.13488651134886512,0.0001548393826297584,0.018697342980751763,False,0.000804018103521586,1.028720691676393,0.31723704844339934,0.517948205179482,False,0.04364798708705995,6.298407475978141,9.999000099990002e-05,0.030281684636021794,0.05645321223124161,True,0.0016533692848323706,1.1160196726180334,0.2790912842231891,0.15758424157584242,False,0.009224153561175164,1.32646570810902,0.1471852814718528,-0.0038548341524715824,0.022104733291045564,False,0.0008064246802768001,0.6068330961250678,0.5515398490058001,0.49775022497750226,False
387,387_17Networks_RH_DefaultC_Rsp_1,0.0051179102227573575,-0.007598139287258208,0.01770620940764282,0.2886711328867113,False,0.00511795490794239,0.006612063626093175,0.2886711328867113,0.7740329188221075,16,0.4501979869827477,0.2261051534041159,0.006522305770558153,0.05083823044057866,0.011663089945206085,0.006825888386204296,-0.010356585007391901,0.023722176498499347,0.28977102289771023,False,0.006825994401476885,0.008909631775463629,0.28977102289771023,0.7661365333049002,16,0.4547503604996116,0.256604627560323,0.00828445314168053,0.06192897687806404,0.014207481678334112,0.03821799469959264,0.013167355776822588,0.06504273083328241,0.0052994700529947,True,0.03823661828374249,0.013708436318431324,0.0052994700529947,2.78927642770842,16,0.013128491185668317,0.938092123508004,0.052988108083050475,0.0813858423485045,0.018671192749056004,0.004405129552065646,-0.012084801088271108,0.020809852212775287,0.23567643235676433,False,0.004405158046488024,0.008528797917120747,0.23567643235676433,0.5165039773829191,16,0.6125674480323069,0.16866088116807665,0.004405158046488,0.0261184337232184,0.0059919796401617775,0.002358397764012093,0.4228914262066655,0.34926507349265073,-0.008399294914060069,0.013119085901156978,False,-0.0002442537004861234,-0.29957677081607725,0.7679317635335587,0.8083191680831917,False,0.0035333698014766214,0.5291393389964456,0.2950704929507049,-0.008681599386040045,0.016122062638701695,False,0.0008972964676632313,0.7237569946450949,0.4785163518028946,0.42215778422157785,False,0.017519022150175746,2.221649052593936,0.0081991800819918,0.002621177155903703,0.03253709667550666,True,0.0009580888322989529,0.8687399119250665,0.39642533636757926,0.3965603439656034,False,0.008099640149973114,1.3356956519435303,0.12008799120087991,-0.003714780103669619,0.019495556558148965,False,-0.0018570958770487832,-2.0075816716647714,0.05994060597392722,0.0724927507249275,False
388,388_17Networks_RH_DefaultC_Rsp_2,0.035427375925157024,0.0224530137058802,0.04884573534355695,9.999000099990002e-05,True,0.035442208717685234,0.007041292324712787,9.999000099990002e-05,5.033480657136459,16,0.00012233017889558414,1.1905889441335051,0.05333760025630262,0.05774561608368694,0.013247752891646753,0.015166837314679724,0.0025647739925949847,0.028864897324179174,0.010998900109989001,True,0.01516800043268133,0.006832350260914654,0.010998900109989001,2.2200267628918033,16,0.041211974969102595,0.9075173745473277,0.02049293681567419,0.036438964941728255,0.008359671883590259,0.11932406964459302,0.09749968875865306,0.14356329805900275,9.999000099990002e-05,True,0.11989527877463682,0.012153513647704846,9.999000099990002e-05,9.865071307775976,16,3.317262457510613e-08,3.083261184085305,0.15782091286730604,0.06708731629656672,0.015390885901583351,0.047681245145662216,0.027022204252324992,0.07126869680171673,9.999000099990002e-05,True,0.04771742897192748,0.011916875207968547,9.999000099990002e-05,4.004189700670852,16,0.001022974717512105,1.5247851271683819,0.04771742897192739,0.031294526764267194,0.007179456823756294,0.008957263639472357,2.8126652885354604,0.0688931106889311,0.003116346022315246,0.015208673809128607,False,-0.0002575944715184936,-0.34457045452603907,0.734410460953278,0.7611238876112388,False,-0.0023192400842733225,-0.46289901384021703,0.6559344065593441,-0.011965793922209254,0.007179324015551554,False,-0.0007659589749462659,-0.9725770403100545,0.34365296733454903,0.36946305369463056,False,0.05579341953877813,10.177835351613659,9.999000099990002e-05,0.04588201236958058,0.06678534819889316,True,-0.0002663872172412331,-0.29380721806291066,0.7722661285569272,0.788021197880212,False,0.017820023282716622,2.6923740105385,0.0029997000299970002,0.005376495833551941,0.03068065270579286,True,0.0015384879224518136,1.8541317066005927,0.08018050297665655,0.07529247075292471,False
389,389_17Networks_RH_DefaultC_PHC_1,-0.00034305842708786364,-0.014058434231322598,0.011623172208900306,0.47965203479652035,False,-0.000343058440545942,0.006813905521128083,0.47965203479652035,-0.050346814977432694,16,0.9604691901912561,-0.018200473813170092,0.0003624534916159294,0.0418041446864558,0.009590528532074403,0.008510242499784243,-0.0023497498475352346,0.018199941852207975,0.13408659134086592,False,0.008510447957958432,0.005457703542237109,0.13408659134086592,1.5593459578916613,16,0.1384732971878049,0.3366221086252718,0.014908246717481343,0.05558682083215436,0.012752491294740122,0.009364866851405421,0.0014161153138260042,0.018151615583022234,0.11888811118888111,False,0.009365140634368791,0.004415635102400345,0.11888811118888111,2.1209045623534166,16,0.04990435773966863,0.3865193081740106,0.014473970034023884,0.051300814528277866,0.011769214013162442,0.0052387661243570695,-0.005150935350740201,0.01680486471313951,0.20407959204079593,False,0.005238814050549643,0.005921223958640249,0.20407959204079593,0.8847518835873732,16,0.3893930422426816,0.19808304640909494,0.005238814050549654,0.02644756401681181,0.006067487308005543,-0.005070353122719828,-1.1189484849013622,0.8308169183081692,-0.013735257653219066,0.003556422943559605,False,-8.671433893258063e-06,-0.00847305708997734,0.9933327623968882,0.9906009399060094,False,0.0068516829796282114,1.3282963573582407,0.07179282071792821,-0.0029479607641074205,0.016712097475430614,False,0.0011171675044967817,1.2513476877107474,0.226827213621684,0.1464853514648535,False,0.004997794330451929,0.9299759237214663,0.1568843115688431,-0.005001171533385998,0.015271348949036473,False,-0.0012348081930525195,-1.3103886487673264,0.2065399026468152,0.15458454154584542,False,0.0026293025167923854,0.47004184046451036,0.31086891310868914,-0.0077227790573312,0.013897860464231996,False,0.0012630469544108965,1.1923601296343258,0.2486025961707924,0.1620837916208379,False
390,390_17Networks_RH_DefaultC_PHC_2,0.00408193844501286,-0.005922380948256135,0.013291695453778096,0.29647035296470353,False,0.004081961116626981,0.0051025676290078655,0.29647035296470353,0.7999817765121263,16,0.4354386452819192,0.19867464695044262,0.005512255910366505,0.042499096869347656,0.009749961497117486,0.010762317108774696,0.001527770409158457,0.020402816756314116,0.0035996400359964,True,0.010762732661640274,0.005008093218827479,0.0035996400359964,2.1490679568780275,16,0.047276908123263295,0.7983987147889899,0.018433273426660512,0.027023963847064767,0.006199722498065893,0.030581591297980427,0.01441912774270315,0.04748396648606786,0.00019998000199980003,True,0.03059113029646411,0.00869339486046529,0.00019998000199980003,3.5188934573284536,16,0.002847611912930395,1.5322555751028446,0.044308345799287725,0.040103777993879285,0.009200437659447901,0.006073282646135003,-0.0014450362004218415,0.014196633863489594,0.0730926907309269,False,0.006073357318316092,0.004159908221551808,0.0730926907309269,1.459973873185715,16,0.16365353107784472,0.3542803445028761,0.006073357318316075,0.017142800645173213,0.003932828190609152,-0.002525776665545093,-0.601995551473651,0.7198280171982802,-0.00999975703928548,0.005610066981160584,False,-0.0005350046439021483,-0.7948518105202639,0.4370554378448099,0.5083491650834917,False,0.006946975249255531,2.2594519341667043,0.049295070492950704,0.0009788201816305624,0.012846228695779794,True,-4.0273373722199026e-05,-0.043307166034033825,0.9659334795068081,0.9594040595940406,False,0.02481578452686892,5.600497296500968,9.999000099990002e-05,0.016329159837716847,0.03312314497335924,True,-0.0025573519967122204,-4.287893397359558,0.00044282638070162805,0.0017998200179982,True,0.003366075259881135,0.8155277089290192,0.23227677232276772,-0.004588147137247543,0.011254783891102495,False,0.0002787683260947348,0.3277898071562359,0.7468525006281523,0.7289271072892711,False
391,391_17Networks_RH_TempPar_1,0.12720421898924586,0.10389005084474329,0.15262344442297152,9.999000099990002e-05,True,0.12789705140960242,0.012978896482577561,9.999000099990002e-05,9.854231565933757,16,3.3682064137459766e-08,2.108817084713364,0.16780958438098542,0.10078024106940853,0.023120572964590483,0.09885472566342672,0.08326255129998815,0.11381107343562552,9.999000099990002e-05,True,0.099178638264015,0.008089023791125978,9.999000099990002e-05,12.260890909088243,16,1.5056796697406054e-09,1.6237951960168528,0.13805438119852492,0.10895069734342541,0.024995004186751404,0.0808135428403081,0.06518897229142592,0.09632051558659617,9.999000099990002e-05,True,0.08099016190840605,0.007966791352029493,9.999000099990002e-05,10.16597000344113,16,2.183523328126921e-08,2.563197502658408,0.11269483320356538,0.058180899710854744,0.013347613804415294,-0.0066163227718226865,-0.0336887362774008,0.022688287847888754,0.8201179882011799,False,-0.006616419319138404,0.014792506682745262,0.8201179882011799,-0.44728182052174664,16,0.6606674360713952,-0.21475455010220315,-0.006616419319138422,0.03080921599095155,0.007068118896540796,0.00923982796209386,3.0073729930318707,0.136986301369863,0.0032593622979233444,0.015010217033043302,False,-1.5684689128079346e-05,-0.014396072371878038,0.9886723591171892,0.9824017598240176,False,0.0012992792073655782,0.48319837695803386,0.43585641435856415,-0.0037996481722652417,0.006488642934869033,False,0.0011609963264047236,1.6821069204153614,0.10981461609877828,0.06879312068793121,False,0.03839876985373526,7.337499816787768,9.999000099990002e-05,0.02849920352880987,0.04839392066545558,True,0.0007988353451203802,0.8654682531647003,0.3981705340230162,0.40105989401059894,False,0.007827147442622598,1.8155536146208116,0.20287971202879712,-0.000671825135581573,0.015905918764032634,False,-0.0007781769111456561,-0.7236033917803026,0.4786083931529561,0.3568643135686431,False
392,392_17Networks_RH_TempPar_2,0.25559734452253635,0.24186056234410583,0.2840976863102821,9.999000099990002e-05,True,0.2613923090121957,0.011033863891596368,9.999000099990002e-05,23.690006654085863,16,6.930551011975635e-14,3.102722644737404,0.31382126212580547,0.12251485562886566,0.02810683551414214,0.23234427996448553,0.20983468112865913,0.26391376338813877,9.999000099990002e-05,True,0.23666610082120126,0.014046383901885383,9.999000099990002e-05,16.848898796610182,16,1.3212090774505414e-11,2.359550897480183,0.2893261001071639,0.14829688528861665,0.0340216387692065,0.09889539345302024,0.08422768513836154,0.11401611210040823,9.999000099990002e-05,True,0.09921970755842933,0.007916764125404745,9.999000099990002e-05,12.532861404830188,16,1.0936234019993723e-09,2.6059466219806815,0.13337645016347374,0.06839968131037377,0.015691963084331944,-0.055309386264228794,-0.07918841923419914,-0.031758468462301376,0.9925007499250075,False,-0.055365889512198556,0.012365701167790273,0.9925007499250075,-4.477375666849657,16,0.00038096021496028954,-0.635545026815754,-0.055365889512198486,0.08711560499434014,0.019985690451354517,0.0014435247341236172,0.5432867380027996,0.4430556944305569,-0.003402117514210321,0.006693426678939244,False,0.0007273321153621923,0.8017041138394507,0.4331809925523169,0.22867713228677133,False,0.0003830524893629982,0.13249753716625204,0.48695130486951305,-0.004871903802314633,0.00622983893175872,False,0.0012429651218274485,1.1721908533939869,0.25640180968243576,0.0673932606739326,False,0.05752533163898287,13.072939849665238,9.999000099990002e-05,0.049221967142628165,0.06591271619135301,True,0.00021726331268867355,0.28418024547391296,0.7795155041839281,0.7873212678732127,False,0.0038032744222068183,1.598234008104783,0.3468653134686531,-0.0006361720094786805,0.008384540713009541,False,0.0005991173322294847,0.5094711764275757,0.6166112192587204,0.3765623437656234,False
393,393_17Networks_RH_TempPar_3,0.14811093638357575,0.12326248201192858,0.17576877608096275,9.999000099990002e-05,True,0.1492084476812493,0.014126970247930592,9.999000099990002e-05,10.561956673130695,16,1.2769769584677709e-08,3.5389428985569875,0.19572393671280186,0.06790010601320963,0.01557735265090943,0.1976048102819841,0.1804131958240681,0.22119768881883003,9.999000099990002e-05,True,0.2002388039684976,0.010753378637673677,9.999000099990002e-05,18.621013052304843,16,2.8705366159030498e-12,2.7422470135911574,0.2507570482444718,0.1116194096887499,0.025607248787943446,0.07242577015085491,0.0545393210252774,0.09078101130750099,9.999000099990002e-05,True,0.07255280648240245,0.009462336266752388,9.999000099990002e-05,7.66753626557637,16,9.575638402373213e-07,2.5036232107062455,0.09822014089921564,0.04667319187493834,0.01070756456607052,-0.014374983473145824,-0.03841858551515611,0.008259437803382971,0.8126187381261873,False,-0.014375973745506417,0.012068038801445307,0.8126187381261873,-1.1912435800077725,16,0.2509301813517105,-0.20929144717026804,-0.014375973745506412,0.0686887779690821,0.015758286406449044,0.004767056426734538,1.2418579958651434,0.3144685531446855,-0.0021602442104276093,0.012554791822824936,False,-0.00044509851671558476,-0.6029229523489545,0.5540812995911084,0.5772422757724227,False,0.008480966077484903,2.5339630256794705,0.1698830116988301,0.0023557922050536557,0.015110060933420244,False,0.0009678677005197983,1.1120597651957358,0.28074516622668017,0.2111788821117888,False,0.03851788338397621,8.693577809850243,9.999000099990002e-05,0.03004343676693614,0.047122117966678166,True,-0.0019888024245391547,-2.155238197563747,0.044929202031267976,0.056694330566943306,False,0.005634407434966213,1.187580273987829,0.27917208279172084,-0.0035208703555156635,0.014602933277055316,False,-0.0020168444489577723,-2.0092965371402256,0.05974296555424264,0.015598440155984402,True
394,394_17Networks_RH_TempPar_4,0.16735594195002595,0.14408332295543963,0.1945480700570863,0.00029997000299970003,True,0.16894517107502507,0.013154964970188334,0.00029997000299970003,12.84269258473034,16,7.650222608975187e-10,1.3890377468145478,0.2124065295774196,0.19742901349706074,0.045293322018769226,0.13296116986330447,0.11303635472194153,0.15488975473903707,9.999000099990002e-05,True,0.13375311295978007,0.010792836627663529,9.999000099990002e-05,12.392767311695648,16,1.2885018893987633e-09,1.5717560967317465,0.17383027848650592,0.14547719402024922,0.03337475722758557,0.18694098768974754,0.16479346024132335,0.2141645899978951,9.999000099990002e-05,True,0.18916549254142848,0.012994553916849963,9.999000099990002e-05,14.557290211873966,16,1.1964107239564908e-10,1.8674581979736273,0.23388422794986188,0.15720720080789835,0.036065805343080765,-0.10526560703327814,-0.12253449535336254,-0.08847990928625785,1.0,False,-0.10565702341411858,0.009053574300288685,1.0,-11.670200067916774,16,3.077606536765935e-09,-1.618063083688101,-0.10565702341411905,0.06529845744536189,0.014980493535443345,-0.0005171078899016815,-0.17397633277959437,0.5174482551744826,-0.006169234902045994,0.005147792050382956,False,0.0003644636128147947,0.3882028620604508,0.7024189279560541,0.595040495950405,False,0.0024496288556966395,0.6049435764506055,0.37816218378162186,-0.005172030890633848,0.010003369064366108,False,0.0012152820743972,1.3799295480727218,0.18450917568385328,0.09579042095790422,False,0.046101087324185296,6.714698080787994,9.999000099990002e-05,0.03260678347779735,0.05858504557730639,True,-0.002004867512224864,-2.4949896509220397,0.02254149430668043,0.0051994800519948,True,0.013009910026500707,4.994247347008244,0.0476952304769523,0.00795957130411625,0.017901399610497498,True,0.0021940471568852836,2.238621284470385,0.03805433140104356,0.0024997500249975004,False
395,395_17Networks_RH_TempPar_5,0.21171965463866127,0.18516061602326364,0.2453428496379493,0.00019998000199980003,True,0.21497101850354838,0.01568182131951503,0.00019998000199980003,13.708294089286085,16,2.92506673132241e-10,1.603638092439684,0.2672652533665651,0.2078165916539086,0.047676395884760296,0.16576968057748398,0.14221690712809415,0.1918249208659259,9.999000099990002e-05,True,0.16731364563348736,0.013108341621789532,9.999000099990002e-05,12.76390640867704,16,8.372218017970388e-10,2.66371764197735,0.21345879690266625,0.10048016633155711,0.023051731098390284,0.07581680795812083,0.05428794239753305,0.098041959584965,0.00019998000199980003,True,0.07596258081182654,0.011510349373031574,0.00019998000199980003,6.599502617166834,16,6.112960215826019e-06,1.5690992443947291,0.10370392323794739,0.08633620966766556,0.01980688490051018,-0.051874803924034506,-0.07374901419460046,-0.03048322995133427,0.9987001299870013,False,-0.05192141081610618,0.01141141854034457,0.9987001299870013,-4.54995236854562,16,0.0003279003573749915,-0.7897436695976905,-0.05192141081610613,0.06574463691814823,0.015082854126630603,0.0031633395053036295,1.2900771739074974,0.38266173382661733,-0.001480534557096126,0.00781247063688326,False,-0.00097731531354227,-0.9012458507467586,0.37935875124739943,0.132986701329867,False,0.0035216292468456525,1.1454533386970729,0.35356464353564643,-0.0024844884180953803,0.009072678646261635,False,0.0009065723267461648,1.3937850812025125,0.18035313816601234,0.1601839816018398,False,0.028809909217393227,5.88431599048255,9.999000099990002e-05,0.02009319029173927,0.03830615703844479,True,-0.00034178245850044584,-0.37001214849155056,0.7156911561425608,0.66003399660034,False,0.0006017589065190866,0.20233823428191242,0.47725227477252274,-0.005024471280789492,0.0063681289884999475,False,-0.0007363272440676899,-0.7942372451698467,0.43740398209292264,0.2646735326467353,False
396,396_17Networks_RH_TempPar_6,0.15432077084314233,0.13453830248884083,0.17778890972521297,9.999000099990002e-05,True,0.15556362341274382,0.011352901223148628,9.999000099990002e-05,13.702543548564377,16,2.943303800727681e-10,1.5429613392758992,0.20198714603391948,0.1640407831658464,0.03763353665469434,0.13485322997441104,0.11455138572400733,0.1566940137645125,9.999000099990002e-05,True,0.13567971994368352,0.011081829165690647,9.999000099990002e-05,12.243440853947474,16,1.5371931604912915e-09,1.4664053571277234,0.17980717725780257,0.1563179348034371,0.035861793730061146,0.07475649494131877,0.04759708912708992,0.10418610576648914,9.999000099990002e-05,True,0.07489622349437802,0.01482382049790653,9.999000099990002e-05,5.052423800258181,16,0.00011775550480231468,2.0754343050614152,0.10115259338019324,0.06810780423937873,0.015625001891889628,-0.006951694701006304,-0.03151670676000157,0.016529276848204273,0.6926307369263074,False,-0.0069518066869233485,0.012440682877884848,0.6926307369263074,-0.5587962296893858,16,0.5840376327551604,-0.11352735402827158,-0.0069518066869233225,0.06123464028935398,0.01404818994028201,0.0029252363347819065,0.9110215251925142,0.3628637136286371,-0.003328044998398027,0.008770348178210312,False,0.0002917323924318527,0.29390204501931877,0.7721948271782556,0.6863313668633136,False,0.0037946695013939694,0.9478170523478427,0.33796620337966204,-0.004103283821889947,0.011403174927342323,False,0.00077997948777127,0.6192314996855625,0.5435226464897892,0.34696530346965304,False,0.04220130826699817,6.538843285702451,9.999000099990002e-05,0.030039189771302693,0.05467986561923925,True,-0.004253153246075857,-3.506423004335193,0.0025205210510389946,9.999000099990002e-05,True,0.0057869013015397685,1.2101867753880173,0.2702729727027297,-0.003500040677952598,0.014802361107528904,False,-0.0010182058776031656,-0.973212825606913,0.34334551359962984,0.1660833916608339,False
397,397_17Networks_RH_TempPar_7,0.16092909445624676,0.13611807767013645,0.18618744286741562,0.00019998000199980003,True,0.16234034607286477,0.013207912046072282,0.00019998000199980003,12.291143786132409,16,1.452651512468248e-09,1.5593205164831798,0.20675298673658302,0.16802934015983617,0.03854857438455507,0.1179771096283901,0.10096015714023705,0.13682750169723354,9.999000099990002e-05,True,0.11852908531996413,0.009420616168719073,9.999000099990002e-05,12.581882458340361,16,1.0330062460126133e-09,1.7106669518266053,0.15661945549573664,0.11854352249601935,0.027195749209025726,0.07027603852240627,0.05122087564243993,0.09206406237017732,9.999000099990002e-05,True,0.07039207381949854,0.01062991294510137,9.999000099990002e-05,6.622074346520178,16,5.868707569683981e-06,1.692182236786601,0.0948599715383958,0.07622774736205293,0.01748784460236515,-0.045084180474721874,-0.06835813472010463,-0.02443733095543056,0.9965003499650035,False,-0.0451147635655493,0.01139643903867553,0.9965003499650035,-3.958671951163478,16,0.0011257504527084521,-0.7146453933576653,-0.04511476356554927,0.06312888039980737,0.014482758425348729,0.004369094942056607,1.3568712144370167,0.3126687331266873,-0.0015457748331157253,0.01070824040726914,False,-0.0017243647540282551,-1.3712152043158108,0.18716225021678357,0.022797720227977204,True,0.006999546896945118,2.130821102063026,0.18538146185381463,0.00027881393777499973,0.01287742669106561,False,-0.0007253186576643315,-0.7668240882701041,0.4531269808105255,0.3026697330266973,False,0.030505398496818683,6.813914220813515,9.999000099990002e-05,0.02266164184679902,0.039490898121258326,True,-0.0010010360193222238,-1.0211782785259622,0.3206995926096973,0.24697530246975302,False,0.0021214660752207175,0.6669054374127794,0.39666033396660333,-0.0037458254835353684,0.008383861786829613,False,-0.003679326588283144,-3.180982056647974,0.005174260562655939,9.999000099990002e-05,True
398,398_17Networks_RH_TempPar_8,0.29712741550047583,0.28615336159790455,0.3271056218992121,9.999000099990002e-05,True,0.3063658940566056,0.010859154166124256,9.999000099990002e-05,28.212684834361347,16,4.504412885645925e-15,2.0042524839504474,0.36332002036080296,0.21594439646149016,0.049541042189448305,0.19462265096091072,0.1716855600024096,0.22223003505871589,9.999000099990002e-05,True,0.19713735854372486,0.013234794293387055,9.999000099990002e-05,14.895385162293543,16,8.485943903077815e-11,1.7671193986279836,0.24905491323961593,0.17586545778561877,0.04034630306037003,0.13370520526421786,0.10663092491925913,0.16235825088822958,9.999000099990002e-05,True,0.13451061507295756,0.015079261826651919,9.999000099990002e-05,8.920238710572427,16,1.3137429370578557e-07,1.5190469135704254,0.17540756136764193,0.15048723636636624,0.0345241397691426,-0.132578547046446,-0.16349044652965306,-0.10372660892141787,1.0,False,-0.13336362429580348,0.015601486205170781,1.0,-8.548135898207118,16,2.322897963019423e-07,-1.329532996473994,-0.133363624295803,0.10030862314022473,0.02301237639126027,0.007311307073479314,2.435224186725317,0.24897510248975102,0.0014537803315435424,0.012752639858724255,False,-0.0002629554819385918,-0.2034706098331317,0.8410497545437748,0.7144285571442855,False,0.0012471174869160945,0.5947144929628748,0.45285471452854714,-0.0027318751432239565,0.00529977667226281,False,0.001995155255931927,1.4814765235630587,0.1557737033702831,0.017998200179982,False,0.034923297776215084,6.608326844181754,9.999000099990002e-05,0.024608950676620528,0.04466225525228695,True,-0.00047404190885041953,-0.33391169883482463,0.7423048997331465,0.6231376862313769,False,-0.0023125602067853397,-0.969396107839724,0.5852414758524147,-0.006637920844967908,0.002450942358451957,False,-0.0026422820865119882,-3.2925500762664357,0.00404731022423202,0.00019998000199980003,True
399,399_17Networks_RH_TempPar_9,0.05855349940742248,0.038012088972208855,0.08147380025942155,0.011498850114988501,True,0.05862055453199361,0.011537033444132483,0.011498850114988501,5.081076935059673,16,0.0001111676782015461,0.7977288072398695,0.0786567838523808,0.13776731799762199,0.0316059903618035,0.06915825629222198,0.047925767027730916,0.08997907259042154,0.0004999500049995,True,0.06926883197483474,0.010995091462972766,0.0004999500049995,6.29997778627904,16,1.0571133043675609e-05,1.195701010906886,0.09881316509952268,0.10456480836665405,0.023988812248470593,0.04140960742006403,0.02195027460715401,0.06180948271334311,0.00019998000199980003,True,0.04143330092053816,0.010403141951245346,0.00019998000199980003,3.982768005542618,16,0.0010701064249949523,1.6135128807276047,0.05516302511145931,0.04694419034919821,0.01076973587992065,0.007953080922842169,-0.005353265378569542,0.020021923712793308,0.19208079192080793,False,0.007953248610628613,0.006653074314658354,0.19208079192080793,1.1954245863608732,16,0.24933909836282728,0.20031594429180546,0.007953248610628618,0.03970352254657727,0.009108612762269418,-0.007343472630769191,-1.5227171690099457,0.8085191480851914,-0.016329705521350258,0.0018830330299003067,False,0.00037589468476176817,0.45720595890712823,0.6529929635827634,0.6635336466353364,False,-0.004512980326576464,-1.0007339100853694,0.6897310268973103,-0.012948158828378464,0.0041026739711052685,False,-0.0010830598794732964,-1.4575020075064813,0.16220391439508186,0.22177782221777823,False,0.019150730555059278,3.2141893395736254,0.0017998200179982,0.007956212609670327,0.030649813670948815,True,-0.0013924785866454592,-1.4679996811262184,0.15936204392880915,0.15478452154784522,False,0.0018246305539569338,0.4648321299990103,0.404959504049595,-0.005627100679605697,0.00933655876080301,False,-0.00039315182432315157,-0.37094391940694194,0.7150090065203631,0.6476352364763523,False
400,400_17Networks_RH_TempPar_10,0.10692732609365167,0.08096704842167865,0.1355238410040084,9.999000099990002e-05,True,0.10733766090792204,0.014605964638932557,9.999000099990002e-05,7.348892288963296,16,1.6383522050594084e-06,1.5074814752437393,0.1441956955941907,0.12209365283327589,0.02801020496568358,0.09479383076029184,0.0751014795807936,0.1160320679474453,0.0007999200079992001,True,0.09507930652154348,0.010808325664091503,0.0007999200079992001,8.796858040410964,16,1.5841439219570622e-07,1.2655010997211094,0.13149313545127378,0.13921490432420597,0.03193808944125775,0.06134519237788318,0.04144735969659674,0.08146566426047559,0.0006999300069993001,True,0.06142231867595266,0.01052408170755246,0.0006999300069993001,5.836358970101286,16,2.5280919051938948e-05,1.3333106969474664,0.0881414491077503,0.08356477164768214,0.019171073413278908,-0.012658417596120387,-0.029554508863532763,0.004549314806429967,0.8232176782321767,False,-0.012659093770572852,0.008738395874591836,0.8232176782321767,-1.4486747856527096,16,0.1667430191549265,-0.22068120150232182,-0.012659093770572926,0.05736371600478016,0.013160139004779128,0.004904179644526439,1.2338166051940889,0.31056894310568944,-0.002618645211815669,0.01269399253919622,False,0.001047309210807795,1.0153287986276516,0.3234033405344954,0.23207679232076792,False,-0.005338407542362977,-1.1119428035869756,0.7136286371362863,-0.01454583259694554,0.0038192569451121184,False,-0.0010708699111558714,-1.1733063698438806,0.2559656881147806,0.18498150184981502,False,0.04574558758167662,5.430040381941755,9.999000099990002e-05,0.029578340954439647,0.061631585556584094,True,-0.0025300608188891177,-2.2727358986564674,0.03553190742504531,0.0150984901509849,True,-0.006865587255055568,-1.7293747014916605,0.7565243475652434,-0.01428638074923124,0.0005006920769793375,False,0.0025141680632147665,2.239642163980471,0.03797650957349982,0.0051994800519948,False
